d_interface,d_interface_regular,Concentration,Concentration_M,FractionBCC_c,FractionFCC_c,FractionCEM_c,vtkValidPointMask,arc_length,Points:0,Points:1,Points:2,vtkOriginalIndices,__vtkIsSelected__
0,0.00125433,0.10557,0.10557,1,0,0,1,0,0,0,0,0,0
0,0.00125433,0.105545,0.105545,1,0,0,1,8e-006,0,0,8e-006,1,0
3.86832e-036,0.00125432,0.10552,0.10552,1,0,0,1,1.6e-005,0,0,1.6e-005,2,0
3.86832e-036,0.00125432,0.105495,0.105495,1,0,0,1,2.4e-005,0,0,2.4e-005,3,0
0,0.00125432,0.105471,0.105471,1,0,0,1,3.2e-005,0,0,3.2e-005,4,0
1.93416e-036,0.00125431,0.105446,0.105446,1,0,0,1,4e-005,0,0,4e-005,5,0
-3.86832e-036,0.00125431,0.105421,0.105421,1,0,0,1,4.8e-005,0,0,4.8e-005,6,0
-9.67081e-037,0.00125431,0.105396,0.105396,1,0,0,1,5.6e-005,0,0,5.6e-005,7,0
0,0.0012543,0.105371,0.105371,1,0,0,1,6.4e-005,0,0,6.4e-005,8,0
-9.67081e-037,0.0012543,0.105346,0.105346,1,0,0,1,7.2e-005,0,0,7.2e-005,9,0
-1.81328e-036,0.0012543,0.105322,0.105322,1,0,0,1,8e-005,0,0,8e-005,10,0
-1.20885e-036,0.0012543,0.105297,0.105297,1,0,0,1,8.8e-005,0,0,8.8e-005,11,0
1.93416e-036,0.00125429,0.105272,0.105272,1,0,0,1,9.6e-005,0,0,9.6e-005,12,0
0,0.00125449,0.105176,0.105176,1,0,0,1,0.000104,0,0,0.000104,13,0
0,0.00125505,0.104951,0.104951,1,0,0,1,0.000112,0,0,0.000112,14,0
0,0.00125561,0.104727,0.104727,1,0,0,1,0.00012,0,0,0.00012,15,0
0,0.00125617,0.104502,0.104502,1,0,0,1,0.000128,0,0,0.000128,16,0
0,0.00125673,0.104277,0.104277,1,0,0,1,0.000136,0,0,0.000136,17,0
0,0.00125729,0.104053,0.104053,1,0,0,1,0.000144,0,0,0.000144,18,0
0,0.00125785,0.103828,0.103828,1,0,0,1,0.000152,0,0,0.000152,19,0
0,0.00125841,0.103604,0.103604,1,0,0,1,0.00016,0,0,0.00016,20,0
0,0.00125897,0.103379,0.103379,1,0,0,1,0.000168,0,0,0.000168,21,0
0,0.00125953,0.103154,0.103154,1,0,0,1,0.000176,0,0,0.000176,22,0
0,0.00126051,0.10293,0.10293,1,0,0,1,0.000184,0,0,0.000184,23,0
0,0.00126154,0.102705,0.102705,1,0,0,1,0.000192,0,0,0.000192,24,0
0,0.00126258,0.102481,0.102481,1,0,0,1,0.0002,0,0,0.0002,25,0
0,0.00126362,0.102256,0.102256,1,0,0,1,0.000208,0,0,0.000208,26,0
0,0.00126465,0.102032,0.102032,1,0,0,1,0.000216,0,0,0.000216,27,0
0,0.00126569,0.101807,0.101807,1,0,0,1,0.000224,0,0,0.000224,28,0
0,0.00126673,0.101583,0.101583,1,0,0,1,0.000232,0,0,0.000232,29,0
0,0.00126776,0.101358,0.101358,1,0,0,1,0.00024,0,0,0.00024,30,0
0,0.0012688,0.101134,0.101134,1,0,0,1,0.000248,0,0,0.000248,31,0
0,0.00127002,0.100954,0.100954,1,0,0,1,0.000256,0,0,0.000256,32,0
0,0.00127152,0.100842,0.100842,1,0,0,1,0.000264,0,0,0.000264,33,0
0,0.00127302,0.100731,0.100731,1,0,0,1,0.000272,0,0,0.000272,34,0
0,0.00127452,0.10062,0.10062,1,0,0,1,0.00028,0,0,0.00028,35,0
0,0.00127602,0.100509,0.100509,1,0,0,1,0.000288,0,0,0.000288,36,0
0,0.00127753,0.100398,0.100398,1,0,0,1,0.000296,0,0,0.000296,37,0
0,0.00127903,0.100287,0.100287,1,0,0,1,0.000304,0,0,0.000304,38,0
0,0.00128053,0.100176,0.100176,1,0,0,1,0.000312,0,0,0.000312,39,0
0,0.00128203,0.100065,0.100065,1,0,0,1,0.00032,0,0,0.00032,40,0
0,0.00128353,0.0999535,0.0999535,1,0,0,1,0.000328,0,0,0.000328,41,0
2.14243e-021,0.00128544,0.0998722,0.0998722,1,0,0,1,0.000336,0,0,0.000336,42,0
2.85658e-021,0.0012874,0.0997938,0.0997938,1,0,0,1,0.000344,0,0,0.000344,43,0
8.56973e-021,0.00128935,0.0997154,0.0997154,1,0,0,1,0.000352,0,0,0.000352,44,0
2.85658e-021,0.0012913,0.099637,0.099637,1,0,0,1,0.00036,0,0,0.00036,45,0
5.71315e-021,0.00129325,0.0995586,0.0995586,1,0,0,1,0.000368,0,0,0.000368,46,0
0,0.0012952,0.0994802,0.0994802,1,0,0,1,0.000376,0,0,0.000376,47,0
0,0.00129716,0.0994019,0.0994019,1,0,0,1,0.000384,0,0,0.000384,48,0
5.71315e-021,0.00129911,0.0993235,0.0993235,1,0,0,1,0.000392,0,0,0.000392,49,0
1.14263e-020,0.00130106,0.0992451,0.0992451,1,0,0,1,0.0004,0,0,0.0004,50,0
0,0.00130326,0.099255,0.099255,1,0,0,1,0.000408,0,0,0.000408,51,0
-5.4279e-021,0.00130581,0.099384,0.099384,1,0,0,1,0.000416,0,0,0.000416,52,0
0,0.00130835,0.099513,0.099513,1,0,0,1,0.000424,0,0,0.000424,53,0
0,0.0013109,0.0996419,0.0996419,1,0,0,1,0.000432,0,0,0.000432,54,0
0,0.00131344,0.0997709,0.0997709,1,0,0,1,0.00044,0,0,0.00044,55,0
0,0.00131599,0.0998998,0.0998998,1,0,0,1,0.000448,0,0,0.000448,56,0
0,0.00131853,0.100029,0.100029,1,0,0,1,0.000456,0,0,0.000456,57,0
5.4279e-021,0.00132107,0.100158,0.100158,1,0,0,1,0.000464,0,0,0.000464,58,0
-5.4279e-021,0.00132362,0.100287,0.100287,1,0,0,1,0.000472,0,0,0.000472,59,0
0,0.00132616,0.100416,0.100416,1,0,0,1,0.00048,0,0,0.00048,60,0
0,0.00132871,0.100545,0.100545,1,0,0,1,0.000488,0,0,0.000488,61,0
0,0.00133125,0.100674,0.100674,1,0,0,1,0.000496,0,0,0.000496,62,0
0,0.00133379,0.100803,0.100803,1,0,0,1,0.000504,0,0,0.000504,63,0
0,0.00133634,0.100931,0.100931,1,0,0,1,0.000512,0,0,0.000512,64,0
0,0.00133888,0.10106,0.10106,1,0,0,1,0.00052,0,0,0.00052,65,0
0,0.00134143,0.101189,0.101189,1,0,0,1,0.000528,0,0,0.000528,66,0
0,0.00134397,0.101318,0.101318,1,0,0,1,0.000536,0,0,0.000536,67,0
0,0.00134688,0.101344,0.101344,1,0,0,1,0.000544,0,0,0.000544,68,0
0,0.00135007,0.10129,0.10129,1,0,0,1,0.000552,0,0,0.000552,69,0
0,0.00135326,0.101237,0.101237,1,0,0,1,0.00056,0,0,0.00056,70,0
0,0.00135644,0.101183,0.101183,1,0,0,1,0.000568,0,0,0.000568,71,0
0,0.00135963,0.10113,0.10113,1,0,0,1,0.000576,0,0,0.000576,72,0
0,0.00136282,0.101077,0.101077,1,0,0,1,0.000584,0,0,0.000584,73,0
0,0.001366,0.101023,0.101023,1,0,0,1,0.000592,0,0,0.000592,74,0
0,0.00136919,0.10097,0.10097,1,0,0,1,0.0006,0,0,0.0006,75,0
0,0.00137238,0.100916,0.100916,1,0,0,1,0.000608,0,0,0.000608,76,0
0,0.00137556,0.100863,0.100863,1,0,0,1,0.000616,0,0,0.000616,77,0
0,0.00137875,0.10081,0.10081,1,0,0,1,0.000624,0,0,0.000624,78,0
0,0.00138194,0.100756,0.100756,1,0,0,1,0.000632,0,0,0.000632,79,0
0,0.00138513,0.100703,0.100703,1,0,0,1,0.00064,0,0,0.00064,80,0
0,0.00138831,0.100649,0.100649,1,0,0,1,0.000648,0,0,0.000648,81,0
0,0.00139175,0.100624,0.100624,1,0,0,1,0.000656,0,0,0.000656,82,0
0,0.00139546,0.10063,0.10063,1,0,0,1,0.000664,0,0,0.000664,83,0
0,0.00139918,0.100635,0.100635,1,0,0,1,0.000672,0,0,0.000672,84,0
0,0.00140289,0.100641,0.100641,1,0,0,1,0.00068,0,0,0.00068,85,0
0,0.0014066,0.100647,0.100647,1,0,0,1,0.000688,0,0,0.000688,86,0
0,0.00141032,0.100653,0.100653,1,0,0,1,0.000696,0,0,0.000696,87,0
0,0.00141403,0.100659,0.100659,1,0,0,1,0.000704,0,0,0.000704,88,0
0,0.00141775,0.100664,0.100664,1,0,0,1,0.000712,0,0,0.000712,89,0
0,0.00142146,0.10067,0.10067,1,0,0,1,0.00072,0,0,0.00072,90,0
0,0.00142518,0.100676,0.100676,1,0,0,1,0.000728,0,0,0.000728,91,0
0,0.00142889,0.100682,0.100682,1,0,0,1,0.000736,0,0,0.000736,92,0
0,0.0014326,0.100688,0.100688,1,0,0,1,0.000744,0,0,0.000744,93,0
0,0.00143632,0.100694,0.100694,1,0,0,1,0.000752,0,0,0.000752,94,0
0,0.00144003,0.100699,0.100699,1,0,0,1,0.00076,0,0,0.00076,95,0
0,0.00144394,0.10071,0.10071,1,0,0,1,0.000768,0,0,0.000768,96,0
0,0.00144818,0.100728,0.100728,1,0,0,1,0.000776,0,0,0.000776,97,0
0,0.00145242,0.100746,0.100746,1,0,0,1,0.000784,0,0,0.000784,98,0
0,0.00145665,0.100764,0.100764,1,0,0,1,0.000792,0,0,0.000792,99,0
0,0.00146089,0.100782,0.100782,1,0,0,1,0.0008,0,0,0.0008,100,0
0,0.00146513,0.1008,0.1008,1,0,0,1,0.000808,0,0,0.000808,101,0
0,0.00146937,0.100818,0.100818,1,0,0,1,0.000816,0,0,0.000816,102,0
0,0.0014736,0.100837,0.100837,1,0,0,1,0.000824,0,0,0.000824,103,0
0,0.00147784,0.100855,0.100855,1,0,0,1,0.000832,0,0,0.000832,104,0
0,0.00148208,0.100873,0.100873,1,0,0,1,0.00084,0,0,0.00084,105,0
0,0.00148632,0.100891,0.100891,1,0,0,1,0.000848,0,0,0.000848,106,0
0,0.00149055,0.100909,0.100909,1,0,0,1,0.000856,0,0,0.000856,107,0
0,0.00149479,0.100927,0.100927,1,0,0,1,0.000864,0,0,0.000864,108,0
0,0.00149903,0.100945,0.100945,1,0,0,1,0.000872,0,0,0.000872,109,0
0,0.00150327,0.100963,0.100963,1,0,0,1,0.00088,0,0,0.00088,110,0
0,0.0015075,0.100981,0.100981,1,0,0,1,0.000888,0,0,0.000888,111,0
0,0.00151174,0.100999,0.100999,1,0,0,1,0.000896,0,0,0.000896,112,0
0,0.00151598,0.101018,0.101018,1,0,0,1,0.000904,0,0,0.000904,113,0
0,0.00152045,0.101043,0.101043,1,0,0,1,0.000912,0,0,0.000912,114,0
0,0.00152494,0.10107,0.10107,1,0,0,1,0.00092,0,0,0.00092,115,0
0,0.00152942,0.101096,0.101096,1,0,0,1,0.000928,0,0,0.000928,116,0
0,0.0015339,0.101122,0.101122,1,0,0,1,0.000936,0,0,0.000936,117,0
0,0.00153838,0.101148,0.101148,1,0,0,1,0.000944,0,0,0.000944,118,0
0,0.00154286,0.101174,0.101174,1,0,0,1,0.000952,0,0,0.000952,119,0
0,0.00154734,0.1012,0.1012,1,0,0,1,0.00096,0,0,0.00096,120,0
0,0.00155183,0.101226,0.101226,1,0,0,1,0.000968,0,0,0.000968,121,0
0,0.00155631,0.101252,0.101252,1,0,0,1,0.000976,0,0,0.000976,122,0
0,0.00156079,0.101278,0.101278,1,0,0,1,0.000984,0,0,0.000984,123,0
0,0.00156527,0.101304,0.101304,1,0,0,1,0.000992,0,0,0.000992,124,0
0,0.00156975,0.101331,0.101331,1,0,0,1,0.001,0,0,0.001,125,0
0,0.00157423,0.101357,0.101357,1,0,0,1,0.001008,0,0,0.001008,126,0
0,0.00157872,0.101383,0.101383,1,0,0,1,0.001016,0,0,0.001016,127,0
0,0.0015832,0.101409,0.101409,1,0,0,1,0.001024,0,0,0.001024,128,0
0,0.00158768,0.101435,0.101435,1,0,0,1,0.001032,0,0,0.001032,129,0
0,0.00159216,0.101461,0.101461,1,0,0,1,0.00104,0,0,0.00104,130,0
0,0.0015968,0.10147,0.10147,1,0,0,1,0.001048,0,0,0.001048,131,0
0,0.00160154,0.101468,0.101468,1,0,0,1,0.001056,0,0,0.001056,132,0
0,0.00160629,0.101465,0.101465,1,0,0,1,0.001064,0,0,0.001064,133,0
0,0.00161104,0.101462,0.101462,1,0,0,1,0.001072,0,0,0.001072,134,0
0,0.00161578,0.101459,0.101459,1,0,0,1,0.00108,0,0,0.00108,135,0
0,0.00162053,0.101457,0.101457,1,0,0,1,0.001088,0,0,0.001088,136,0
0,0.00162528,0.101454,0.101454,1,0,0,1,0.001096,0,0,0.001096,137,0
0,0.00163002,0.101451,0.101451,1,0,0,1,0.001104,0,0,0.001104,138,0
0,0.00163477,0.101448,0.101448,1,0,0,1,0.001112,0,0,0.001112,139,0
0,0.00163952,0.101445,0.101445,1,0,0,1,0.00112,0,0,0.00112,140,0
0,0.00164426,0.101443,0.101443,1,0,0,1,0.001128,0,0,0.001128,141,0
0,0.00164901,0.10144,0.10144,1,0,0,1,0.001136,0,0,0.001136,142,0
0,0.00165376,0.101437,0.101437,1,0,0,1,0.001144,0,0,0.001144,143,0
0,0.0016585,0.101434,0.101434,1,0,0,1,0.001152,0,0,0.001152,144,0
0,0.00166325,0.101432,0.101432,1,0,0,1,0.00116,0,0,0.00116,145,0
0,0.00166816,0.101445,0.101445,1,0,0,1,0.001168,0,0,0.001168,146,0
0,0.00167327,0.101479,0.101479,1,0,0,1,0.001176,0,0,0.001176,147,0
0,0.00167838,0.101513,0.101513,1,0,0,1,0.001184,0,0,0.001184,148,0
0,0.00168348,0.101546,0.101546,1,0,0,1,0.001192,0,0,0.001192,149,0
0,0.00168859,0.10158,0.10158,1,0,0,1,0.0012,0,0,0.0012,150,0
0,0.0016937,0.101614,0.101614,1,0,0,1,0.001208,0,0,0.001208,151,0
0,0.0016988,0.101647,0.101647,1,0,0,1,0.001216,0,0,0.001216,152,0
0,0.00170391,0.101681,0.101681,1,0,0,1,0.001224,0,0,0.001224,153,0
0,0.00170902,0.101715,0.101715,1,0,0,1,0.001232,0,0,0.001232,154,0
0,0.00171413,0.101748,0.101748,1,0,0,1,0.00124,0,0,0.00124,155,0
0,0.00171923,0.101782,0.101782,1,0,0,1,0.001248,0,0,0.001248,156,0
0,0.00172434,0.101816,0.101816,1,0,0,1,0.001256,0,0,0.001256,157,0
0,0.00172945,0.101849,0.101849,1,0,0,1,0.001264,0,0,0.001264,158,0
0,0.00173456,0.101883,0.101883,1,0,0,1,0.001272,0,0,0.001272,159,0
0,0.00173966,0.101917,0.101917,1,0,0,1,0.00128,0,0,0.00128,160,0
0,0.00174489,0.101939,0.101939,1,0,0,1,0.001288,0,0,0.001288,161,0
0,0.00175034,0.101939,0.101939,1,0,0,1,0.001296,0,0,0.001296,162,0
0,0.0017558,0.101938,0.101938,1,0,0,1,0.001304,0,0,0.001304,163,0
0,0.00176125,0.101938,0.101938,1,0,0,1,0.001312,0,0,0.001312,164,0
0,0.00176671,0.101937,0.101937,1,0,0,1,0.00132,0,0,0.00132,165,0
0,0.00177216,0.101937,0.101937,1,0,0,1,0.001328,0,0,0.001328,166,0
0,0.00177761,0.101937,0.101937,1,0,0,1,0.001336,0,0,0.001336,167,0
0,0.00178307,0.101936,0.101936,1,0,0,1,0.001344,0,0,0.001344,168,0
0,0.00178852,0.101936,0.101936,1,0,0,1,0.001352,0,0,0.001352,169,0
0,0.00179398,0.101935,0.101935,1,0,0,1,0.00136,0,0,0.00136,170,0
0,0.00179943,0.101935,0.101935,1,0,0,1,0.001368,0,0,0.001368,171,0
0,0.00180489,0.101935,0.101935,1,0,0,1,0.001376,0,0,0.001376,172,0
0,0.00181034,0.101934,0.101934,1,0,0,1,0.001384,0,0,0.001384,173,0
0,0.0018158,0.101934,0.101934,1,0,0,1,0.001392,0,0,0.001392,174,0
0,0.00182125,0.101934,0.101934,1,0,0,1,0.0014,0,0,0.0014,175,0
0,0.00182671,0.101933,0.101933,1,0,0,1,0.001408,0,0,0.001408,176,0
0,0.00183216,0.101933,0.101933,1,0,0,1,0.001416,0,0,0.001416,177,0
0,0.00183761,0.101932,0.101932,1,0,0,1,0.001424,0,0,0.001424,178,0
0,0.00184307,0.101932,0.101932,1,0,0,1,0.001432,0,0,0.001432,179,0
0,0.00184869,0.101884,0.101884,1,0,0,1,0.00144,0,0,0.00144,180,0
0,0.00185439,0.101814,0.101814,1,0,0,1,0.001448,0,0,0.001448,181,0
0,0.00186009,0.101744,0.101744,1,0,0,1,0.001456,0,0,0.001456,182,0
0,0.0018658,0.101674,0.101674,1,0,0,1,0.001464,0,0,0.001464,183,0
0,0.0018715,0.101604,0.101604,1,0,0,1,0.001472,0,0,0.001472,184,0
0,0.0018772,0.101534,0.101534,1,0,0,1,0.00148,0,0,0.00148,185,0
0,0.0018829,0.101464,0.101464,1,0,0,1,0.001488,0,0,0.001488,186,0
0,0.0018886,0.101394,0.101394,1,0,0,1,0.001496,0,0,0.001496,187,0
0,0.00189431,0.101332,0.101332,1,0,0,1,0.001504,0,0,0.001504,188,0
0,0.00190015,0.101403,0.101403,1,0,0,1,0.001512,0,0,0.001512,189,0
0,0.00190599,0.101474,0.101474,1,0,0,1,0.00152,0,0,0.00152,190,0
0,0.00191183,0.101545,0.101545,1,0,0,1,0.001528,0,0,0.001528,191,0
0,0.00191767,0.101617,0.101617,1,0,0,1,0.001536,0,0,0.001536,192,0
0,0.00192351,0.101688,0.101688,1,0,0,1,0.001544,0,0,0.001544,193,0
0,0.00192935,0.101759,0.101759,1,0,0,1,0.001552,0,0,0.001552,194,0
0,0.00193519,0.10183,0.10183,1,0,0,1,0.00156,0,0,0.00156,195,0
0,0.00194104,0.101901,0.101901,1,0,0,1,0.001568,0,0,0.001568,196,0
0,0.00194691,0.101921,0.101921,1,0,0,1,0.001576,0,0,0.001576,197,0
0,0.00195282,0.101876,0.101876,1,0,0,1,0.001584,0,0,0.001584,198,0
0,0.00195873,0.101831,0.101831,1,0,0,1,0.001592,0,0,0.001592,199,0
0,0.00196464,0.101786,0.101786,1,0,0,1,0.0016,0,0,0.0016,200,0
0,0.00197056,0.101741,0.101741,1,0,0,1,0.001608,0,0,0.001608,201,0
0,0.00197647,0.101695,0.101695,1,0,0,1,0.001616,0,0,0.001616,202,0
0,0.00198238,0.10165,0.10165,1,0,0,1,0.001624,0,0,0.001624,203,0
0,0.0019883,0.101605,0.101605,1,0,0,1,0.001632,0,0,0.001632,204,0
0,0.00199421,0.10156,0.10156,1,0,0,1,0.00164,0,0,0.00164,205,0
0,0.00200012,0.101515,0.101515,1,0,0,1,0.001648,0,0,0.001648,206,0
0,0.00200603,0.101469,0.101469,1,0,0,1,0.001656,0,0,0.001656,207,0
0,0.00201195,0.10143,0.10143,1,0,0,1,0.001664,0,0,0.001664,208,0
0,0.00201792,0.101439,0.101439,1,0,0,1,0.001672,0,0,0.001672,209,0
0,0.00202388,0.101448,0.101448,1,0,0,1,0.00168,0,0,0.00168,210,0
0,0.00202985,0.101457,0.101457,1,0,0,1,0.001688,0,0,0.001688,211,0
0,0.00203581,0.101466,0.101466,1,0,0,1,0.001696,0,0,0.001696,212,0
0,0.00204178,0.101475,0.101475,1,0,0,1,0.001704,0,0,0.001704,213,0
0,0.00204775,0.101485,0.101485,1,0,0,1,0.001712,0,0,0.001712,214,0
0,0.00205371,0.101494,0.101494,1,0,0,1,0.00172,0,0,0.00172,215,0
0,0.00205968,0.101503,0.101503,1,0,0,1,0.001728,0,0,0.001728,216,0
0,0.00206564,0.101512,0.101512,1,0,0,1,0.001736,0,0,0.001736,217,0
0,0.00207161,0.101521,0.101521,1,0,0,1,0.001744,0,0,0.001744,218,0
0,0.00207758,0.10153,0.10153,1,0,0,1,0.001752,0,0,0.001752,219,0
0,0.00208364,0.101552,0.101552,1,0,0,1,0.00176,0,0,0.00176,220,0
0,0.00208974,0.101577,0.101577,1,0,0,1,0.001768,0,0,0.001768,221,0
0,0.00209583,0.101602,0.101602,1,0,0,1,0.001776,0,0,0.001776,222,0
0,0.00210192,0.101627,0.101627,1,0,0,1,0.001784,0,0,0.001784,223,0
0,0.00210802,0.101652,0.101652,1,0,0,1,0.001792,0,0,0.001792,224,0
0,0.00211411,0.101677,0.101677,1,0,0,1,0.0018,0,0,0.0018,225,0
0,0.00212021,0.101703,0.101703,1,0,0,1,0.001808,0,0,0.001808,226,0
0,0.00212633,0.10172,0.10172,1,0,0,1,0.001816,0,0,0.001816,227,0
0,0.00213255,0.101714,0.101714,1,0,0,1,0.001824,0,0,0.001824,228,0
0,0.00213876,0.101707,0.101707,1,0,0,1,0.001832,0,0,0.001832,229,0
0,0.00214498,0.1017,0.1017,1,0,0,1,0.00184,0,0,0.00184,230,0
0,0.0021512,0.101693,0.101693,1,0,0,1,0.001848,0,0,0.001848,231,0
0,0.00215742,0.101686,0.101686,1,0,0,1,0.001856,0,0,0.001856,232,0
0,0.00216363,0.10168,0.10168,1,0,0,1,0.001864,0,0,0.001864,233,0
0,0.00216985,0.101673,0.101673,1,0,0,1,0.001872,0,0,0.001872,234,0
0,0.00217607,0.101666,0.101666,1,0,0,1,0.00188,0,0,0.00188,235,0
0,0.00218229,0.101659,0.101659,1,0,0,1,0.001888,0,0,0.001888,236,0
0,0.0021885,0.101652,0.101652,1,0,0,1,0.001896,0,0,0.001896,237,0
0,0.00219472,0.101646,0.101646,1,0,0,1,0.001904,0,0,0.001904,238,0
0,0.00220094,0.101639,0.101639,1,0,0,1,0.001912,0,0,0.001912,239,0
3.6283e-022,0.00220719,0.101648,0.101648,1,0,0,1,0.00192,0,0,0.00192,240,0
1.61938e-021,0.00221354,0.101697,0.101697,1,0,0,1,0.001928,0,0,0.001928,241,0
2.87591e-021,0.00221989,0.101746,0.101746,1,0,0,1,0.001936,0,0,0.001936,242,0
4.13245e-021,0.00222624,0.101795,0.101795,1,0,0,1,0.001944,0,0,0.001944,243,0
5.38898e-021,0.00223259,0.101844,0.101844,1,0,0,1,0.001952,0,0,0.001952,244,0
6.64551e-021,0.00223894,0.101893,0.101893,1,0,0,1,0.00196,0,0,0.00196,245,0
7.90206e-021,0.00224529,0.101943,0.101943,1,0,0,1,0.001968,0,0,0.001968,246,0
9.15861e-021,0.00225164,0.101992,0.101992,1,0,0,1,0.001976,0,0,0.001976,247,0
1.04152e-020,0.00225799,0.102041,0.102041,1,0,0,1,0.001984,0,0,0.001984,248,0
1.16717e-020,0.00226434,0.10209,0.10209,1,0,0,1,0.001992,0,0,0.001992,249,0
1.29282e-020,0.00227069,0.102139,0.102139,1,0,0,1,0.002,0,0,0.002,250,0
0,0.00227709,0.102152,0.102152,1,0,0,1,0.002008,0,0,0.002008,251,0
0,0.00228355,0.10212,0.10212,1,0,0,1,0.002016,0,0,0.002016,252,0
0,0.00229001,0.102088,0.102088,1,0,0,1,0.002024,0,0,0.002024,253,0
0,0.00229648,0.102056,0.102056,1,0,0,1,0.002032,0,0,0.002032,254,0
0,0.00230294,0.102024,0.102024,1,0,0,1,0.00204,0,0,0.00204,255,0
0,0.0023094,0.101992,0.101992,1,0,0,1,0.002048,0,0,0.002048,256,0
0,0.00231586,0.10196,0.10196,1,0,0,1,0.002056,0,0,0.002056,257,0
0,0.00232232,0.101928,0.101928,1,0,0,1,0.002064,0,0,0.002064,258,0
0,0.00232878,0.101896,0.101896,1,0,0,1,0.002072,0,0,0.002072,259,0
0,0.00233524,0.101864,0.101864,1,0,0,1,0.00208,0,0,0.00208,260,0
0,0.0023417,0.101832,0.101832,1,0,0,1,0.002088,0,0,0.002088,261,0
-7.42735e-021,0.00234822,0.101834,0.101834,1,0,0,1,0.002096,0,0,0.002096,262,0
-2.03946e-021,0.00235478,0.101859,0.101859,1,0,0,1,0.002104,0,0,0.002104,263,0
-1.33251e-020,0.00236134,0.101884,0.101884,1,0,0,1,0.002112,0,0,0.002112,264,0
-2.03946e-021,0.0023679,0.101909,0.101909,1,0,0,1,0.00212,0,0,0.00212,265,0
-1.33251e-020,0.00237445,0.101934,0.101934,1,0,0,1,0.002128,0,0,0.002128,266,0
4.43335e-020,0.00238101,0.101959,0.101959,1,0,0,1,0.002136,0,0,0.002136,267,0
4.59581e-020,0.00238757,0.101984,0.101984,1,0,0,1,0.002144,0,0,0.002144,268,0
4.75827e-020,0.00239413,0.102009,0.102009,1,0,0,1,0.002152,0,0,0.002152,269,0
4.92074e-020,0.00240069,0.102034,0.102034,1,0,0,1,0.00216,0,0,0.00216,270,0
5.0832e-020,0.00240725,0.102059,0.102059,1,0,0,1,0.002168,0,0,0.002168,271,0
5.24566e-020,0.0024138,0.102084,0.102084,1,0,0,1,0.002176,0,0,0.002176,272,0
5.69888e-020,0.0024202,0.102091,0.102091,1,0,0,1,0.002184,0,0,0.002184,273,0
5.87006e-020,0.00242654,0.102093,0.102093,1,0,0,1,0.002192,0,0,0.002192,274,0
6.04123e-020,0.00243288,0.102095,0.102095,1,0,0,1,0.0022,0,0,0.0022,275,0
6.21241e-020,0.00243922,0.102096,0.102096,1,0,0,1,0.002208,0,0,0.002208,276,0
6.38359e-020,0.00244556,0.102098,0.102098,1,0,0,1,0.002216,0,0,0.002216,277,0
6.55477e-020,0.0024519,0.1021,0.1021,1,0,0,1,0.002224,0,0,0.002224,278,0
6.72594e-020,0.00245824,0.102101,0.102101,1,0,0,1,0.002232,0,0,0.002232,279,0
6.89712e-020,0.00246458,0.102103,0.102103,1,0,0,1,0.00224,0,0,0.00224,280,0
7.0683e-020,0.00247092,0.102105,0.102105,1,0,0,1,0.002248,0,0,0.002248,281,0
7.23947e-020,0.00247727,0.102106,0.102106,1,0,0,1,0.002256,0,0,0.002256,282,0
7.41065e-020,0.00248361,0.102108,0.102108,1,0,0,1,0.002264,0,0,0.002264,283,0
0,0.00248955,0.102112,0.102112,1,0,0,1,0.002272,0,0,0.002272,284,0
0,0.00249546,0.102117,0.102117,1,0,0,1,0.00228,0,0,0.00228,285,0
0,0.00250136,0.102122,0.102122,1,0,0,1,0.002288,0,0,0.002288,286,0
0,0.00250727,0.102126,0.102126,1,0,0,1,0.002296,0,0,0.002296,287,0
0,0.00251318,0.102131,0.102131,1,0,0,1,0.002304,0,0,0.002304,288,0
0,0.00251909,0.102135,0.102135,1,0,0,1,0.002312,0,0,0.002312,289,0
0,0.00252499,0.10214,0.10214,1,0,0,1,0.00232,0,0,0.00232,290,0
0,0.0025309,0.102145,0.102145,1,0,0,1,0.002328,0,0,0.002328,291,0
0,0.00253681,0.102149,0.102149,1,0,0,1,0.002336,0,0,0.002336,292,0
0,0.00254272,0.102154,0.102154,1,0,0,1,0.002344,0,0,0.002344,293,0
0,0.00254862,0.102159,0.102159,1,0,0,1,0.002352,0,0,0.002352,294,0
0,0.00255453,0.102163,0.102163,1,0,0,1,0.00236,0,0,0.00236,295,0
0,0.00256044,0.102168,0.102168,1,0,0,1,0.002368,0,0,0.002368,296,0
0,0.00256634,0.102173,0.102173,1,0,0,1,0.002376,0,0,0.002376,297,0
0,0.00257198,0.102169,0.102169,1,0,0,1,0.002384,0,0,0.002384,298,0
0,0.00257732,0.102157,0.102157,1,0,0,1,0.002392,0,0,0.002392,299,0
0,0.00258266,0.102144,0.102144,1,0,0,1,0.0024,0,0,0.0024,300,0
0,0.00258799,0.102132,0.102132,1,0,0,1,0.002408,0,0,0.002408,301,0
0,0.00259333,0.102119,0.102119,1,0,0,1,0.002416,0,0,0.002416,302,0
0,0.00259866,0.102106,0.102106,1,0,0,1,0.002424,0,0,0.002424,303,0
0,0.002604,0.102094,0.102094,1,0,0,1,0.002432,0,0,0.002432,304,0
0,0.00260934,0.102081,0.102081,1,0,0,1,0.00244,0,0,0.00244,305,0
0,0.00261467,0.102069,0.102069,1,0,0,1,0.002448,0,0,0.002448,306,0
0,0.00262001,0.102056,0.102056,1,0,0,1,0.002456,0,0,0.002456,307,0
0,0.00262534,0.102044,0.102044,1,0,0,1,0.002464,0,0,0.002464,308,0
0,0.00263068,0.102031,0.102031,1,0,0,1,0.002472,0,0,0.002472,309,0
0,0.00263602,0.102019,0.102019,1,0,0,1,0.00248,0,0,0.00248,310,0
0,0.00264135,0.102006,0.102006,1,0,0,1,0.002488,0,0,0.002488,311,0
0,0.00264669,0.101994,0.101994,1,0,0,1,0.002496,0,0,0.002496,312,0
0,0.00265202,0.101981,0.101981,1,0,0,1,0.002504,0,0,0.002504,313,0
0,0.00265736,0.101969,0.101969,1,0,0,1,0.002512,0,0,0.002512,314,0
0,0.00266208,0.101961,0.101961,1,0,0,1,0.00252,0,0,0.00252,315,0
0,0.00266609,0.10196,0.10196,1,0,0,1,0.002528,0,0,0.002528,316,0
0,0.00267011,0.101959,0.101959,1,0,0,1,0.002536,0,0,0.002536,317,0
0,0.00267412,0.101957,0.101957,1,0,0,1,0.002544,0,0,0.002544,318,0
0,0.00267814,0.101956,0.101956,1,0,0,1,0.002552,0,0,0.002552,319,0
0,0.00268215,0.101955,0.101955,1,0,0,1,0.00256,0,0,0.00256,320,0
0,0.00268617,0.101953,0.101953,1,0,0,1,0.002568,0,0,0.002568,321,0
0,0.00269018,0.101952,0.101952,1,0,0,1,0.002576,0,0,0.002576,322,0
0,0.00269419,0.101951,0.101951,1,0,0,1,0.002584,0,0,0.002584,323,0
0,0.00269821,0.101949,0.101949,1,0,0,1,0.002592,0,0,0.002592,324,0
0,0.00270222,0.101948,0.101948,1,0,0,1,0.0026,0,0,0.0026,325,0
0,0.00270624,0.101946,0.101946,1,0,0,1,0.002608,0,0,0.002608,326,0
0,0.00271025,0.101945,0.101945,1,0,0,1,0.002616,0,0,0.002616,327,0
0,0.00271427,0.101944,0.101944,1,0,0,1,0.002624,0,0,0.002624,328,0
0,0.00271828,0.101942,0.101942,1,0,0,1,0.002632,0,0,0.002632,329,0
0,0.0027223,0.101941,0.101941,1,0,0,1,0.00264,0,0,0.00264,330,0
0,0.00272631,0.10194,0.10194,1,0,0,1,0.002648,0,0,0.002648,331,0
2.04928e-019,0.00272962,0.101938,0.101938,1,0,0,1,0.002656,0,0,0.002656,332,0
2.2301e-019,0.00273211,0.101937,0.101937,1,0,0,1,0.002664,0,0,0.002664,333,0
2.16983e-019,0.0027346,0.101935,0.101935,1,0,0,1,0.002672,0,0,0.002672,334,0
2.35065e-019,0.00273709,0.101933,0.101933,1,0,0,1,0.00268,0,0,0.00268,335,0
2.29037e-019,0.00273959,0.101932,0.101932,1,0,0,1,0.002688,0,0,0.002688,336,0
2.29037e-019,0.00274208,0.10193,0.10193,1,0,0,1,0.002696,0,0,0.002696,337,0
2.29037e-019,0.00274457,0.101929,0.101929,1,0,0,1,0.002704,0,0,0.002704,338,0
2.2301e-019,0.00274707,0.101927,0.101927,1,0,0,1,0.002712,0,0,0.002712,339,0
2.29037e-019,0.00274956,0.101926,0.101926,1,0,0,1,0.00272,0,0,0.00272,340,0
2.28198e-034,0.00275205,0.101924,0.101924,1,0,0,1,0.002728,0,0,0.002728,341,0
2.31256e-034,0.00275454,0.101922,0.101922,1,0,0,1,0.002736,0,0,0.002736,342,0
2.34315e-034,0.00275704,0.101921,0.101921,1,0,0,1,0.002744,0,0,0.002744,343,0
2.37373e-034,0.00275953,0.101919,0.101919,1,0,0,1,0.002752,0,0,0.002752,344,0
2.40431e-034,0.00276202,0.101918,0.101918,1,0,0,1,0.00276,0,0,0.00276,345,0
2.43489e-034,0.00276452,0.101916,0.101916,1,0,0,1,0.002768,0,0,0.002768,346,0
2.46547e-034,0.00276701,0.101914,0.101914,1,0,0,1,0.002776,0,0,0.002776,347,0
2.49605e-034,0.0027695,0.101913,0.101913,1,0,0,1,0.002784,0,0,0.002784,348,0
0,0.00277139,0.101911,0.101911,1,0,0,1,0.002792,0,0,0.002792,349,0
0,0.00277259,0.101907,0.101907,1,0,0,1,0.0028,0,0,0.0028,350,0
0,0.00277379,0.101904,0.101904,1,0,0,1,0.002808,0,0,0.002808,351,0
0,0.002775,0.101901,0.101901,1,0,0,1,0.002816,0,0,0.002816,352,0
0,0.0027762,0.101898,0.101898,1,0,0,1,0.002824,0,0,0.002824,353,0
0,0.0027774,0.101895,0.101895,1,0,0,1,0.002832,0,0,0.002832,354,0
0,0.00277861,0.101892,0.101892,1,0,0,1,0.00284,0,0,0.00284,355,0
0,0.00277981,0.101889,0.101889,1,0,0,1,0.002848,0,0,0.002848,356,0
0,0.00278101,0.101886,0.101886,1,0,0,1,0.002856,0,0,0.002856,357,0
0,0.00278222,0.101883,0.101883,1,0,0,1,0.002864,0,0,0.002864,358,0
0,0.00278342,0.10188,0.10188,1,0,0,1,0.002872,0,0,0.002872,359,0
0,0.00278462,0.101876,0.101876,1,0,0,1,0.00288,0,0,0.00288,360,0
0,0.00278583,0.101873,0.101873,1,0,0,1,0.002888,0,0,0.002888,361,0
0,0.00278703,0.10187,0.10187,1,0,0,1,0.002896,0,0,0.002896,362,0
0,0.00278823,0.101867,0.101867,1,0,0,1,0.002904,0,0,0.002904,363,0
0,0.00278944,0.101864,0.101864,1,0,0,1,0.002912,0,0,0.002912,364,0
0,0.00279064,0.101861,0.101861,1,0,0,1,0.00292,0,0,0.00292,365,0
0,0.00279184,0.101858,0.101858,1,0,0,1,0.002928,0,0,0.002928,366,0
0,0.00279305,0.101855,0.101855,1,0,0,1,0.002936,0,0,0.002936,367,0
0,0.00279417,0.101851,0.101851,1,0,0,1,0.002944,0,0,0.002944,368,0
0,0.00279452,0.101838,0.101838,1,0,0,1,0.002952,0,0,0.002952,369,0
0,0.00279488,0.101825,0.101825,1,0,0,1,0.00296,0,0,0.00296,370,0
0,0.00279523,0.101813,0.101813,1,0,0,1,0.002968,0,0,0.002968,371,0
0,0.00279558,0.1018,0.1018,1,0,0,1,0.002976,0,0,0.002976,372,0
0,0.00279593,0.101787,0.101787,1,0,0,1,0.002984,0,0,0.002984,373,0
0,0.00279629,0.101774,0.101774,1,0,0,1,0.002992,0,0,0.002992,374,0
0,0.00279664,0.101762,0.101762,1,0,0,1,0.003,0,0,0.003,375,0
0,0.00279699,0.101749,0.101749,1,0,0,1,0.003008,0,0,0.003008,376,0
0,0.00279734,0.101736,0.101736,1,0,0,1,0.003016,0,0,0.003016,377,0
0,0.0027977,0.101723,0.101723,1,0,0,1,0.003024,0,0,0.003024,378,0
0,0.00279805,0.101711,0.101711,1,0,0,1,0.003032,0,0,0.003032,379,0
2.8955e-019,0.00279775,0.101712,0.101712,1,0,0,1,0.00304,0,0,0.00304,380,0
2.92448e-019,0.00279728,0.101716,0.101716,1,0,0,1,0.003048,0,0,0.003048,381,0
2.95346e-019,0.00279681,0.10172,0.10172,1,0,0,1,0.003056,0,0,0.003056,382,0
2.98244e-019,0.00279635,0.101725,0.101725,1,0,0,1,0.003064,0,0,0.003064,383,0
3.01142e-019,0.00279588,0.101729,0.101729,1,0,0,1,0.003072,0,0,0.003072,384,0
3.0404e-019,0.00279541,0.101734,0.101734,1,0,0,1,0.00308,0,0,0.00308,385,0
3.06938e-019,0.00279494,0.101738,0.101738,1,0,0,1,0.003088,0,0,0.003088,386,0
3.09836e-019,0.00279448,0.101743,0.101743,1,0,0,1,0.003096,0,0,0.003096,387,0
3.12734e-019,0.00279401,0.101747,0.101747,1,0,0,1,0.003104,0,0,0.003104,388,0
3.15632e-019,0.00279354,0.101751,0.101751,1,0,0,1,0.003112,0,0,0.003112,389,0
3.1853e-019,0.00279307,0.101756,0.101756,1,0,0,1,0.00312,0,0,0.00312,390,0
2.9732e-019,0.00279238,0.101754,0.101754,1,0,0,1,0.003128,0,0,0.003128,391,0
3.00001e-019,0.00279147,0.101745,0.101745,1,0,0,1,0.003136,0,0,0.003136,392,0
3.02682e-019,0.00279055,0.101737,0.101737,1,0,0,1,0.003144,0,0,0.003144,393,0
3.05363e-019,0.00278963,0.101729,0.101729,1,0,0,1,0.003152,0,0,0.003152,394,0
3.08043e-019,0.00278872,0.10172,0.10172,1,0,0,1,0.00316,0,0,0.00316,395,0
3.10724e-019,0.0027878,0.101712,0.101712,1,0,0,1,0.003168,0,0,0.003168,396,0
3.13405e-019,0.00278689,0.101703,0.101703,1,0,0,1,0.003176,0,0,0.003176,397,0
3.16086e-019,0.00278597,0.101695,0.101695,1,0,0,1,0.003184,0,0,0.003184,398,0
3.18766e-019,0.00278505,0.101687,0.101687,1,0,0,1,0.003192,0,0,0.003192,399,0
3.21447e-019,0.00278414,0.101678,0.101678,1,0,0,1,0.0032,0,0,0.0032,400,0
3.24128e-019,0.00278322,0.10167,0.10167,1,0,0,1,0.003208,0,0,0.003208,401,0
4.52633e-019,0.00278219,0.101659,0.101659,1,0,0,1,0.003216,0,0,0.003216,402,0
4.56346e-019,0.0027807,0.101639,0.101639,1,0,0,1,0.003224,0,0,0.003224,403,0
4.60059e-019,0.00277921,0.101619,0.101619,1,0,0,1,0.003232,0,0,0.003232,404,0
4.63772e-019,0.00277772,0.101599,0.101599,1,0,0,1,0.00324,0,0,0.00324,405,0
4.67485e-019,0.00277623,0.101579,0.101579,1,0,0,1,0.003248,0,0,0.003248,406,0
4.71199e-019,0.00277475,0.101559,0.101559,1,0,0,1,0.003256,0,0,0.003256,407,0
-1.07508e-020,0.00277326,0.101539,0.101539,1,0,0,1,0.003264,0,0,0.003264,408,0
0,0.00277177,0.101519,0.101519,1,0,0,1,0.003272,0,0,0.003272,409,0
3.58361e-021,0.00277028,0.101499,0.101499,1,0,0,1,0.00328,0,0,0.00328,410,0
1.79181e-021,0.00276879,0.101479,0.101479,1,0,0,1,0.003288,0,0,0.003288,411,0
-8.95903e-022,0.0027673,0.101459,0.101459,1,0,0,1,0.003296,0,0,0.003296,412,0
-9.51897e-021,0.00276581,0.101439,0.101439,1,0,0,1,0.003304,0,0,0.003304,413,0
4.94011e-034,0.00276417,0.101448,0.101448,1,0,0,1,0.003312,0,0,0.003312,414,0
4.9746e-034,0.00276252,0.101461,0.101461,1,0,0,1,0.00332,0,0,0.00332,415,0
5.0091e-034,0.00276087,0.101474,0.101474,1,0,0,1,0.003328,0,0,0.003328,416,0
5.0436e-034,0.00275922,0.101486,0.101486,1,0,0,1,0.003336,0,0,0.003336,417,0
5.0781e-034,0.00275756,0.101499,0.101499,1,0,0,1,0.003344,0,0,0.003344,418,0
5.1126e-034,0.00275591,0.101511,0.101511,1,0,0,1,0.003352,0,0,0.003352,419,0
5.1471e-034,0.00275426,0.101524,0.101524,1,0,0,1,0.00336,0,0,0.00336,420,0
5.18159e-034,0.00275261,0.101537,0.101537,1,0,0,1,0.003368,0,0,0.003368,421,0
5.21609e-034,0.00275095,0.101549,0.101549,1,0,0,1,0.003376,0,0,0.003376,422,0
5.25059e-034,0.0027493,0.101562,0.101562,1,0,0,1,0.003384,0,0,0.003384,423,0
5.28509e-034,0.00274765,0.101575,0.101575,1,0,0,1,0.003392,0,0,0.003392,424,0
5.31959e-034,0.002746,0.101587,0.101587,1,0,0,1,0.0034,0,0,0.0034,425,0
4.79953e-034,0.00274383,0.101589,0.101589,1,0,0,1,0.003408,0,0,0.003408,426,0
4.83045e-034,0.00274151,0.101587,0.101587,1,0,0,1,0.003416,0,0,0.003416,427,0
4.86138e-034,0.00273919,0.101585,0.101585,1,0,0,1,0.003424,0,0,0.003424,428,0
4.8923e-034,0.00273687,0.101583,0.101583,1,0,0,1,0.003432,0,0,0.003432,429,0
4.92322e-034,0.00273455,0.101581,0.101581,1,0,0,1,0.00344,0,0,0.00344,430,0
4.95414e-034,0.00273223,0.10158,0.10158,1,0,0,1,0.003448,0,0,0.003448,431,0
4.26033e-019,0.00272991,0.101578,0.101578,1,0,0,1,0.003456,0,0,0.003456,432,0
4.28676e-019,0.00272759,0.101576,0.101576,1,0,0,1,0.003464,0,0,0.003464,433,0
4.31319e-019,0.00272528,0.101574,0.101574,1,0,0,1,0.003472,0,0,0.003472,434,0
4.33962e-019,0.00272296,0.101572,0.101572,1,0,0,1,0.00348,0,0,0.00348,435,0
4.36604e-019,0.00272064,0.10157,0.10157,1,0,0,1,0.003488,0,0,0.003488,436,0
4.39247e-019,0.00271832,0.101569,0.101569,1,0,0,1,0.003496,0,0,0.003496,437,0
5.59574e-019,0.00271596,0.101566,0.101566,1,0,0,1,0.003504,0,0,0.003504,438,0
5.62539e-019,0.00271357,0.101563,0.101563,1,0,0,1,0.003512,0,0,0.003512,439,0
5.65504e-019,0.00271119,0.101559,0.101559,1,0,0,1,0.00352,0,0,0.00352,440,0
5.68469e-019,0.0027088,0.101556,0.101556,1,0,0,1,0.003528,0,0,0.003528,441,0
5.71434e-019,0.00270642,0.101553,0.101553,1,0,0,1,0.003536,0,0,0.003536,442,0
5.74399e-019,0.00270403,0.101549,0.101549,1,0,0,1,0.003544,0,0,0.003544,443,0
5.77364e-019,0.00270165,0.101546,0.101546,1,0,0,1,0.003552,0,0,0.003552,444,0
5.80329e-019,0.00269926,0.101543,0.101543,1,0,0,1,0.00356,0,0,0.00356,445,0
5.83293e-019,0.00269688,0.101539,0.101539,1,0,0,1,0.003568,0,0,0.003568,446,0
6.46213e-034,0.00269449,0.101536,0.101536,1,0,0,1,0.003576,0,0,0.003576,447,0
6.49481e-034,0.00269211,0.101533,0.101533,1,0,0,1,0.003584,0,0,0.003584,448,0
6.52749e-034,0.00268972,0.101529,0.101529,1,0,0,1,0.003592,0,0,0.003592,449,0
6.56018e-034,0.00268734,0.101526,0.101526,1,0,0,1,0.0036,0,0,0.0036,450,0
6.59286e-034,0.00268495,0.101523,0.101523,1,0,0,1,0.003608,0,0,0.003608,451,0
6.62554e-034,0.00268257,0.101519,0.101519,1,0,0,1,0.003616,0,0,0.003616,452,0
6.65822e-034,0.00268018,0.101516,0.101516,1,0,0,1,0.003624,0,0,0.003624,453,0
6.6909e-034,0.0026778,0.101513,0.101513,1,0,0,1,0.003632,0,0,0.003632,454,0
6.72358e-034,0.00267541,0.10151,0.10151,1,0,0,1,0.00364,0,0,0.00364,455,0
6.73326e-034,0.00267306,0.101502,0.101502,1,0,0,1,0.003648,0,0,0.003648,456,0
6.76583e-034,0.00267079,0.101481,0.101481,1,0,0,1,0.003656,0,0,0.003656,457,0
6.7984e-034,0.00266853,0.10146,0.10146,1,0,0,1,0.003664,0,0,0.003664,458,0
6.83097e-034,0.00266627,0.101439,0.101439,1,0,0,1,0.003672,0,0,0.003672,459,0
6.86354e-034,0.002664,0.101418,0.101418,1,0,0,1,0.00368,0,0,0.00368,460,0
6.89611e-034,0.00266174,0.101397,0.101397,1,0,0,1,0.003688,0,0,0.003688,461,0
6.92868e-034,0.00265948,0.101376,0.101376,1,0,0,1,0.003696,0,0,0.003696,462,0
6.96126e-034,0.00265721,0.101355,0.101355,1,0,0,1,0.003704,0,0,0.003704,463,0
6.99383e-034,0.00265495,0.101333,0.101333,1,0,0,1,0.003712,0,0,0.003712,464,0
5.58195e-034,0.00265268,0.101313,0.101313,1,0,0,1,0.00372,0,0,0.00372,465,0
5.60782e-034,0.00265013,0.101311,0.101311,1,0,0,1,0.003728,0,0,0.003728,466,0
5.6337e-034,0.00264757,0.10131,0.10131,1,0,0,1,0.003736,0,0,0.003736,467,0
5.65957e-034,0.00264502,0.101308,0.101308,1,0,0,1,0.003744,0,0,0.003744,468,0
5.68545e-034,0.00264246,0.101306,0.101306,1,0,0,1,0.003752,0,0,0.003752,469,0
5.71132e-034,0.00263991,0.101305,0.101305,1,0,0,1,0.00376,0,0,0.00376,470,0
5.73719e-034,0.00263735,0.101303,0.101303,1,0,0,1,0.003768,0,0,0.003768,471,0
5.76307e-034,0.0026348,0.101302,0.101302,1,0,0,1,0.003776,0,0,0.003776,472,0
5.78894e-034,0.00263224,0.1013,0.1013,1,0,0,1,0.003784,0,0,0.003784,473,0
5.81482e-034,0.00262969,0.101298,0.101298,1,0,0,1,0.003792,0,0,0.003792,474,0
0,0.00262658,0.101298,0.101298,1,0,0,1,0.0038,0,0,0.0038,475,0
0,0.00262336,0.101298,0.101298,1,0,0,1,0.003808,0,0,0.003808,476,0
0,0.00262014,0.101298,0.101298,1,0,0,1,0.003816,0,0,0.003816,477,0
0,0.00261691,0.101298,0.101298,1,0,0,1,0.003824,0,0,0.003824,478,0
0,0.00261369,0.101298,0.101298,1,0,0,1,0.003832,0,0,0.003832,479,0
0,0.00261046,0.101298,0.101298,1,0,0,1,0.00384,0,0,0.00384,480,0
0,0.00260724,0.101299,0.101299,1,0,0,1,0.003848,0,0,0.003848,481,0
0,0.00260401,0.101299,0.101299,1,0,0,1,0.003856,0,0,0.003856,482,0
0,0.00260079,0.101299,0.101299,1,0,0,1,0.003864,0,0,0.003864,483,0
0,0.00259756,0.101299,0.101299,1,0,0,1,0.003872,0,0,0.003872,484,0
0,0.00259434,0.101299,0.101299,1,0,0,1,0.00388,0,0,0.00388,485,0
0,0.00259112,0.101299,0.101299,1,0,0,1,0.003888,0,0,0.003888,486,0
0,0.00258788,0.101296,0.101296,1,0,0,1,0.003896,0,0,0.003896,487,0
0,0.00258463,0.101288,0.101288,1,0,0,1,0.003904,0,0,0.003904,488,0
0,0.00258138,0.10128,0.10128,1,0,0,1,0.003912,0,0,0.003912,489,0
0,0.00257813,0.101271,0.101271,1,0,0,1,0.00392,0,0,0.00392,490,0
0,0.00257487,0.101263,0.101263,1,0,0,1,0.003928,0,0,0.003928,491,0
0,0.00257162,0.101255,0.101255,1,0,0,1,0.003936,0,0,0.003936,492,0
0,0.00256837,0.101247,0.101247,1,0,0,1,0.003944,0,0,0.003944,493,0
0,0.00256512,0.101238,0.101238,1,0,0,1,0.003952,0,0,0.003952,494,0
0,0.00256187,0.10123,0.10123,1,0,0,1,0.00396,0,0,0.00396,495,0
0,0.00255861,0.101222,0.101222,1,0,0,1,0.003968,0,0,0.003968,496,0
0,0.00255536,0.101214,0.101214,1,0,0,1,0.003976,0,0,0.003976,497,0
0,0.00255211,0.101205,0.101205,1,0,0,1,0.003984,0,0,0.003984,498,0
0,0.00254886,0.101197,0.101197,1,0,0,1,0.003992,0,0,0.003992,499,0
0,0.00254564,0.10119,0.10119,1,0,0,1,0.004,0,0,0.004,500,0
0,0.00254242,0.101183,0.101183,1,0,0,1,0.004008,0,0,0.004008,501,0
0,0.0025392,0.101177,0.101177,1,0,0,1,0.004016,0,0,0.004016,502,0
0,0.00253598,0.10117,0.10117,1,0,0,1,0.004024,0,0,0.004024,503,0
0,0.00253276,0.101163,0.101163,1,0,0,1,0.004032,0,0,0.004032,504,0
0,0.00252954,0.101156,0.101156,1,0,0,1,0.00404,0,0,0.00404,505,0
0,0.00252633,0.10115,0.10115,1,0,0,1,0.004048,0,0,0.004048,506,0
0,0.00252311,0.101143,0.101143,1,0,0,1,0.004056,0,0,0.004056,507,0
0,0.00251989,0.101136,0.101136,1,0,0,1,0.004064,0,0,0.004064,508,0
0,0.00251667,0.101129,0.101129,1,0,0,1,0.004072,0,0,0.004072,509,0
0,0.00251345,0.101123,0.101123,1,0,0,1,0.00408,0,0,0.00408,510,0
0,0.00251023,0.101116,0.101116,1,0,0,1,0.004088,0,0,0.004088,511,0
7.73154e-019,0.00250685,0.101111,0.101111,1,0,0,1,0.004096,0,0,0.004096,512,0
7.74784e-019,0.00250323,0.101107,0.101107,1,0,0,1,0.004104,0,0,0.004104,513,0
7.76414e-019,0.00249961,0.101103,0.101103,1,0,0,1,0.004112,0,0,0.004112,514,0
7.78043e-019,0.00249599,0.101099,0.101099,1,0,0,1,0.00412,0,0,0.00412,515,0
7.79673e-019,0.00249237,0.101096,0.101096,1,0,0,1,0.004128,0,0,0.004128,516,0
7.81303e-019,0.00248875,0.101092,0.101092,1,0,0,1,0.004136,0,0,0.004136,517,0
7.82933e-019,0.00248513,0.101088,0.101088,1,0,0,1,0.004144,0,0,0.004144,518,0
7.84562e-019,0.00248151,0.101085,0.101085,1,0,0,1,0.004152,0,0,0.004152,519,0
7.86192e-019,0.00247789,0.101081,0.101081,1,0,0,1,0.00416,0,0,0.00416,520,0
7.87822e-019,0.00247427,0.101077,0.101077,1,0,0,1,0.004168,0,0,0.004168,521,0
7.89451e-019,0.00247065,0.101074,0.101074,1,0,0,1,0.004176,0,0,0.004176,522,0
7.91081e-019,0.00246703,0.10107,0.10107,1,0,0,1,0.004184,0,0,0.004184,523,0
7.92711e-019,0.00246341,0.101066,0.101066,1,0,0,1,0.004192,0,0,0.004192,524,0
7.46814e-019,0.00245944,0.101056,0.101056,1,0,0,1,0.0042,0,0,0.0042,525,0
7.46814e-019,0.00245544,0.101046,0.101046,1,0,0,1,0.004208,0,0,0.004208,526,0
7.46814e-019,0.00245145,0.101036,0.101036,1,0,0,1,0.004216,0,0,0.004216,527,0
7.54844e-019,0.00244745,0.101026,0.101026,1,0,0,1,0.004224,0,0,0.004224,528,0
7.46814e-019,0.00244345,0.101015,0.101015,1,0,0,1,0.004232,0,0,0.004232,529,0
7.38783e-019,0.00243946,0.101005,0.101005,1,0,0,1,0.00424,0,0,0.00424,530,0
7.03126e-034,0.00243546,0.100995,0.100995,1,0,0,1,0.004248,0,0,0.004248,531,0
7.03851e-034,0.00243146,0.100984,0.100984,1,0,0,1,0.004256,0,0,0.004256,532,0
7.04576e-034,0.00242747,0.100974,0.100974,1,0,0,1,0.004264,0,0,0.004264,533,0
7.05301e-034,0.00242347,0.100964,0.100964,1,0,0,1,0.004272,0,0,0.004272,534,0
7.06025e-034,0.00241947,0.100954,0.100954,1,0,0,1,0.00428,0,0,0.00428,535,0
7.0675e-034,0.00241548,0.100943,0.100943,1,0,0,1,0.004288,0,0,0.004288,536,0
0,0.00241143,0.100941,0.100941,1,0,0,1,0.004296,0,0,0.004296,537,0
0,0.00240733,0.100944,0.100944,1,0,0,1,0.004304,0,0,0.004304,538,0
0,0.00240324,0.100947,0.100947,1,0,0,1,0.004312,0,0,0.004312,539,0
0,0.00239914,0.10095,0.10095,1,0,0,1,0.00432,0,0,0.00432,540,0
0,0.00239505,0.100953,0.100953,1,0,0,1,0.004328,0,0,0.004328,541,0
0,0.00239096,0.100957,0.100957,1,0,0,1,0.004336,0,0,0.004336,542,0
0,0.00238686,0.10096,0.10096,1,0,0,1,0.004344,0,0,0.004344,543,0
0,0.00238277,0.100963,0.100963,1,0,0,1,0.004352,0,0,0.004352,544,0
0,0.00237867,0.100966,0.100966,1,0,0,1,0.00436,0,0,0.00436,545,0
0,0.00237458,0.100969,0.100969,1,0,0,1,0.004368,0,0,0.004368,546,0
0,0.00237049,0.100972,0.100972,1,0,0,1,0.004376,0,0,0.004376,547,0
0,0.00236639,0.100976,0.100976,1,0,0,1,0.004384,0,0,0.004384,548,0
8.02676e-019,0.00236217,0.100975,0.100975,1,0,0,1,0.004392,0,0,0.004392,549,0
7.94443e-019,0.00235754,0.100962,0.100962,1,0,0,1,0.0044,0,0,0.0044,550,0
7.98559e-019,0.0023529,0.100949,0.100949,1,0,0,1,0.004408,0,0,0.004408,551,0
7.98559e-019,0.00234827,0.100936,0.100936,1,0,0,1,0.004416,0,0,0.004416,552,0
7.98559e-019,0.00234363,0.100923,0.100923,1,0,0,1,0.004424,0,0,0.004424,553,0
8.02676e-019,0.002339,0.10091,0.10091,1,0,0,1,0.004432,0,0,0.004432,554,0
8.02676e-019,0.00233436,0.100897,0.100897,1,0,0,1,0.00444,0,0,0.00444,555,0
8.04734e-019,0.00232973,0.100884,0.100884,1,0,0,1,0.004448,0,0,0.004448,556,0
8.00617e-019,0.00232509,0.100871,0.100871,1,0,0,1,0.004456,0,0,0.004456,557,0
8.00617e-019,0.00232046,0.100858,0.100858,1,0,0,1,0.004464,0,0,0.004464,558,0
8.02161e-019,0.00231582,0.100845,0.100845,1,0,0,1,0.004472,0,0,0.004472,559,0
8.01389e-019,0.00231119,0.100832,0.100832,1,0,0,1,0.00448,0,0,0.00448,560,0
0,0.00230647,0.100829,0.100829,1,0,0,1,0.004488,0,0,0.004488,561,0
0,0.00230173,0.100826,0.100826,1,0,0,1,0.004496,0,0,0.004496,562,0
0,0.002297,0.100824,0.100824,1,0,0,1,0.004504,0,0,0.004504,563,0
0,0.00229227,0.100821,0.100821,1,0,0,1,0.004512,0,0,0.004512,564,0
0,0.00228754,0.100818,0.100818,1,0,0,1,0.00452,0,0,0.00452,565,0
0,0.00228281,0.100816,0.100816,1,0,0,1,0.004528,0,0,0.004528,566,0
0,0.00227808,0.100813,0.100813,1,0,0,1,0.004536,0,0,0.004536,567,0
0,0.00227335,0.100811,0.100811,1,0,0,1,0.004544,0,0,0.004544,568,0
0,0.00226862,0.100808,0.100808,1,0,0,1,0.004552,0,0,0.004552,569,0
0,0.00226389,0.100806,0.100806,1,0,0,1,0.00456,0,0,0.00456,570,0
0,0.00225916,0.100803,0.100803,1,0,0,1,0.004568,0,0,0.004568,571,0
8.22981e-034,0.00225449,0.100798,0.100798,1,0,0,1,0.004576,0,0,0.004576,572,0
8.22981e-034,0.00224987,0.100791,0.100791,1,0,0,1,0.004584,0,0,0.004584,573,0
8.22981e-034,0.00224525,0.100783,0.100783,1,0,0,1,0.004592,0,0,0.004592,574,0
8.29055e-034,0.00224063,0.100776,0.100776,1,0,0,1,0.0046,0,0,0.0046,575,0
8.29055e-034,0.00223601,0.100769,0.100769,1,0,0,1,0.004608,0,0,0.004608,576,0
8.29055e-034,0.00223138,0.100762,0.100762,1,0,0,1,0.004616,0,0,0.004616,577,0
8.29055e-034,0.00222676,0.100755,0.100755,1,0,0,1,0.004624,0,0,0.004624,578,0
7.59384e-019,0.00222214,0.100747,0.100747,1,0,0,1,0.004632,0,0,0.004632,579,0
7.6013e-019,0.00221752,0.10074,0.10074,1,0,0,1,0.00464,0,0,0.00464,580,0
7.60876e-019,0.0022129,0.100733,0.100733,1,0,0,1,0.004648,0,0,0.004648,581,0
7.61622e-019,0.00220827,0.100726,0.100726,1,0,0,1,0.004656,0,0,0.004656,582,0
7.62368e-019,0.00220365,0.100719,0.100719,1,0,0,1,0.004664,0,0,0.004664,583,0
7.63114e-019,0.00219903,0.100712,0.100712,1,0,0,1,0.004672,0,0,0.004672,584,0
7.02378e-019,0.00219419,0.100706,0.100706,1,0,0,1,0.00468,0,0,0.00468,585,0
7.03064e-019,0.00218855,0.100707,0.100707,1,0,0,1,0.004688,0,0,0.004688,586,0
7.0375e-019,0.00218292,0.100708,0.100708,1,0,0,1,0.004696,0,0,0.004696,587,0
7.04435e-019,0.00217729,0.100709,0.100709,1,0,0,1,0.004704,0,0,0.004704,588,0
7.05121e-019,0.00217166,0.10071,0.10071,1,0,0,1,0.004712,0,0,0.004712,589,0
7.05807e-019,0.00216602,0.100711,0.100711,1,0,0,1,0.00472,0,0,0.00472,590,0
7.06493e-019,0.00216039,0.100713,0.100713,1,0,0,1,0.004728,0,0,0.004728,591,0
7.07179e-019,0.00215476,0.100714,0.100714,1,0,0,1,0.004736,0,0,0.004736,592,0
7.07865e-019,0.00214912,0.100715,0.100715,1,0,0,1,0.004744,0,0,0.004744,593,0
7.08551e-019,0.00214349,0.100716,0.100716,1,0,0,1,0.004752,0,0,0.004752,594,0
7.09237e-019,0.00213786,0.100717,0.100717,1,0,0,1,0.00476,0,0,0.00476,595,0
7.09922e-019,0.00213222,0.100718,0.100718,1,0,0,1,0.004768,0,0,0.004768,596,0
7.10608e-019,0.00212659,0.100719,0.100719,1,0,0,1,0.004776,0,0,0.004776,597,0
7.11294e-019,0.00212096,0.10072,0.10072,1,0,0,1,0.004784,0,0,0.004784,598,0
0,0.00211413,0.100715,0.100715,1,0,0,1,0.004792,0,0,0.004792,599,0
0,0.00210707,0.10071,0.10071,1,0,0,1,0.0048,0,0,0.0048,600,0
0,0.00210001,0.100704,0.100704,1,0,0,1,0.004808,0,0,0.004808,601,0
0,0.00209296,0.100699,0.100699,1,0,0,1,0.004816,0,0,0.004816,602,0
0,0.0020859,0.100693,0.100693,1,0,0,1,0.004824,0,0,0.004824,603,0
0,0.00207885,0.100688,0.100688,1,0,0,1,0.004832,0,0,0.004832,604,0
0,0.00207179,0.100682,0.100682,1,0,0,1,0.00484,0,0,0.00484,605,0
0,0.00206474,0.100677,0.100677,1,0,0,1,0.004848,0,0,0.004848,606,0
0,0.00205768,0.100671,0.100671,1,0,0,1,0.004856,0,0,0.004856,607,0
0,0.00205063,0.100665,0.100665,1,0,0,1,0.004864,0,0,0.004864,608,0
0,0.00204357,0.10066,0.10066,1,0,0,1,0.004872,0,0,0.004872,609,0
0,0.00203652,0.100654,0.100654,1,0,0,1,0.00488,0,0,0.00488,610,0
0,0.00202946,0.100649,0.100649,1,0,0,1,0.004888,0,0,0.004888,611,0
0,0.00202241,0.100643,0.100643,1,0,0,1,0.004896,0,0,0.004896,612,0
0,0.00201535,0.100638,0.100638,1,0,0,1,0.004904,0,0,0.004904,613,0
0,0.00200791,0.100631,0.100631,1,0,0,1,0.004912,0,0,0.004912,614,0
0,0.00200041,0.100623,0.100623,1,0,0,1,0.00492,0,0,0.00492,615,0
0,0.00199292,0.100616,0.100616,1,0,0,1,0.004928,0,0,0.004928,616,0
0,0.00198542,0.100608,0.100608,1,0,0,1,0.004936,0,0,0.004936,617,0
0,0.00197792,0.100601,0.100601,1,0,0,1,0.004944,0,0,0.004944,618,0
0,0.00197042,0.100594,0.100594,1,0,0,1,0.004952,0,0,0.004952,619,0
0,0.00196292,0.100586,0.100586,1,0,0,1,0.00496,0,0,0.00496,620,0
0,0.00195543,0.100579,0.100579,1,0,0,1,0.004968,0,0,0.004968,621,0
0,0.00194793,0.100571,0.100571,1,0,0,1,0.004976,0,0,0.004976,622,0
0,0.00194043,0.100564,0.100564,1,0,0,1,0.004984,0,0,0.004984,623,0
0,0.00193293,0.100557,0.100557,1,0,0,1,0.004992,0,0,0.004992,624,0
0,0.00192543,0.100549,0.100549,1,0,0,1,0.005,0,0,0.005,625,0
0,0.00191794,0.100542,0.100542,1,0,0,1,0.005008,0,0,0.005008,626,0
0,0.00191044,0.100534,0.100534,1,0,0,1,0.005016,0,0,0.005016,627,0
0,0.00190294,0.100527,0.100527,1,0,0,1,0.005024,0,0,0.005024,628,0
5.78474e-034,0.0018952,0.100528,0.100528,1,0,0,1,0.005032,0,0,0.005032,629,0
5.78474e-034,0.00188743,0.100529,0.100529,1,0,0,1,0.00504,0,0,0.00504,630,0
5.78474e-034,0.00187966,0.100531,0.100531,1,0,0,1,0.005048,0,0,0.005048,631,0
5.78474e-034,0.00187189,0.100533,0.100533,1,0,0,1,0.005056,0,0,0.005056,632,0
5.78474e-034,0.00186412,0.100534,0.100534,1,0,0,1,0.005064,0,0,0.005064,633,0
5.78474e-034,0.00185636,0.100536,0.100536,1,0,0,1,0.005072,0,0,0.005072,634,0
5.6867e-034,0.00184859,0.100538,0.100538,1,0,0,1,0.00508,0,0,0.00508,635,0
5.78474e-034,0.00184082,0.100539,0.100539,1,0,0,1,0.005088,0,0,0.005088,636,0
5.6867e-034,0.00183305,0.100541,0.100541,1,0,0,1,0.005096,0,0,0.005096,637,0
5.88279e-034,0.00182528,0.100543,0.100543,1,0,0,1,0.005104,0,0,0.005104,638,0
5.78474e-034,0.00181751,0.100545,0.100545,1,0,0,1,0.005112,0,0,0.005112,639,0
5.78474e-034,0.00180974,0.100546,0.100546,1,0,0,1,0.00512,0,0,0.00512,640,0
5.88279e-034,0.00180197,0.100548,0.100548,1,0,0,1,0.005128,0,0,0.005128,641,0
8.74282e-034,0.00179419,0.100547,0.100547,1,0,0,1,0.005136,0,0,0.005136,642,0
8.74282e-034,0.00178641,0.100541,0.100541,1,0,0,1,0.005144,0,0,0.005144,643,0
8.74282e-034,0.00177863,0.100535,0.100535,1,0,0,1,0.005152,0,0,0.005152,644,0
8.74282e-034,0.00177085,0.100529,0.100529,1,0,0,1,0.00516,0,0,0.00516,645,0
8.74282e-034,0.00176307,0.100523,0.100523,1,0,0,1,0.005168,0,0,0.005168,646,0
8.74282e-034,0.00175529,0.100517,0.100517,1,0,0,1,0.005176,0,0,0.005176,647,0
8.74282e-034,0.00174751,0.100511,0.100511,1,0,0,1,0.005184,0,0,0.005184,648,0
8.45929e-019,0.00173972,0.100505,0.100505,1,0,0,1,0.005192,0,0,0.005192,649,0
8.45929e-019,0.00173194,0.100499,0.100499,1,0,0,1,0.0052,0,0,0.0052,650,0
8.45929e-019,0.00172416,0.100493,0.100493,1,0,0,1,0.005208,0,0,0.005208,651,0
8.45929e-019,0.00171638,0.100487,0.100487,1,0,0,1,0.005216,0,0,0.005216,652,0
8.45929e-019,0.0017086,0.100481,0.100481,1,0,0,1,0.005224,0,0,0.005224,653,0
8.45929e-019,0.00170082,0.100476,0.100476,1,0,0,1,0.005232,0,0,0.005232,654,0
8.45929e-019,0.00169304,0.10047,0.10047,1,0,0,1,0.00524,0,0,0.00524,655,0
7.85452e-019,0.00168522,0.100473,0.100473,1,0,0,1,0.005248,0,0,0.005248,656,0
7.85452e-019,0.00167741,0.100476,0.100476,1,0,0,1,0.005256,0,0,0.005256,657,0
7.85452e-019,0.00166959,0.10048,0.10048,1,0,0,1,0.005264,0,0,0.005264,658,0
7.85452e-019,0.00166178,0.100484,0.100484,1,0,0,1,0.005272,0,0,0.005272,659,0
7.85452e-019,0.00165396,0.100488,0.100488,1,0,0,1,0.00528,0,0,0.00528,660,0
7.85452e-019,0.00164615,0.100492,0.100492,1,0,0,1,0.005288,0,0,0.005288,661,0
7.56708e-034,0.00163833,0.100496,0.100496,1,0,0,1,0.005296,0,0,0.005296,662,0
7.56708e-034,0.00163052,0.1005,0.1005,1,0,0,1,0.005304,0,0,0.005304,663,0
7.56708e-034,0.0016227,0.100504,0.100504,1,0,0,1,0.005312,0,0,0.005312,664,0
7.56708e-034,0.00161488,0.100508,0.100508,1,0,0,1,0.00532,0,0,0.00532,665,0
7.56708e-034,0.00160707,0.100512,0.100512,1,0,0,1,0.005328,0,0,0.005328,666,0
7.56708e-034,0.00159925,0.100516,0.100516,1,0,0,1,0.005336,0,0,0.005336,667,0
7.56708e-034,0.00159144,0.10052,0.10052,1,0,0,1,0.005344,0,0,0.005344,668,0
7.12277e-034,0.00158357,0.100522,0.100522,1,0,0,1,0.005352,0,0,0.005352,669,0
7.12277e-034,0.00157562,0.100521,0.100521,1,0,0,1,0.00536,0,0,0.00536,670,0
7.12277e-034,0.00156767,0.100521,0.100521,1,0,0,1,0.005368,0,0,0.005368,671,0
7.12277e-034,0.00155972,0.10052,0.10052,1,0,0,1,0.005376,0,0,0.005376,672,0
7.12277e-034,0.00155177,0.100519,0.100519,1,0,0,1,0.005384,0,0,0.005384,673,0
7.12277e-034,0.00154382,0.100519,0.100519,1,0,0,1,0.005392,0,0,0.005392,674,0
7.12277e-034,0.00153587,0.100518,0.100518,1,0,0,1,0.0054,0,0,0.0054,675,0
7.12277e-034,0.00152792,0.100518,0.100518,1,0,0,1,0.005408,0,0,0.005408,676,0
7.12277e-034,0.00151997,0.100517,0.100517,1,0,0,1,0.005416,0,0,0.005416,677,0
7.12277e-034,0.00151202,0.100516,0.100516,1,0,0,1,0.005424,0,0,0.005424,678,0
7.12277e-034,0.00150407,0.100516,0.100516,1,0,0,1,0.005432,0,0,0.005432,679,0
7.12277e-034,0.00149612,0.100515,0.100515,1,0,0,1,0.00544,0,0,0.00544,680,0
7.12277e-034,0.00148817,0.100515,0.100515,1,0,0,1,0.005448,0,0,0.005448,681,0
7.12277e-034,0.00148022,0.100514,0.100514,1,0,0,1,0.005456,0,0,0.005456,682,0
6.88171e-034,0.00147223,0.100514,0.100514,1,0,0,1,0.005464,0,0,0.005464,683,0
6.88171e-034,0.00146424,0.100514,0.100514,1,0,0,1,0.005472,0,0,0.005472,684,0
6.88171e-034,0.00145625,0.100514,0.100514,1,0,0,1,0.00548,0,0,0.00548,685,0
6.88171e-034,0.00144826,0.100513,0.100513,1,0,0,1,0.005488,0,0,0.005488,686,0
6.88171e-034,0.00144027,0.100513,0.100513,1,0,0,1,0.005496,0,0,0.005496,687,0
6.88171e-034,0.00143228,0.100513,0.100513,1,0,0,1,0.005504,0,0,0.005504,688,0
7.14286e-019,0.00142429,0.100513,0.100513,1,0,0,1,0.005512,0,0,0.005512,689,0
7.14286e-019,0.0014163,0.100513,0.100513,1,0,0,1,0.00552,0,0,0.00552,690,0
7.14286e-019,0.00140831,0.100513,0.100513,1,0,0,1,0.005528,0,0,0.005528,691,0
7.14286e-019,0.00140032,0.100513,0.100513,1,0,0,1,0.005536,0,0,0.005536,692,0
7.14286e-019,0.00139233,0.100512,0.100512,1,0,0,1,0.005544,0,0,0.005544,693,0
7.14286e-019,0.00138434,0.100512,0.100512,1,0,0,1,0.005552,0,0,0.005552,694,0
7.14286e-019,0.00137635,0.100512,0.100512,1,0,0,1,0.00556,0,0,0.00556,695,0
4.24524e-019,0.00136836,0.100513,0.100513,1,0,0,1,0.005568,0,0,0.005568,696,0
4.24816e-019,0.00136037,0.100514,0.100514,1,0,0,1,0.005576,0,0,0.005576,697,0
4.24816e-019,0.00135238,0.100516,0.100516,1,0,0,1,0.005584,0,0,0.005584,698,0
4.24524e-019,0.00134439,0.100517,0.100517,1,0,0,1,0.005592,0,0,0.005592,699,0
4.24816e-019,0.0013364,0.100519,0.100519,1,0,0,1,0.0056,0,0,0.0056,700,0
1.14665e-020,0.00132841,0.10052,0.10052,1,0,0,1,0.005608,0,0,0.005608,701,0
9.82847e-021,0.00132042,0.100522,0.100522,1,0,0,1,0.005616,0,0,0.005616,702,0
9.82847e-021,0.00131243,0.100523,0.100523,1,0,0,1,0.005624,0,0,0.005624,703,0
1.47427e-020,0.00130444,0.100525,0.100525,1,0,0,1,0.005632,0,0,0.005632,704,0
-2.38188e-007,0.00129645,0.100527,0.100527,1,0,0,1,0.00564,0,0,0.00564,705,0
-3.90164e-006,0.00128846,0.100539,0.100539,1,0,0,1,0.005648,0,0,0.005648,706,0
-7.56509e-006,0.00128047,0.100552,0.100552,1,0,0,1,0.005656,0,0,0.005656,707,0
-1.12285e-005,0.00127248,0.100565,0.100565,1,0,0,1,0.005664,0,0,0.005664,708,0
-1.4892e-005,0.00126449,0.100577,0.100577,1,0,0,1,0.005672,0,0,0.005672,709,0
-1.85554e-005,0.0012565,0.10059,0.10059,1,0,0,1,0.00568,0,0,0.00568,710,0
-2.22189e-005,0.00124851,0.100603,0.100603,1,0,0,1,0.005688,0,0,0.005688,711,0
-2.58821e-005,0.00124052,0.100615,0.100615,1,0,0,1,0.005696,0,0,0.005696,712,0
-2.95456e-005,0.00123253,0.100628,0.100628,1,0,0,1,0.005704,0,0,0.005704,713,0
-3.3209e-005,0.00122454,0.10064,0.10064,1,0,0,1,0.005712,0,0,0.005712,714,0
-4.00004e-005,0.00121655,0.100653,0.100653,1,0,0,1,0.00572,0,0,0.00572,715,0
-4.80005e-005,0.00120856,0.100666,0.100666,1,0,0,1,0.005728,0,0,0.005728,716,0
-5.60005e-005,0.00120057,0.100679,0.100679,1,0,0,1,0.005736,0,0,0.005736,717,0
-6.40005e-005,0.00119257,0.100692,0.100692,1,0,0,1,0.005744,0,0,0.005744,718,0
-7.20005e-005,0.00118458,0.100705,0.100705,1,0,0,1,0.005752,0,0,0.005752,719,0
-8e-005,0.00117659,0.100718,0.100718,1,0,0,1,0.00576,0,0,0.00576,720,0
-8.8e-005,0.0011686,0.100731,0.100731,1,0,0,1,0.005768,0,0,0.005768,721,0
-9.60001e-005,0.00116061,0.100744,0.100744,1,0,0,1,0.005776,0,0,0.005776,722,0
-0.000104,0.00115262,0.100755,0.100755,1,0,0,1,0.005784,0,0,0.005784,723,0
-0.000112,0.00114463,0.100761,0.100761,1,0,0,1,0.005792,0,0,0.005792,724,0
-0.00012,0.00113664,0.100767,0.100767,1,0,0,1,0.0058,0,0,0.0058,725,0
-0.000127999,0.00112865,0.100774,0.100774,1,0,0,1,0.005808,0,0,0.005808,726,0
-0.000135999,0.00112066,0.10078,0.10078,1,0,0,1,0.005816,0,0,0.005816,727,0
-0.000143998,0.00111267,0.100786,0.100786,1,0,0,1,0.005824,0,0,0.005824,728,0
-0.000151998,0.00110468,0.100792,0.100792,1,0,0,1,0.005832,0,0,0.005832,729,0
-0.000159998,0.00109669,0.100798,0.100798,1,0,0,1,0.00584,0,0,0.00584,730,0
-0.000167998,0.0010887,0.100804,0.100804,1,0,0,1,0.005848,0,0,0.005848,731,0
-0.000175998,0.00108071,0.10081,0.10081,1,0,0,1,0.005856,0,0,0.005856,732,0
-0.000183997,0.00107272,0.100816,0.100816,1,0,0,1,0.005864,0,0,0.005864,733,0
-0.000191997,0.00106473,0.100822,0.100822,1,0,0,1,0.005872,0,0,0.005872,734,0
-0.000199996,0.00105674,0.100829,0.100829,1,0,0,1,0.00588,0,0,0.00588,735,0
-0.000207996,0.00104875,0.100835,0.100835,1,0,0,1,0.005888,0,0,0.005888,736,0
-0.000215996,0.00104076,0.100841,0.100841,1,0,0,1,0.005896,0,0,0.005896,737,0
-0.000223996,0.00103277,0.100847,0.100847,1,0,0,1,0.005904,0,0,0.005904,738,0
-0.000231995,0.00102478,0.100853,0.100853,1,0,0,1,0.005912,0,0,0.005912,739,0
-0.000239995,0.00101679,0.100862,0.100862,1,0,0,1,0.00592,0,0,0.00592,740,0
-0.000247996,0.0010088,0.100883,0.100883,1,0,0,1,0.005928,0,0,0.005928,741,0
-0.000255997,0.00100081,0.100904,0.100904,1,0,0,1,0.005936,0,0,0.005936,742,0
-0.000263997,0.000992818,0.100926,0.100926,1,0,0,1,0.005944,0,0,0.005944,743,0
-0.000271998,0.000984827,0.100947,0.100947,1,0,0,1,0.005952,0,0,0.005952,744,0
-0.000279998,0.000976835,0.100968,0.100968,1,0,0,1,0.00596,0,0,0.00596,745,0
-0.000287999,0.000968844,0.100989,0.100989,1,0,0,1,0.005968,0,0,0.005968,746,0
-0.000296,0.000960853,0.101011,0.101011,1,0,0,1,0.005976,0,0,0.005976,747,0
-0.000304,0.000952862,0.101032,0.101032,1,0,0,1,0.005984,0,0,0.005984,748,0
-0.000312001,0.000944871,0.10105,0.10105,1,0,0,1,0.005992,0,0,0.005992,749,0
-0.00032,0.000936881,0.101066,0.101066,1,0,0,1,0.006,0,0,0.006,750,0
-0.000328,0.00092889,0.101082,0.101082,1,0,0,1,0.006008,0,0,0.006008,751,0
-0.000336,0.0009209,0.101099,0.101099,1,0,0,1,0.006016,0,0,0.006016,752,0
-0.000344,0.00091291,0.101115,0.101115,1,0,0,1,0.006024,0,0,0.006024,753,0
-0.000352,0.000904919,0.101131,0.101131,1,0,0,1,0.006032,0,0,0.006032,754,0
-0.000360001,0.000896929,0.101147,0.101147,1,0,0,1,0.00604,0,0,0.00604,755,0
-0.000368001,0.000888938,0.101164,0.101164,1,0,0,1,0.006048,0,0,0.006048,756,0
-0.000376001,0.000880948,0.10118,0.10118,1,0,0,1,0.006056,0,0,0.006056,757,0
-0.000384,0.000872958,0.101196,0.101196,1,0,0,1,0.006064,0,0,0.006064,758,0
-0.000392,0.000864968,0.101212,0.101212,1,0,0,1,0.006072,0,0,0.006072,759,0
-0.0004,0.000856977,0.101229,0.101229,1,0,0,1,0.00608,0,0,0.00608,760,0
-0.000408,0.000848987,0.101245,0.101245,1,0,0,1,0.006088,0,0,0.006088,761,0
-0.000416,0.000840996,0.101261,0.101261,1,0,0,1,0.006096,0,0,0.006096,762,0
-0.000424001,0.000833006,0.101277,0.101277,1,0,0,1,0.006104,0,0,0.006104,763,0
-0.000432001,0.000825016,0.101294,0.101294,1,0,0,1,0.006112,0,0,0.006112,764,0
-0.000440001,0.000817025,0.10131,0.10131,1,0,0,1,0.00612,0,0,0.00612,765,0
-0.000448,0.000809035,0.101326,0.101326,1,0,0,1,0.006128,0,0,0.006128,766,0
-0.000456,0.000801045,0.101342,0.101342,1,0,0,1,0.006136,0,0,0.006136,767,0
-0.000464,0.000793054,0.101362,0.101362,1,0,0,1,0.006144,0,0,0.006144,768,0
-0.000472,0.000785064,0.101388,0.101388,1,0,0,1,0.006152,0,0,0.006152,769,0
-0.00048,0.000777074,0.101415,0.101415,1,0,0,1,0.00616,0,0,0.00616,770,0
-0.000488,0.000769084,0.101442,0.101442,1,0,0,1,0.006168,0,0,0.006168,771,0
-0.000496,0.000761094,0.101469,0.101469,1,0,0,1,0.006176,0,0,0.006176,772,0
-0.000504,0.000753103,0.101496,0.101496,1,0,0,1,0.006184,0,0,0.006184,773,0
-0.000511999,0.000745114,0.101523,0.101523,1,0,0,1,0.006192,0,0,0.006192,774,0
-0.000519999,0.000737123,0.10155,0.10155,1,0,0,1,0.0062,0,0,0.0062,775,0
-0.000527999,0.000729133,0.101576,0.101576,1,0,0,1,0.006208,0,0,0.006208,776,0
-0.000535998,0.000721143,0.101603,0.101603,1,0,0,1,0.006216,0,0,0.006216,777,0
-0.000543998,0.000713153,0.10163,0.10163,1,0,0,1,0.006224,0,0,0.006224,778,0
-0.000551998,0.000705163,0.101657,0.101657,1,0,0,1,0.006232,0,0,0.006232,779,0
-0.000559998,0.000697172,0.101684,0.101684,1,0,0,1,0.00624,0,0,0.00624,780,0
-0.000567997,0.000689183,0.101711,0.101711,1,0,0,1,0.006248,0,0,0.006248,781,0
-0.000575997,0.000681192,0.101738,0.101738,1,0,0,1,0.006256,0,0,0.006256,782,0
-0.000583997,0.000673202,0.101765,0.101765,1,0,0,1,0.006264,0,0,0.006264,783,0
-0.000591998,0.000665211,0.101793,0.101793,1,0,0,1,0.006272,0,0,0.006272,784,0
-0.000599999,0.00065722,0.101821,0.101821,1,0,0,1,0.00628,0,0,0.00628,785,0
-0.000607999,0.000649229,0.10185,0.10185,1,0,0,1,0.006288,0,0,0.006288,786,0
-0.000616,0.000641238,0.101878,0.101878,1,0,0,1,0.006296,0,0,0.006296,787,0
-0.000624,0.000633248,0.101906,0.101906,1,0,0,1,0.006304,0,0,0.006304,788,0
-0.000632,0.000625257,0.101935,0.101935,1,0,0,1,0.006312,0,0,0.006312,789,0
-0.000640001,0.000617266,0.101963,0.101963,1,0,0,1,0.00632,0,0,0.00632,790,0
-0.000648002,0.000609275,0.101991,0.101991,1,0,0,1,0.006328,0,0,0.006328,791,0
-0.000656002,0.000601284,0.10202,0.10202,1,0,0,1,0.006336,0,0,0.006336,792,0
-0.000664003,0.000593294,0.102048,0.102048,1,0,0,1,0.006344,0,0,0.006344,793,0
-0.000672003,0.000585303,0.102076,0.102076,1,0,0,1,0.006352,0,0,0.006352,794,0
-0.000680004,0.000577312,0.102105,0.102105,1,0,0,1,0.00636,0,0,0.00636,795,0
-0.000688005,0.000569321,0.102133,0.102133,1,0,0,1,0.006368,0,0,0.006368,796,0
-0.000696005,0.00056133,0.102161,0.102161,1,0,0,1,0.006376,0,0,0.006376,797,0
-0.000704005,0.00055334,0.102191,0.102191,1,0,0,1,0.006384,0,0,0.006384,798,0
-0.000712005,0.00054535,0.102229,0.102229,1,0,0,1,0.006392,0,0,0.006392,799,0
-0.000720005,0.00053736,0.102266,0.102266,1,0,0,1,0.0064,0,0,0.0064,800,0
-0.000728004,0.00052937,0.102303,0.102303,1,0,0,1,0.006408,0,0,0.006408,801,0
-0.000736004,0.00052138,0.10234,0.10234,1,0,0,1,0.006416,0,0,0.006416,802,0
-0.000744004,0.00051339,0.102377,0.102377,1,0,0,1,0.006424,0,0,0.006424,803,0
-0.000752003,0.0005054,0.102414,0.102414,1,0,0,1,0.006432,0,0,0.006432,804,0
-0.000760002,0.00049741,0.102451,0.102451,1,0,0,1,0.00644,0,0,0.00644,805,0
-0.000768002,0.00048942,0.102489,0.102489,1,0,0,1,0.006448,0,0,0.006448,806,0
-0.000776002,0.00048143,0.102526,0.102526,1,0,0,1,0.006456,0,0,0.006456,807,0
-0.000784002,0.00047344,0.102563,0.102563,1,0,0,1,0.006464,0,0,0.006464,808,0
-0.000792001,0.00046545,0.1026,0.1026,1,0,0,1,0.006472,0,0,0.006472,809,0
-0.000800001,0.00045746,0.102643,0.102643,1,0,0,1,0.00648,0,0,0.00648,810,0
-0.000808001,0.00044947,0.102686,0.102686,1,0,0,1,0.006488,0,0,0.006488,811,0
-0.000816,0.000441481,0.10273,0.10273,1,0,0,1,0.006496,0,0,0.006496,812,0
-0.000823999,0.000433491,0.102773,0.102773,1,0,0,1,0.006504,0,0,0.006504,813,0
-0.000831999,0.000425501,0.102817,0.102817,1,0,0,1,0.006512,0,0,0.006512,814,0
-0.000839999,0.000417511,0.10286,0.10286,1,0,0,1,0.00652,0,0,0.00652,815,0
-0.000847998,0.000409521,0.102904,0.102904,1,0,0,1,0.006528,0,0,0.006528,816,0
-0.000855998,0.000401531,0.102947,0.102947,1,0,0,1,0.006536,0,0,0.006536,817,0
-0.000863997,0.000393541,0.10299,0.10299,1,0,0,1,0.006544,0,0,0.006544,818,0
-0.000871997,0.000385551,0.103034,0.103034,1,0,0,1,0.006552,0,0,0.006552,819,0
-0.000879996,0.000377561,0.103077,0.103077,1,0,0,1,0.00656,0,0,0.00656,820,0
-0.000887996,0.000369571,0.103119,0.103119,1,0,0,1,0.006568,0,0,0.006568,821,0
-0.000895996,0.00036158,0.10316,0.10316,1,0,0,1,0.006576,0,0,0.006576,822,0
-0.000903996,0.00035359,0.103201,0.103201,1,0,0,1,0.006584,0,0,0.006584,823,0
-0.000911997,0.000345599,0.103242,0.103242,1,0,0,1,0.006592,0,0,0.006592,824,0
-0.000919997,0.000337609,0.103283,0.103283,1,0,0,1,0.0066,0,0,0.0066,825,0
-0.000927997,0.000329618,0.103324,0.103324,1,0,0,1,0.006608,0,0,0.006608,826,0
-0.000935996,0.000321628,0.103365,0.103365,1,0,0,1,0.006616,0,0,0.006616,827,0
-0.000943997,0.000313638,0.103406,0.103406,1,0,0,1,0.006624,0,0,0.006624,828,0
-0.000951997,0.000305647,0.103447,0.103447,1,0,0,1,0.006632,0,0,0.006632,829,0
-0.000959997,0.000297656,0.103488,0.103488,1,0,0,1,0.00664,0,0,0.00664,830,0
-0.000967997,0.000289666,0.103529,0.103529,1,0,0,1,0.006648,0,0,0.006648,831,0
-0.000975997,0.000281675,0.10357,0.10357,1,0,0,1,0.006656,0,0,0.006656,832,0
-0.000983997,0.000273685,0.103611,0.103611,1,0,0,1,0.006664,0,0,0.006664,833,0
-0.000991998,0.000265694,0.103663,0.103663,1,0,0,1,0.006672,0,0,0.006672,834,0
-0.000999997,0.000257704,0.103715,0.103715,1,0,0,1,0.00668,0,0,0.00668,835,0
-0.001008,0.000249713,0.103767,0.103767,1,0,0,1,0.006688,0,0,0.006688,836,0
-0.001016,0.000241722,0.103818,0.103818,1,0,0,1,0.006696,0,0,0.006696,837,0
-0.001024,0.000233731,0.10387,0.10387,1,0,0,1,0.006704,0,0,0.006704,838,0
-0.001032,0.00022574,0.103922,0.103922,1,0,0,1,0.006712,0,0,0.006712,839,0
-0.00104,0.000217749,0.103974,0.103974,1,0,0,1,0.00672,0,0,0.00672,840,0
-0.001048,0.000209759,0.104026,0.104026,1,0,0,1,0.006728,0,0,0.006728,841,0
-0.001056,0.000201768,0.104078,0.104078,1,0,0,1,0.006736,0,0,0.006736,842,0
-0.001064,0.000193777,0.104129,0.104129,1,0,0,1,0.006744,0,0,0.006744,843,0
-0.001072,0.000185787,0.104181,0.104181,1,0,0,1,0.006752,0,0,0.006752,844,0
-0.00108,0.000177796,0.104233,0.104233,1,0,0,1,0.00676,0,0,0.00676,845,0
-0.001088,0.000169805,0.104273,0.104273,0.99869,0,0,1,0.006768,0,0,0.006768,846,0
-0.001096,0.000161814,0.104294,0.104291,0.995087,0,0,1,0.006776,0,0,0.006776,847,0
-0.001104,0.000153822,0.104314,0.104309,0.991485,0,0,1,0.006784,0,0,0.006784,848,0
-0.001112,0.000145831,0.104335,0.104328,0.987883,0,0,1,0.006792,0,0,0.006792,849,0
-0.00112,0.00013784,0.104355,0.104346,0.984281,0,0,1,0.0068,0,0,0.0068,850,0
-0.001128,0.000129849,0.104375,0.104364,0.980679,0,0,1,0.006808,0,0,0.006808,851,0
-0.001136,0.000121858,0.104396,0.104383,0.977077,0,0,1,0.006816,0,0,0.006816,852,0
-0.001144,0.000113866,0.104416,0.104401,0.973475,0,0,1,0.006824,0,0,0.006824,853,0
-0.001152,0.000105875,0.104436,0.10442,0.969873,0,0,1,0.006832,0,0,0.006832,854,0
-0.00116,9.78836e-005,0.104457,0.104438,0.966271,0,0,1,0.00684,0,0,0.00684,855,0
-0.001168,8.98933e-005,0.104483,0.10445,0.935328,0,0,1,0.006848,0,0,0.006848,856,0
-0.001176,8.1903e-005,0.104509,0.104462,0.90088,0,0,1,0.006856,0,0,0.006856,857,0
-0.001184,7.39132e-005,0.104536,0.104473,0.866433,0,0,1,0.006864,0,0,0.006864,858,0
-0.001192,6.5923e-005,0.104563,0.104485,0.831985,0,0,1,0.006872,0,0,0.006872,859,0
-0.0012,5.79327e-005,0.104589,0.104497,0.797536,0,0,1,0.00688,0,0,0.00688,860,0
-0.001208,4.99425e-005,0.104616,0.104508,0.763087,0,0,1,0.006888,0,0,0.006888,861,0
-0.001216,4.19522e-005,0.104643,0.10452,0.728639,0,0,1,0.006896,0,0,0.006896,862,0
-0.001224,3.39619e-005,0.104669,0.104532,0.69419,0,0,1,0.006904,0,0,0.006904,863,0
-0.001232,2.59717e-005,0.104696,0.104543,0.659742,0,0,1,0.006912,0,0,0.006912,864,0
-0.00124,1.79796e-005,0.104726,0.104581,0.619301,0,0,1,0.00692,0,0,0.00692,865,0
-0.001248,9.98532e-006,0.104762,0.104658,0.570154,0,0,1,0.006928,0,0,0.006928,866,0
-0.001256,1.99056e-006,0.104797,0.104735,0.521004,0,0,1,0.006936,0,0,0.006936,867,0
-0.001264,-6.00419e-006,0.104833,0.104812,0.471854,0,0,1,0.006944,0,0,0.006944,868,0
-0.001272,-1.39989e-005,0.104868,0.104889,0.422703,0,0,1,0.006952,0,0,0.006952,869,0
-0.00128,-2.19937e-005,0.104904,0.104966,0.373553,0,0,1,0.00696,0,0,0.00696,870,0
-0.001288,-2.99885e-005,0.104939,0.105043,0.324403,0,0,1,0.006968,0,0,0.006968,871,0
-0.001296,-3.79832e-005,0.104975,0.10512,0.275253,0,0,1,0.006976,0,0,0.006976,872,0
-0.001304,-4.5978e-005,0.10501,0.105197,0.226103,0,0,1,0.006984,0,0,0.006984,873,0
-0.001312,-5.39722e-005,0.105046,0.105274,0.176956,0,0,1,0.006992,0,0,0.006992,874,0
-0.00132,-6.19673e-005,0.105043,0.105183,0.156673,0,0,1,0.007,0,0,0.007,875,0
-0.001328,-6.99623e-005,0.105038,0.10508,0.138562,0,0,1,0.007008,0,0,0.007008,876,0
-0.001336,-7.79573e-005,0.105033,0.104978,0.12045,0,0,1,0.007016,0,0,0.007016,877,0
-0.001344,-8.59523e-005,0.105028,0.104875,0.102339,0,0,1,0.007024,0,0,0.007024,878,0
-0.001352,-9.39473e-005,0.105023,0.104772,0.0842279,0,0,1,0.007032,0,0,0.007032,879,0
-0.00136,-0.000101942,0.105017,0.104669,0.0661166,0,0,1,0.00704,0,0,0.00704,880,0
-0.001368,-0.000109937,0.105012,0.104566,0.0480064,0,0,1,0.007048,0,0,0.007048,881,0
-0.001376,-0.000117932,0.105007,0.104463,0.0298952,0,0,1,0.007056,0,0,0.007056,882,0
-0.001384,-0.000125927,0.105002,0.10436,0.0117839,0,0,1,0.007064,0,0,0.007064,883,0
-0.001392,-0.000133922,0.104999,0.105251,0.00178871,0,0,1,0.007072,0,0,0.007072,884,0
-0.0014,-0.000141918,0.104999,0.107349,0.0016619,0,0,1,0.00708,0,0,0.00708,885,0
-0.001408,-0.000149913,0.104999,0.109447,0.00153508,0,0,1,0.007088,0,0,0.007088,886,0
-0.001416,-0.000157909,0.104999,0.111545,0.00140826,0,0,1,0.007096,0,0,0.007096,887,0
-0.001424,-0.000165905,0.104999,0.113643,0.00128145,0,0,1,0.007104,0,0,0.007104,888,0
-0.001432,-0.0001739,0.104999,0.115741,0.00115464,0,0,1,0.007112,0,0,0.007112,889,0
-0.00144,-0.000181895,0.104999,0.117839,0.00102783,0,0,1,0.00712,0,0,0.00712,890,0
-0.001448,-0.000189891,0.105,0.119937,0.00090101,0,0,1,0.007128,0,0,0.007128,891,0
-0.001456,-0.000197887,0.105,0.122035,0.000774194,0,0,1,0.007136,0,0,0.007136,892,0
-0.001464,-0.000205882,0.105,0.124133,0.000647379,0,0,1,0.007144,0,0,0.007144,893,0
-0.001472,-0.000213878,0.105,0.126232,0.000520563,0,0,1,0.007152,0,0,0.007152,894,0
-0.00148,-0.000221874,0.105,0.12833,0.000393748,0,0,1,0.00716,0,0,0.00716,895,0
-0.001488,-0.000229869,0.105,0.130428,0.000266933,0,0,1,0.007168,0,0,0.007168,896,0
-0.001496,-0.000237864,0.105,0.132526,0.000140124,0,0,1,0.007176,0,0,0.007176,897,0
-0.001504,-0.00024586,0.105,0.134624,1.3309e-005,0,0,1,0.007184,0,0,0.007184,898,0
-0.001512,-0.000253856,0.105,0.134486,-1.57544e-022,0,0,1,0.007192,0,0,0.007192,899,0
-0.00152,-0.000261852,0.105,0.134087,-1.57544e-022,0,0,1,0.0072,0,0,0.0072,900,0
-0.001528,-0.000269848,0.105,0.133687,-1.57544e-022,0,0,1,0.007208,0,0,0.007208,901,0
-0.001536,-0.000277844,0.105,0.133288,-1.57544e-022,0,0,1,0.007216,0,0,0.007216,902,0
-0.001544,-0.00028584,0.105,0.132888,-1.57544e-022,0,0,1,0.007224,0,0,0.007224,903,0
-0.001552,-0.000293835,0.105,0.132489,-1.57544e-022,0,0,1,0.007232,0,0,0.007232,904,0
-0.00156,-0.000301831,0.105,0.132089,-1.57544e-022,0,0,1,0.00724,0,0,0.00724,905,0
-0.001568,-0.000309827,0.105,0.131689,-1.57544e-022,0,0,1,0.007248,0,0,0.007248,906,0
-0.001576,-0.000317823,0.105,0.13129,-1.57544e-022,0,0,1,0.007256,0,0,0.007256,907,0
-0.001584,-0.000325819,0.105,0.13089,-1.57544e-022,0,0,1,0.007264,0,0,0.007264,908,0
-0.001592,-0.000333815,0.105,0.130491,-1.57544e-022,0,0,1,0.007272,0,0,0.007272,909,0
-0.0016,-0.000341811,0.105,0.130091,-1.57544e-022,0,0,1,0.00728,0,0,0.00728,910,0
-0.001608,-0.000349807,0.105,0.129443,-4.78133e-024,0,0,1,0.007288,0,0,0.007288,911,0
-0.001616,-0.000357801,0.105,0.12748,-4.74038e-024,0,0,1,0.007296,0,0,0.007296,912,0
-0.001624,-0.000365796,0.105,0.125517,-4.57307e-024,0,0,1,0.007304,0,0,0.007304,913,0
-0.001632,-0.000373791,0.105,0.123554,-4.68461e-024,0,0,1,0.007312,0,0,0.007312,914,0
-0.00164,-0.000381787,0.105,0.121591,-4.65673e-024,0,0,1,0.00732,0,0,0.00732,915,0
-0.001648,-0.000389782,0.105,0.119627,-4.65673e-024,0,0,1,0.007328,0,0,0.007328,916,0
-0.001656,-0.000397777,0.105,0.117664,-4.65673e-024,0,0,1,0.007336,0,0,0.007336,917,0
-0.001664,-0.000405772,0.105,0.115701,-4.74038e-024,0,0,1,0.007344,0,0,0.007344,918,0
-0.001672,-0.000413767,0.105,0.113738,-4.68461e-024,0,0,1,0.007352,0,0,0.007352,919,0
-0.00168,-0.000421762,0.105,0.111775,-4.68461e-024,0,0,1,0.00736,0,0,0.00736,920,0
-0.001688,-0.000429757,0.105,0.109811,-4.68461e-024,0,0,1,0.007368,0,0,0.007368,921,0
-0.001696,-0.000437752,0.105,0.107848,-4.74038e-024,0,0,1,0.007376,0,0,0.007376,922,0
-0.001704,-0.000445747,0.105,0.105885,-4.62884e-024,0,0,1,0.007384,0,0,0.007384,923,0
-0.001712,-0.000453743,0.105,0.104751,0,0,0,1,0.007392,0,0,0.007392,924,0
-0.00172,-0.000461738,0.105,0.104756,0,0,0,1,0.0074,0,0,0.0074,925,0
-0.001728,-0.000469734,0.105,0.104761,0,0,0,1,0.007408,0,0,0.007408,926,0
-0.001736,-0.000477729,0.105,0.104767,0,0,0,1,0.007416,0,0,0.007416,927,0
-0.001744,-0.000485724,0.105,0.104772,0,0,0,1,0.007424,0,0,0.007424,928,0
-0.001752,-0.00049372,0.105,0.104777,0,0,0,1,0.007432,0,0,0.007432,929,0
-0.00176,-0.000501715,0.105,0.104782,0,0,0,1,0.00744,0,0,0.00744,930,0
-0.001768,-0.000509711,0.105,0.104787,0,0,0,1,0.007448,0,0,0.007448,931,0
-0.001776,-0.000517707,0.105,0.104792,0,0,0,1,0.007456,0,0,0.007456,932,0
-0.001784,-0.000525702,0.105,0.104798,0,0,0,1,0.007464,0,0,0.007464,933,0
-0.001792,-0.000533698,0.105,0.104803,0,0,0,1,0.007472,0,0,0.007472,934,0
-0.0018,-0.000541693,0.105,0.104808,0,0,0,1,0.00748,0,0,0.00748,935,0
-0.001808,-0.000549688,0.105,0.104813,0,0,0,1,0.007488,0,0,0.007488,936,0
-0.001816,-0.000557684,0.105,0.104818,0,0,0,1,0.007496,0,0,0.007496,937,0
-0.001824,-0.000565679,0.105,0.104823,0,0,0,1,0.007504,0,0,0.007504,938,0
-0.001832,-0.000573675,0.105,0.104829,0,0,0,1,0.007512,0,0,0.007512,939,0
-0.00184,-0.00058167,0.105,0.104834,0,0,0,1,0.00752,0,0,0.00752,940,0
-0.001848,-0.000589666,0.105,0.104839,0,0,0,1,0.007528,0,0,0.007528,941,0
-0.001856,-0.000597662,0.105,0.104844,0,0,0,1,0.007536,0,0,0.007536,942,0
-0.001864,-0.000605657,0.105,0.104849,0,0,0,1,0.007544,0,0,0.007544,943,0
-0.001872,-0.000613652,0.105,0.104854,0,0,0,1,0.007552,0,0,0.007552,944,0
-0.00188,-0.000621648,0.105,0.104859,0,0,0,1,0.00756,0,0,0.00756,945,0
-0.001888,-0.000629643,0.105,0.104865,0,0,0,1,0.007568,0,0,0.007568,946,0
-0.001896,-0.000637639,0.105,0.10487,0,0,0,1,0.007576,0,0,0.007576,947,0
-0.001904,-0.000645634,0.105,0.104875,0,0,0,1,0.007584,0,0,0.007584,948,0
-0.001912,-0.00065363,0.105,0.10488,0,0,0,1,0.007592,0,0,0.007592,949,0
-0.00192,-0.000661625,0.105,0.104885,0,0,0,1,0.0076,0,0,0.0076,950,0
-0.001928,-0.000669621,0.105,0.10489,0,0,0,1,0.007608,0,0,0.007608,951,0
-0.001936,-0.000677616,0.105,0.104896,0,0,0,1,0.007616,0,0,0.007616,952,0
-0.001944,-0.000685612,0.105,0.104901,0,0,0,1,0.007624,0,0,0.007624,953,0
-0.001952,-0.000693607,0.105,0.104906,0,0,0,1,0.007632,0,0,0.007632,954,0
-0.00196,-0.000701603,0.105,0.104911,0,0,0,1,0.00764,0,0,0.00764,955,0
-0.001968,-0.000709598,0.105,0.104916,0,0,0,1,0.007648,0,0,0.007648,956,0
-0.001976,-0.000717594,0.105,0.104921,0,0,0,1,0.007656,0,0,0.007656,957,0
-0.001984,-0.000725589,0.105,0.104926,0,0,0,1,0.007664,0,0,0.007664,958,0
-0.001992,-0.000733585,0.105,0.104932,0,0,0,1,0.007672,0,0,0.007672,959,0
-0.002,-0.00074158,0.105,0.104937,0,0,0,1,0.00768,0,0,0.00768,960,0
-0.002008,-0.000749576,0.105,0.104942,0,0,0,1,0.007688,0,0,0.007688,961,0
-0.002016,-0.000757571,0.105,0.104947,0,0,0,1,0.007696,0,0,0.007696,962,0
-0.002024,-0.000765567,0.105,0.104952,0,0,0,1,0.007704,0,0,0.007704,963,0
-0.002032,-0.000773562,0.105,0.104957,0,0,0,1,0.007712,0,0,0.007712,964,0
-0.00204,-0.000781558,0.105,0.104963,0,0,0,1,0.00772,0,0,0.00772,965,0
-0.002048,-0.000789553,0.105,0.104968,0,0,0,1,0.007728,0,0,0.007728,966,0
-0.002056,-0.000797549,0.105,0.104973,0,0,0,1,0.007736,0,0,0.007736,967,0
-0.002064,-0.000805544,0.105,0.104978,0,0,0,1,0.007744,0,0,0.007744,968,0
-0.002072,-0.00081354,0.105,0.104983,0,0,0,1,0.007752,0,0,0.007752,969,0
-0.00208,-0.000821535,0.105,0.104988,0,0,0,1,0.00776,0,0,0.00776,970,0
-0.002088,-0.000829531,0.105,0.104993,0,0,0,1,0.007768,0,0,0.007768,971,0
-0.002096,-0.000837526,0.105,0.104999,0,0,0,1,0.007776,0,0,0.007776,972,0
-0.002104,-0.000845522,0.105,0.105004,0,0,0,1,0.007784,0,0,0.007784,973,0
-0.002112,-0.000853517,0.105,0.105009,0,0,0,1,0.007792,0,0,0.007792,974,0
-0.00212,-0.000861513,0.105,0.105014,0,0,0,1,0.0078,0,0,0.0078,975,0
-0.002128,-0.000869508,0.105,0.105019,0,0,0,1,0.007808,0,0,0.007808,976,0
-0.002136,-0.000877503,0.105,0.105024,0,0,0,1,0.007816,0,0,0.007816,977,0
-0.002144,-0.000885499,0.105,0.10503,0,0,0,1,0.007824,0,0,0.007824,978,0
-0.002152,-0.000893494,0.105,0.105035,0,0,0,1,0.007832,0,0,0.007832,979,0
-0.00216,-0.00090149,0.105,0.10504,0,0,0,1,0.00784,0,0,0.00784,980,0
-0.002168,-0.000909485,0.105,0.105045,0,0,0,1,0.007848,0,0,0.007848,981,0
-0.002176,-0.000917481,0.105,0.10505,0,0,0,1,0.007856,0,0,0.007856,982,0
-0.002184,-0.000925477,0.105,0.105055,0,0,0,1,0.007864,0,0,0.007864,983,0
-0.002192,-0.000933472,0.105,0.105061,0,0,0,1,0.007872,0,0,0.007872,984,0
-0.0022,-0.000941468,0.105,0.105066,0,0,0,1,0.00788,0,0,0.00788,985,0
-0.002208,-0.000949463,0.105,0.105071,0,0,0,1,0.007888,0,0,0.007888,986,0
-0.002216,-0.000957459,0.105,0.105076,0,0,0,1,0.007896,0,0,0.007896,987,0
-0.002224,-0.000965454,0.105,0.105081,0,0,0,1,0.007904,0,0,0.007904,988,0
-0.002232,-0.00097345,0.105,0.105086,0,0,0,1,0.007912,0,0,0.007912,989,0
-0.00224,-0.000981445,0.105,0.105091,0,0,0,1,0.00792,0,0,0.00792,990,0
-0.002248,-0.000989441,0.105,0.105097,0,0,0,1,0.007928,0,0,0.007928,991,0
-0.002256,-0.000997437,0.105,0.105102,0,0,0,1,0.007936,0,0,0.007936,992,0
-0.002264,-0.00100543,0.105,0.105107,0,0,0,1,0.007944,0,0,0.007944,993,0
-0.002272,-0.00101343,0.105,0.105112,0,0,0,1,0.007952,0,0,0.007952,994,0
-0.00228,-0.00102142,0.105,0.105117,0,0,0,1,0.00796,0,0,0.00796,995,0
-0.002288,-0.00102942,0.105,0.105122,0,0,0,1,0.007968,0,0,0.007968,996,0
-0.002296,-0.00103741,0.105,0.105128,0,0,0,1,0.007976,0,0,0.007976,997,0
-0.002304,-0.00104541,0.105,0.105133,0,0,0,1,0.007984,0,0,0.007984,998,0
-0.002312,-0.0010534,0.105,0.105138,0,0,0,1,0.007992,0,0,0.007992,999,0
-0.00232,-0.0010614,0.105,0.105143,0,0,0,1,0.008,0,0,0.008,1000,0
