Relative_C,Concentration_C,Concentration_Mn,Concentration_Si,vtkValidPointMask,arc_length,Points:0,Points:1,Points:2,vtkOriginalIndices,__vtkIsSelected__
1.46286,0.106536,0.638307,0.268978,1,0,0,0,0,0,0
1.39823,0.106468,0.638281,0.268967,1,8e-006,0,0,8e-006,1,0
1.3336,0.1064,0.638255,0.268957,1,1.6e-005,0,0,1.6e-005,2,0
1.26897,0.106332,0.63823,0.268946,1,2.4e-005,0,0,2.4e-005,3,1
1.20434,0.106265,0.638204,0.268936,1,3.2e-005,0,0,3.2e-005,4,0
1.13971,0.106197,0.638178,0.268925,1,4e-005,0,0,4e-005,5,0
1.07508,0.106129,0.638152,0.268914,1,4.8e-005,0,0,4.8e-005,6,0
1.01045,0.106061,0.638126,0.268904,1,5.6e-005,0,0,5.6e-005,7,0
0.945821,0.105993,0.638101,0.268893,1,6.4e-005,0,0,6.4e-005,8,0
0.881192,0.105925,0.638075,0.268883,1,7.2e-005,0,0,7.2e-005,9,0
0.816562,0.105857,0.638049,0.268872,1,8e-005,0,0,8e-005,10,0
0.751933,0.10579,0.638023,0.268861,1,8.8e-005,0,0,8.8e-005,11,0
0.687303,0.105722,0.637998,0.268851,1,9.6e-005,0,0,9.6e-005,12,0
0.579582,0.105609,0.637944,0.268827,1,0.000104,0,0,0.000104,13,0
0.39408,0.105414,0.637842,0.268779,1,0.000112,0,0,0.000112,14,0
0.208578,0.105219,0.637739,0.268732,1,0.00012,0,0,0.00012,15,0
0.0230761,0.105024,0.637637,0.268684,1,0.000128,0,0,0.000128,16,0
-0.162426,0.104829,0.637534,0.268636,1,0.000136,0,0,0.000136,17,0
-0.347928,0.104635,0.637431,0.268589,1,0.000144,0,0,0.000144,18,0
-0.53343,0.10444,0.637329,0.268541,1,0.000152,0,0,0.000152,19,0
-0.718932,0.104245,0.637226,0.268493,1,0.00016,0,0,0.00016,20,0
-0.904434,0.10405,0.637124,0.268446,1,0.000168,0,0,0.000168,21,0
-1.08994,0.103856,0.637021,0.268398,1,0.000176,0,0,0.000176,22,0
-1.26587,0.103671,0.636937,0.268358,1,0.000184,0,0,0.000184,23,0
-1.44043,0.103488,0.636856,0.268319,1,0.000192,0,0,0.000192,24,0
-1.61499,0.103304,0.636774,0.268281,1,0.0002,0,0,0.0002,25,0
-1.78954,0.103121,0.636693,0.268242,1,0.000208,0,0,0.000208,26,0
-1.9641,0.102938,0.636612,0.268203,1,0.000216,0,0,0.000216,27,0
-2.13866,0.102754,0.63653,0.268165,1,0.000224,0,0,0.000224,28,0
-2.31321,0.102571,0.636449,0.268126,1,0.000232,0,0,0.000232,29,0
-2.48777,0.102388,0.636368,0.268087,1,0.00024,0,0,0.00024,30,0
-2.66233,0.102205,0.636286,0.268049,1,0.000248,0,0,0.000248,31,0
-2.85419,0.102003,0.636025,0.267934,1,0.000256,0,0,0.000256,32,0
-3.07295,0.101773,0.635484,0.267701,1,0.000264,0,0,0.000264,33,0
-3.29172,0.101544,0.634942,0.267468,1,0.000272,0,0,0.000272,34,0
-3.51049,0.101314,0.634401,0.267236,1,0.00028,0,0,0.00028,35,0
-3.72925,0.101084,0.633859,0.267003,1,0.000288,0,0,0.000288,36,0
-3.94802,0.100855,0.633318,0.26677,1,0.000296,0,0,0.000296,37,0
-4.16679,0.100625,0.632776,0.266537,1,0.000304,0,0,0.000304,38,0
-4.38556,0.100395,0.632234,0.266305,1,0.000312,0,0,0.000312,39,0
-4.60432,0.100165,0.631693,0.266072,1,0.00032,0,0,0.00032,40,0
-4.82309,0.0999358,0.631151,0.265839,1,0.000328,0,0,0.000328,41,0
-4.84321,0.0999146,0.63101,0.265778,1,0.000336,0,0,0.000336,42,0
-4.8434,0.0999144,0.630909,0.265733,1,0.000344,0,0,0.000344,43,0
-4.84358,0.0999142,0.630808,0.265689,1,0.000352,0,0,0.000352,44,0
-4.84376,0.0999141,0.630707,0.265645,1,0.00036,0,0,0.00036,45,0
-4.84394,0.0999139,0.630606,0.265601,1,0.000368,0,0,0.000368,46,0
-4.84412,0.0999137,0.630505,0.265556,1,0.000376,0,0,0.000376,47,0
-4.8443,0.0999135,0.630404,0.265512,1,0.000384,0,0,0.000384,48,0
-4.84448,0.0999133,0.630303,0.265468,1,0.000392,0,0,0.000392,49,0
-4.84466,0.0999131,0.630202,0.265423,1,0.0004,0,0,0.0004,50,0
-4.79067,0.0999698,0.63026,0.265448,1,0.000408,0,0,0.000408,51,0
-4.66372,0.100103,0.630532,0.265565,1,0.000416,0,0,0.000416,52,0
-4.53678,0.100236,0.630804,0.265683,1,0.000424,0,0,0.000424,53,0
-4.40984,0.10037,0.631076,0.2658,1,0.000432,0,0,0.000432,54,0
-4.28289,0.100503,0.631348,0.265917,1,0.00044,0,0,0.00044,55,0
-4.15595,0.100636,0.63162,0.266034,1,0.000448,0,0,0.000448,56,0
-4.02901,0.10077,0.631893,0.266152,1,0.000456,0,0,0.000456,57,0
-3.90206,0.100903,0.632165,0.266269,1,0.000464,0,0,0.000464,58,0
-3.77512,0.101036,0.632437,0.266386,1,0.000472,0,0,0.000472,59,0
-3.64817,0.101169,0.632709,0.266503,1,0.00048,0,0,0.00048,60,0
-3.52123,0.101303,0.632981,0.266621,1,0.000488,0,0,0.000488,61,0
-3.39429,0.101436,0.633253,0.266738,1,0.000496,0,0,0.000496,62,0
-3.26734,0.101569,0.633525,0.266855,1,0.000504,0,0,0.000504,63,0
-3.1404,0.101703,0.633797,0.266973,1,0.000512,0,0,0.000512,64,0
-3.01346,0.101836,0.634069,0.26709,1,0.00052,0,0,0.00052,65,0
-2.88651,0.101969,0.634341,0.267207,1,0.000528,0,0,0.000528,66,0
-2.75957,0.102102,0.634614,0.267324,1,0.000536,0,0,0.000536,67,0
-2.75083,0.102112,0.634615,0.267325,1,0.000544,0,0,0.000544,68,0
-2.8319,0.102027,0.634412,0.267238,1,0.000552,0,0,0.000552,69,0
-2.91297,0.101941,0.634209,0.267151,1,0.00056,0,0,0.00056,70,0
-2.99403,0.101856,0.634005,0.267063,1,0.000568,0,0,0.000568,71,0
-3.0751,0.101771,0.633802,0.266976,1,0.000576,0,0,0.000576,72,0
-3.15617,0.101686,0.633598,0.266889,1,0.000584,0,0,0.000584,73,0
-3.23724,0.101601,0.633395,0.266801,1,0.000592,0,0,0.000592,74,0
-3.31831,0.101516,0.633191,0.266714,1,0.0006,0,0,0.0006,75,0
-3.39937,0.101431,0.632988,0.266627,1,0.000608,0,0,0.000608,76,0
-3.48044,0.101346,0.632784,0.266539,1,0.000616,0,0,0.000616,77,0
-3.56151,0.10126,0.632581,0.266452,1,0.000624,0,0,0.000624,78,0
-3.64258,0.101175,0.632378,0.266365,1,0.000632,0,0,0.000632,79,0
-3.72364,0.10109,0.632174,0.266278,1,0.00064,0,0,0.00064,80,0
-3.80471,0.101005,0.631971,0.26619,1,0.000648,0,0,0.000648,81,0
-3.83556,0.100973,0.631896,0.266159,1,0.000656,0,0,0.000656,82,0
-3.80996,0.101,0.631968,0.26619,1,0.000664,0,0,0.000664,83,0
-3.78436,0.101026,0.632039,0.266221,1,0.000672,0,0,0.000672,84,0
-3.75875,0.101053,0.63211,0.266253,1,0.00068,0,0,0.00068,85,0
-3.73315,0.10108,0.632181,0.266284,1,0.000688,0,0,0.000688,86,0
-3.70755,0.101107,0.632252,0.266315,1,0.000696,0,0,0.000696,87,0
-3.68194,0.101134,0.632323,0.266346,1,0.000704,0,0,0.000704,88,0
-3.65634,0.101161,0.632394,0.266378,1,0.000712,0,0,0.000712,89,0
-3.63074,0.101188,0.632465,0.266409,1,0.00072,0,0,0.00072,90,0
-3.60513,0.101215,0.632536,0.26644,1,0.000728,0,0,0.000728,91,0
-3.57953,0.101241,0.632607,0.266472,1,0.000736,0,0,0.000736,92,0
-3.55393,0.101268,0.632678,0.266503,1,0.000744,0,0,0.000744,93,0
-3.52832,0.101295,0.632749,0.266534,1,0.000752,0,0,0.000752,94,0
-3.50272,0.101322,0.63282,0.266565,1,0.00076,0,0,0.00076,95,0
-3.47703,0.101349,0.632877,0.26659,1,0.000768,0,0,0.000768,96,0
-3.45119,0.101376,0.632909,0.266604,1,0.000776,0,0,0.000776,97,0
-3.42535,0.101403,0.632941,0.266618,1,0.000784,0,0,0.000784,98,0
-3.39951,0.101431,0.632973,0.266632,1,0.000792,0,0,0.000792,99,0
-3.37367,0.101458,0.633005,0.266646,1,0.0008,0,0,0.0008,100,0
-3.34783,0.101485,0.633038,0.26666,1,0.000808,0,0,0.000808,101,0
-3.32199,0.101512,0.63307,0.266674,1,0.000816,0,0,0.000816,102,0
-3.29616,0.101539,0.633102,0.266688,1,0.000824,0,0,0.000824,103,0
-3.27032,0.101566,0.633134,0.266701,1,0.000832,0,0,0.000832,104,0
-3.24448,0.101593,0.633166,0.266715,1,0.00084,0,0,0.00084,105,0
-3.21864,0.10162,0.633198,0.266729,1,0.000848,0,0,0.000848,106,0
-3.1928,0.101648,0.63323,0.266743,1,0.000856,0,0,0.000856,107,0
-3.16696,0.101675,0.633263,0.266757,1,0.000864,0,0,0.000864,108,0
-3.14112,0.101702,0.633295,0.266771,1,0.000872,0,0,0.000872,109,0
-3.11528,0.101729,0.633327,0.266785,1,0.00088,0,0,0.00088,110,0
-3.08944,0.101756,0.633359,0.266799,1,0.000888,0,0,0.000888,111,0
-3.06361,0.101783,0.633391,0.266813,1,0.000896,0,0,0.000896,112,0
-3.03777,0.10181,0.633423,0.266827,1,0.000904,0,0,0.000904,113,0
-3.02763,0.101821,0.633419,0.266825,1,0.000912,0,0,0.000912,114,0
-3.01789,0.101831,0.633414,0.266824,1,0.00092,0,0,0.00092,115,0
-3.00815,0.101841,0.63341,0.266822,1,0.000928,0,0,0.000928,116,0
-2.9984,0.101852,0.633405,0.266821,1,0.000936,0,0,0.000936,117,0
-2.98866,0.101862,0.6334,0.266819,1,0.000944,0,0,0.000944,118,0
-2.97891,0.101872,0.633395,0.266817,1,0.000952,0,0,0.000952,119,0
-2.96917,0.101882,0.63339,0.266816,1,0.00096,0,0,0.00096,120,0
-2.95942,0.101893,0.633385,0.266814,1,0.000968,0,0,0.000968,121,0
-2.94968,0.101903,0.633381,0.266813,1,0.000976,0,0,0.000976,122,0
-2.93993,0.101913,0.633376,0.266811,1,0.000984,0,0,0.000984,123,0
-2.93019,0.101923,0.633371,0.266809,1,0.000992,0,0,0.000992,124,0
-2.92045,0.101934,0.633366,0.266808,1,0.001,0,0,0.001,125,0
-2.9107,0.101944,0.633361,0.266806,1,0.001008,0,0,0.001008,126,0
-2.90096,0.101954,0.633357,0.266805,1,0.001016,0,0,0.001016,127,0
-2.89121,0.101964,0.633352,0.266803,1,0.001024,0,0,0.001024,128,0
-2.88147,0.101974,0.633347,0.266801,1,0.001032,0,0,0.001032,129,0
-2.87172,0.101985,0.633342,0.2668,1,0.00104,0,0,0.00104,130,0
-2.86959,0.101987,0.633336,0.266798,1,0.001048,0,0,0.001048,131,0
-2.87299,0.101983,0.63333,0.266795,1,0.001056,0,0,0.001056,132,0
-2.87639,0.10198,0.633324,0.266793,1,0.001064,0,0,0.001064,133,0
-2.87979,0.101976,0.633318,0.266791,1,0.001072,0,0,0.001072,134,0
-2.88319,0.101973,0.633312,0.266788,1,0.00108,0,0,0.00108,135,0
-2.88659,0.101969,0.633305,0.266786,1,0.001088,0,0,0.001088,136,0
-2.88999,0.101966,0.633299,0.266784,1,0.001096,0,0,0.001096,137,0
-2.89339,0.101962,0.633293,0.266781,1,0.001104,0,0,0.001104,138,0
-2.89679,0.101958,0.633287,0.266779,1,0.001112,0,0,0.001112,139,0
-2.90019,0.101955,0.63328,0.266777,1,0.00112,0,0,0.00112,140,0
-2.9036,0.101951,0.633274,0.266775,1,0.001128,0,0,0.001128,141,0
-2.907,0.101948,0.633268,0.266772,1,0.001136,0,0,0.001136,142,0
-2.9104,0.101944,0.633262,0.26677,1,0.001144,0,0,0.001144,143,0
-2.9138,0.101941,0.633256,0.266768,1,0.001152,0,0,0.001152,144,0
-2.9172,0.101937,0.633249,0.266765,1,0.00116,0,0,0.00116,145,0
-2.90344,0.101951,0.63327,0.266774,1,0.001168,0,0,0.001168,146,0
-2.86924,0.101987,0.633323,0.266796,1,0.001176,0,0,0.001176,147,0
-2.83505,0.102023,0.633376,0.266817,1,0.001184,0,0,0.001184,148,0
-2.80085,0.102059,0.633429,0.266839,1,0.001192,0,0,0.001192,149,0
-2.76665,0.102095,0.633482,0.266861,1,0.0012,0,0,0.0012,150,0
-2.73245,0.102131,0.633535,0.266883,1,0.001208,0,0,0.001208,151,0
-2.69825,0.102167,0.633588,0.266904,1,0.001216,0,0,0.001216,152,0
-2.66405,0.102203,0.633641,0.266926,1,0.001224,0,0,0.001224,153,0
-2.62985,0.102239,0.633694,0.266948,1,0.001232,0,0,0.001232,154,0
-2.59565,0.102275,0.633748,0.26697,1,0.00124,0,0,0.00124,155,0
-2.56145,0.10231,0.633801,0.266991,1,0.001248,0,0,0.001248,156,0
-2.52725,0.102346,0.633854,0.267013,1,0.001256,0,0,0.001256,157,0
-2.49305,0.102382,0.633907,0.267035,1,0.001264,0,0,0.001264,158,0
-2.45885,0.102418,0.63396,0.267057,1,0.001272,0,0,0.001272,159,0
-2.42465,0.102454,0.634013,0.267079,1,0.00128,0,0,0.00128,160,0
-2.40194,0.102478,0.634048,0.267093,1,0.001288,0,0,0.001288,161,0
-2.40204,0.102478,0.634047,0.267093,1,0.001296,0,0,0.001296,162,0
-2.40215,0.102478,0.634046,0.267093,1,0.001304,0,0,0.001304,163,0
-2.40225,0.102478,0.634045,0.267093,1,0.001312,0,0,0.001312,164,0
-2.40235,0.102478,0.634044,0.267093,1,0.00132,0,0,0.00132,165,0
-2.40245,0.102477,0.634043,0.267093,1,0.001328,0,0,0.001328,166,0
-2.40255,0.102477,0.634043,0.267093,1,0.001336,0,0,0.001336,167,0
-2.40266,0.102477,0.634042,0.267093,1,0.001344,0,0,0.001344,168,0
-2.40276,0.102477,0.634041,0.267093,1,0.001352,0,0,0.001352,169,0
-2.40286,0.102477,0.63404,0.267093,1,0.00136,0,0,0.00136,170,0
-2.40296,0.102477,0.634039,0.267093,1,0.001368,0,0,0.001368,171,0
-2.40306,0.102477,0.634038,0.267093,1,0.001376,0,0,0.001376,172,0
-2.40317,0.102477,0.634037,0.267093,1,0.001384,0,0,0.001384,173,0
-2.40327,0.102477,0.634037,0.267093,1,0.001392,0,0,0.001392,174,0
-2.40337,0.102476,0.634036,0.267093,1,0.0014,0,0,0.0014,175,0
-2.40347,0.102476,0.634035,0.267093,1,0.001408,0,0,0.001408,176,0
-2.40357,0.102476,0.634034,0.267093,1,0.001416,0,0,0.001416,177,0
-2.40368,0.102476,0.634033,0.267093,1,0.001424,0,0,0.001424,178,0
-2.40378,0.102476,0.634032,0.267093,1,0.001432,0,0,0.001432,179,0
-2.49299,0.102382,0.633868,0.267024,1,0.00144,0,0,0.00144,180,0
-2.62224,0.102247,0.633629,0.266923,1,0.001448,0,0,0.001448,181,0
-2.75148,0.102111,0.633391,0.266822,1,0.001456,0,0,0.001456,182,0
-2.88073,0.101975,0.633152,0.266721,1,0.001464,0,0,0.001464,183,0
-3.00998,0.10184,0.632914,0.266621,1,0.001472,0,0,0.001472,184,0
-3.13922,0.101704,0.632676,0.26652,1,0.00148,0,0,0.00148,185,0
-3.26847,0.101568,0.632437,0.266419,1,0.001488,0,0,0.001488,186,0
-3.39772,0.101432,0.632199,0.266319,1,0.001496,0,0,0.001496,187,0
-3.51311,0.101311,0.631985,0.266228,1,0.001504,0,0,0.001504,188,0
-3.4162,0.101413,0.632147,0.266298,1,0.001512,0,0,0.001512,189,0
-3.3193,0.101515,0.63231,0.266367,1,0.00152,0,0,0.00152,190,0
-3.22239,0.101616,0.632472,0.266436,1,0.001528,0,0,0.001528,191,0
-3.12548,0.101718,0.632635,0.266505,1,0.001536,0,0,0.001536,192,0
-3.02857,0.10182,0.632797,0.266575,1,0.001544,0,0,0.001544,193,0
-2.93167,0.101922,0.63296,0.266644,1,0.001552,0,0,0.001552,194,0
-2.83476,0.102024,0.633122,0.266713,1,0.00156,0,0,0.00156,195,0
-2.73785,0.102125,0.633285,0.266783,1,0.001568,0,0,0.001568,196,0
-2.70915,0.102155,0.633331,0.266803,1,0.001576,0,0,0.001576,197,0
-2.76996,0.102092,0.633226,0.266759,1,0.001584,0,0,0.001584,198,0
-2.83076,0.102028,0.63312,0.266715,1,0.001592,0,0,0.001592,199,0
-2.89156,0.101964,0.633014,0.26667,1,0.0016,0,0,0.0016,200,0
-2.95236,0.1019,0.632909,0.266626,1,0.001608,0,0,0.001608,201,0
-3.01316,0.101836,0.632803,0.266582,1,0.001616,0,0,0.001616,202,0
-3.07396,0.101772,0.632697,0.266538,1,0.001624,0,0,0.001624,203,0
-3.13476,0.101709,0.632591,0.266494,1,0.001632,0,0,0.001632,204,0
-3.19556,0.101645,0.632486,0.26645,1,0.00164,0,0,0.00164,205,0
-3.25636,0.101581,0.63238,0.266406,1,0.001648,0,0,0.001648,206,0
-3.31716,0.101517,0.632274,0.266361,1,0.001656,0,0,0.001656,207,0
-3.37085,0.101461,0.63218,0.266322,1,0.001664,0,0,0.001664,208,0
-3.36547,0.101466,0.632181,0.266322,1,0.001672,0,0,0.001672,209,0
-3.36008,0.101472,0.632182,0.266321,1,0.00168,0,0,0.00168,210,0
-3.3547,0.101478,0.632183,0.266321,1,0.001688,0,0,0.001688,211,0
-3.34932,0.101483,0.632184,0.26632,1,0.001696,0,0,0.001696,212,0
-3.34394,0.101489,0.632185,0.26632,1,0.001704,0,0,0.001704,213,0
-3.33856,0.101495,0.632185,0.266319,1,0.001712,0,0,0.001712,214,0
-3.33318,0.1015,0.632186,0.266319,1,0.00172,0,0,0.00172,215,0
-3.3278,0.101506,0.632187,0.266318,1,0.001728,0,0,0.001728,216,0
-3.32241,0.101511,0.632188,0.266318,1,0.001736,0,0,0.001736,217,0
-3.31703,0.101517,0.632189,0.266318,1,0.001744,0,0,0.001744,218,0
-3.31165,0.101523,0.63219,0.266317,1,0.001752,0,0,0.001752,219,0
-3.28623,0.101549,0.63224,0.266338,1,0.00176,0,0,0.00176,220,0
-3.2552,0.101582,0.632304,0.266364,1,0.001768,0,0,0.001768,221,0
-3.22417,0.101615,0.632368,0.266391,1,0.001776,0,0,0.001776,222,0
-3.19314,0.101647,0.632432,0.266418,1,0.001784,0,0,0.001784,223,0
-3.16211,0.10168,0.632496,0.266444,1,0.001792,0,0,0.001792,224,0
-3.13108,0.101712,0.632561,0.266471,1,0.0018,0,0,0.0018,225,0
-3.10005,0.101745,0.632625,0.266498,1,0.001808,0,0,0.001808,226,0
-3.07769,0.101768,0.632671,0.266517,1,0.001816,0,0,0.001816,227,0
-3.08416,0.101762,0.632659,0.266512,1,0.001824,0,0,0.001824,228,0
-3.09064,0.101755,0.632646,0.266507,1,0.001832,0,0,0.001832,229,0
-3.09712,0.101748,0.632634,0.266502,1,0.00184,0,0,0.00184,230,0
-3.10359,0.101741,0.632621,0.266497,1,0.001848,0,0,0.001848,231,0
-3.11007,0.101734,0.632608,0.266492,1,0.001856,0,0,0.001856,232,0
-3.11654,0.101728,0.632596,0.266487,1,0.001864,0,0,0.001864,233,0
-3.12302,0.101721,0.632583,0.266482,1,0.001872,0,0,0.001872,234,0
-3.12949,0.101714,0.632571,0.266477,1,0.00188,0,0,0.00188,235,0
-3.13597,0.101707,0.632558,0.266472,1,0.001888,0,0,0.001888,236,0
-3.14244,0.1017,0.632546,0.266467,1,0.001896,0,0,0.001896,237,0
-3.14892,0.101694,0.632533,0.266462,1,0.001904,0,0,0.001904,238,0
-3.15539,0.101687,0.632521,0.266458,1,0.001912,0,0,0.001912,239,0
-3.14027,0.101703,0.632548,0.266469,1,0.00192,0,0,0.00192,240,0
-3.07193,0.101774,0.632674,0.266523,1,0.001928,0,0,0.001928,241,0
-3.00359,0.101846,0.632801,0.266576,1,0.001936,0,0,0.001936,242,0
-2.93525,0.101918,0.632927,0.26663,1,0.001944,0,0,0.001944,243,0
-2.86692,0.10199,0.633053,0.266683,1,0.001952,0,0,0.001952,244,0
-2.79858,0.102061,0.633179,0.266737,1,0.00196,0,0,0.00196,245,0
-2.73024,0.102133,0.633305,0.26679,1,0.001968,0,0,0.001968,246,0
-2.6619,0.102205,0.633431,0.266844,1,0.001976,0,0,0.001976,247,0
-2.59357,0.102277,0.633557,0.266897,1,0.001984,0,0,0.001984,248,0
-2.52523,0.102349,0.633683,0.266951,1,0.001992,0,0,0.001992,249,0
-2.45689,0.10242,0.633809,0.267004,1,0.002,0,0,0.002,250,0
-2.44179,0.102436,0.633837,0.267016,1,0.002008,0,0,0.002008,251,0
-2.49273,0.102383,0.633743,0.266976,1,0.002016,0,0,0.002016,252,0
-2.54368,0.102329,0.633648,0.266936,1,0.002024,0,0,0.002024,253,0
-2.59462,0.102276,0.633554,0.266896,1,0.002032,0,0,0.002032,254,0
-2.64557,0.102222,0.63346,0.266856,1,0.00204,0,0,0.00204,255,0
-2.69651,0.102169,0.633366,0.266815,1,0.002048,0,0,0.002048,256,0
-2.74746,0.102115,0.633271,0.266775,1,0.002056,0,0,0.002056,257,0
-2.79841,0.102062,0.633177,0.266735,1,0.002064,0,0,0.002064,258,0
-2.84935,0.102008,0.633083,0.266695,1,0.002072,0,0,0.002072,259,0
-2.9003,0.101955,0.632989,0.266655,1,0.00208,0,0,0.00208,260,0
-2.95124,0.101901,0.632894,0.266615,1,0.002088,0,0,0.002088,261,0
-2.93919,0.101914,0.632919,0.266626,1,0.002096,0,0,0.002096,262,0
-2.88578,0.10197,0.633022,0.26667,1,0.002104,0,0,0.002104,263,0
-2.83237,0.102026,0.633125,0.266714,1,0.002112,0,0,0.002112,264,0
-2.77897,0.102082,0.633227,0.266758,1,0.00212,0,0,0.00212,265,0
-2.72556,0.102138,0.63333,0.266802,1,0.002128,0,0,0.002128,266,0
-2.67216,0.102194,0.633433,0.266846,1,0.002136,0,0,0.002136,267,0
-2.61875,0.10225,0.633536,0.26689,1,0.002144,0,0,0.002144,268,0
-2.56534,0.102306,0.633638,0.266934,1,0.002152,0,0,0.002152,269,0
-2.51194,0.102362,0.633741,0.266978,1,0.00216,0,0,0.00216,270,0
-2.45853,0.102419,0.633844,0.267022,1,0.002168,0,0,0.002168,271,0
-2.40513,0.102475,0.633946,0.267066,1,0.002176,0,0,0.002176,272,0
-2.39251,0.102488,0.633973,0.267078,1,0.002184,0,0,0.002184,273,0
-2.39269,0.102488,0.633975,0.267079,1,0.002192,0,0,0.002192,274,0
-2.39286,0.102487,0.633977,0.26708,1,0.0022,0,0,0.0022,275,0
-2.39304,0.102487,0.633979,0.267081,1,0.002208,0,0,0.002208,276,0
-2.39322,0.102487,0.633981,0.267082,1,0.002216,0,0,0.002216,277,0
-2.39339,0.102487,0.633983,0.267083,1,0.002224,0,0,0.002224,278,0
-2.39357,0.102487,0.633985,0.267084,1,0.002232,0,0,0.002232,279,0
-2.39374,0.102487,0.633987,0.267085,1,0.00224,0,0,0.00224,280,0
-2.39392,0.102486,0.63399,0.267086,1,0.002248,0,0,0.002248,281,0
-2.3941,0.102486,0.633992,0.267087,1,0.002256,0,0,0.002256,282,0
-2.39427,0.102486,0.633994,0.267088,1,0.002264,0,0,0.002264,283,0
-2.38606,0.102495,0.634009,0.267094,1,0.002272,0,0,0.002272,284,0
-2.3771,0.102504,0.634025,0.267101,1,0.00228,0,0,0.00228,285,0
-2.36813,0.102513,0.634042,0.267108,1,0.002288,0,0,0.002288,286,0
-2.35917,0.102523,0.634058,0.267115,1,0.002296,0,0,0.002296,287,0
-2.35021,0.102532,0.634074,0.267122,1,0.002304,0,0,0.002304,288,0
-2.34124,0.102542,0.634091,0.267129,1,0.002312,0,0,0.002312,289,0
-2.33228,0.102551,0.634107,0.267135,1,0.00232,0,0,0.00232,290,0
-2.32332,0.102561,0.634123,0.267142,1,0.002328,0,0,0.002328,291,0
-2.31435,0.10257,0.63414,0.267149,1,0.002336,0,0,0.002336,292,0
-2.30539,0.102579,0.634156,0.267156,1,0.002344,0,0,0.002344,293,0
-2.29642,0.102589,0.634172,0.267163,1,0.002352,0,0,0.002352,294,0
-2.28746,0.102598,0.634189,0.26717,1,0.00236,0,0,0.00236,295,0
-2.2785,0.102608,0.634205,0.267177,1,0.002368,0,0,0.002368,296,0
-2.26953,0.102617,0.634221,0.267183,1,0.002376,0,0,0.002376,297,0
-2.27419,0.102612,0.634213,0.26718,1,0.002384,0,0,0.002384,298,0
-2.29436,0.102591,0.634176,0.267164,1,0.002392,0,0,0.002392,299,0
-2.31453,0.10257,0.63414,0.267148,1,0.0024,0,0,0.0024,300,0
-2.33469,0.102549,0.634104,0.267132,1,0.002408,0,0,0.002408,301,0
-2.35486,0.102527,0.634067,0.267116,1,0.002416,0,0,0.002416,302,0
-2.37503,0.102506,0.634031,0.2671,1,0.002424,0,0,0.002424,303,0
-2.3952,0.102485,0.633994,0.267084,1,0.002432,0,0,0.002432,304,0
-2.41537,0.102464,0.633958,0.267068,1,0.00244,0,0,0.00244,305,0
-2.43554,0.102443,0.633921,0.267052,1,0.002448,0,0,0.002448,306,0
-2.4557,0.102422,0.633885,0.267036,1,0.002456,0,0,0.002456,307,0
-2.47587,0.1024,0.633848,0.26702,1,0.002464,0,0,0.002464,308,0
-2.49604,0.102379,0.633812,0.267004,1,0.002472,0,0,0.002472,309,0
-2.51621,0.102358,0.633775,0.266988,1,0.00248,0,0,0.00248,310,0
-2.53638,0.102337,0.633739,0.266972,1,0.002488,0,0,0.002488,311,0
-2.55655,0.102316,0.633702,0.266956,1,0.002496,0,0,0.002496,312,0
-2.57671,0.102294,0.633666,0.26694,1,0.002504,0,0,0.002504,313,0
-2.59688,0.102273,0.633629,0.266924,1,0.002512,0,0,0.002512,314,0
-2.61042,0.102259,0.633605,0.266913,1,0.00252,0,0,0.00252,315,0
-2.61642,0.102253,0.633594,0.266909,1,0.002528,0,0,0.002528,316,0
-2.62241,0.102246,0.633583,0.266904,1,0.002536,0,0,0.002536,317,0
-2.62841,0.10224,0.633573,0.2669,1,0.002544,0,0,0.002544,318,0
-2.6344,0.102234,0.633562,0.266896,1,0.002552,0,0,0.002552,319,0
-2.6404,0.102228,0.633551,0.266892,1,0.00256,0,0,0.00256,320,0
-2.64639,0.102221,0.63354,0.266887,1,0.002568,0,0,0.002568,321,0
-2.65238,0.102215,0.63353,0.266883,1,0.002576,0,0,0.002576,322,0
-2.65838,0.102209,0.633519,0.266879,1,0.002584,0,0,0.002584,323,0
-2.66437,0.102202,0.633508,0.266874,1,0.002592,0,0,0.002592,324,0
-2.67037,0.102196,0.633497,0.26687,1,0.0026,0,0,0.0026,325,0
-2.67636,0.10219,0.633487,0.266866,1,0.002608,0,0,0.002608,326,0
-2.68235,0.102184,0.633476,0.266861,1,0.002616,0,0,0.002616,327,0
-2.68835,0.102177,0.633465,0.266857,1,0.002624,0,0,0.002624,328,0
-2.69434,0.102171,0.633454,0.266853,1,0.002632,0,0,0.002632,329,0
-2.70034,0.102165,0.633444,0.266849,1,0.00264,0,0,0.00264,330,0
-2.70633,0.102158,0.633433,0.266844,1,0.002648,0,0,0.002648,331,0
-2.70968,0.102155,0.633428,0.266843,1,0.002656,0,0,0.002656,332,0
-2.71002,0.102154,0.633431,0.266844,1,0.002664,0,0,0.002664,333,0
-2.71035,0.102154,0.633434,0.266845,1,0.002672,0,0,0.002672,334,0
-2.71069,0.102154,0.633437,0.266847,1,0.00268,0,0,0.00268,335,0
-2.71103,0.102153,0.63344,0.266848,1,0.002688,0,0,0.002688,336,0
-2.71136,0.102153,0.633443,0.26685,1,0.002696,0,0,0.002696,337,0
-2.7117,0.102153,0.633446,0.266851,1,0.002704,0,0,0.002704,338,0
-2.71203,0.102152,0.633449,0.266853,1,0.002712,0,0,0.002712,339,0
-2.71237,0.102152,0.633452,0.266854,1,0.00272,0,0,0.00272,340,0
-2.71271,0.102152,0.633455,0.266855,1,0.002728,0,0,0.002728,341,0
-2.71304,0.102151,0.633458,0.266857,1,0.002736,0,0,0.002736,342,0
-2.71338,0.102151,0.633461,0.266858,1,0.002744,0,0,0.002744,343,0
-2.71371,0.102151,0.633464,0.26686,1,0.002752,0,0,0.002752,344,0
-2.71405,0.10215,0.633467,0.266861,1,0.00276,0,0,0.00276,345,0
-2.71439,0.10215,0.63347,0.266862,1,0.002768,0,0,0.002768,346,0
-2.71472,0.10215,0.633473,0.266864,1,0.002776,0,0,0.002776,347,0
-2.71506,0.102149,0.633475,0.266865,1,0.002784,0,0,0.002784,348,0
-2.71392,0.10215,0.633481,0.266868,1,0.002792,0,0,0.002792,349,0
-2.71111,0.102153,0.633491,0.266871,1,0.0028,0,0,0.0028,350,0
-2.70831,0.102156,0.6335,0.266875,1,0.002808,0,0,0.002808,351,0
-2.70551,0.102159,0.63351,0.266878,1,0.002816,0,0,0.002816,352,0
-2.70271,0.102162,0.633519,0.266882,1,0.002824,0,0,0.002824,353,0
-2.69991,0.102165,0.633528,0.266885,1,0.002832,0,0,0.002832,354,0
-2.69711,0.102168,0.633538,0.266889,1,0.00284,0,0,0.00284,355,0
-2.69431,0.102171,0.633547,0.266892,1,0.002848,0,0,0.002848,356,0
-2.69151,0.102174,0.633557,0.266896,1,0.002856,0,0,0.002856,357,0
-2.68871,0.102177,0.633566,0.266899,1,0.002864,0,0,0.002864,358,0
-2.6859,0.10218,0.633575,0.266903,1,0.002872,0,0,0.002872,359,0
-2.6831,0.102183,0.633585,0.266906,1,0.00288,0,0,0.00288,360,0
-2.6803,0.102186,0.633594,0.26691,1,0.002888,0,0,0.002888,361,0
-2.6775,0.102189,0.633604,0.266913,1,0.002896,0,0,0.002896,362,0
-2.6747,0.102192,0.633613,0.266917,1,0.002904,0,0,0.002904,363,0
-2.6719,0.102195,0.633622,0.26692,1,0.002912,0,0,0.002912,364,0
-2.6691,0.102197,0.633632,0.266924,1,0.00292,0,0,0.00292,365,0
-2.6663,0.1022,0.633641,0.266927,1,0.002928,0,0,0.002928,366,0
-2.6635,0.102203,0.63365,0.266931,1,0.002936,0,0,0.002936,367,0
-2.66319,0.102204,0.633654,0.266932,1,0.002944,0,0,0.002944,368,0
-2.68739,0.102178,0.633605,0.266912,1,0.002952,0,0,0.002952,369,0
-2.71159,0.102153,0.633555,0.266891,1,0.00296,0,0,0.00296,370,0
-2.73578,0.102127,0.633505,0.26687,1,0.002968,0,0,0.002968,371,0
-2.75998,0.102102,0.633456,0.26685,1,0.002976,0,0,0.002976,372,0
-2.78417,0.102077,0.633406,0.266829,1,0.002984,0,0,0.002984,373,0
-2.80837,0.102051,0.633356,0.266809,1,0.002992,0,0,0.002992,374,0
-2.83257,0.102026,0.633307,0.266788,1,0.003,0,0,0.003,375,0
-2.85676,0.102,0.633257,0.266768,1,0.003008,0,0,0.003008,376,0
-2.88096,0.101975,0.633207,0.266747,1,0.003016,0,0,0.003016,377,0
-2.90516,0.10195,0.633158,0.266727,1,0.003024,0,0,0.003024,378,0
-2.92935,0.101924,0.633108,0.266706,1,0.003032,0,0,0.003032,379,0
-2.92348,0.10193,0.633122,0.266712,1,0.00304,0,0,0.00304,380,0
-2.9099,0.101945,0.633153,0.266725,1,0.003048,0,0,0.003048,381,0
-2.89633,0.101959,0.633183,0.266738,1,0.003056,0,0,0.003056,382,0
-2.88276,0.101973,0.633213,0.266751,1,0.003064,0,0,0.003064,383,0
-2.86919,0.101987,0.633244,0.266764,1,0.003072,0,0,0.003072,384,0
-2.85561,0.102002,0.633274,0.266777,1,0.00308,0,0,0.00308,385,0
-2.84204,0.102016,0.633304,0.26679,1,0.003088,0,0,0.003088,386,0
-2.82847,0.10203,0.633335,0.266803,1,0.003096,0,0,0.003096,387,0
-2.8149,0.102044,0.633365,0.266816,1,0.003104,0,0,0.003104,388,0
-2.80133,0.102059,0.633395,0.266829,1,0.003112,0,0,0.003112,389,0
-2.78775,0.102073,0.633426,0.266842,1,0.00312,0,0,0.00312,390,0
-2.78927,0.102071,0.633424,0.266842,1,0.003128,0,0,0.003128,391,0
-2.80597,0.102054,0.633391,0.266828,1,0.003136,0,0,0.003136,392,0
-2.82266,0.102036,0.633358,0.266814,1,0.003144,0,0,0.003144,393,0
-2.83935,0.102019,0.633325,0.2668,1,0.003152,0,0,0.003152,394,0
-2.85604,0.102001,0.633292,0.266786,1,0.00316,0,0,0.00316,395,0
-2.87273,0.101984,0.633259,0.266772,1,0.003168,0,0,0.003168,396,0
-2.88942,0.101966,0.633226,0.266758,1,0.003176,0,0,0.003176,397,0
-2.90611,0.101949,0.633193,0.266743,1,0.003184,0,0,0.003184,398,0
-2.92281,0.101931,0.63316,0.266729,1,0.003192,0,0,0.003192,399,0
-2.9395,0.101914,0.633127,0.266715,1,0.0032,0,0,0.0032,400,0
-2.95619,0.101896,0.633093,0.266701,1,0.003208,0,0,0.003208,401,0
-2.97415,0.101877,0.63306,0.266687,1,0.003216,0,0,0.003216,402,0
-2.99717,0.101853,0.633023,0.266671,1,0.003224,0,0,0.003224,403,0
-3.02019,0.101829,0.632986,0.266655,1,0.003232,0,0,0.003232,404,0
-3.0432,0.101805,0.632949,0.266639,1,0.00324,0,0,0.00324,405,0
-3.06622,0.10178,0.632912,0.266623,1,0.003248,0,0,0.003248,406,0
-3.08924,0.101756,0.632875,0.266608,1,0.003256,0,0,0.003256,407,0
-3.11225,0.101732,0.632839,0.266592,1,0.003264,0,0,0.003264,408,0
-3.13527,0.101708,0.632802,0.266576,1,0.003272,0,0,0.003272,409,0
-3.15829,0.101684,0.632765,0.26656,1,0.00328,0,0,0.00328,410,0
-3.1813,0.10166,0.632728,0.266544,1,0.003288,0,0,0.003288,411,0
-3.20432,0.101635,0.632691,0.266528,1,0.003296,0,0,0.003296,412,0
-3.22734,0.101611,0.632654,0.266512,1,0.003304,0,0,0.003304,413,0
-3.2026,0.101637,0.632705,0.266534,1,0.003312,0,0,0.003312,414,0
-3.17285,0.101669,0.632765,0.266559,1,0.00332,0,0,0.00332,415,0
-3.1431,0.1017,0.632825,0.266585,1,0.003328,0,0,0.003328,416,0
-3.11335,0.101731,0.632884,0.26661,1,0.003336,0,0,0.003336,417,0
-3.0836,0.101762,0.632944,0.266636,1,0.003344,0,0,0.003344,418,0
-3.05384,0.101793,0.633004,0.266661,1,0.003352,0,0,0.003352,419,0
-3.02409,0.101825,0.633064,0.266686,1,0.00336,0,0,0.00336,420,0
-2.99434,0.101856,0.633123,0.266712,1,0.003368,0,0,0.003368,421,0
-2.96459,0.101887,0.633183,0.266737,1,0.003376,0,0,0.003376,422,0
-2.93484,0.101918,0.633243,0.266762,1,0.003384,0,0,0.003384,423,0
-2.90509,0.10195,0.633303,0.266788,1,0.003392,0,0,0.003392,424,0
-2.87534,0.101981,0.633362,0.266813,1,0.0034,0,0,0.0034,425,0
-2.87015,0.101986,0.633373,0.266818,1,0.003408,0,0,0.003408,426,0
-2.87219,0.101984,0.633369,0.266816,1,0.003416,0,0,0.003416,427,0
-2.87423,0.101982,0.633364,0.266814,1,0.003424,0,0,0.003424,428,0
-2.87627,0.10198,0.63336,0.266812,1,0.003432,0,0,0.003432,429,0
-2.87831,0.101978,0.633356,0.26681,1,0.00344,0,0,0.00344,430,0
-2.88035,0.101976,0.633352,0.266808,1,0.003448,0,0,0.003448,431,0
-2.88239,0.101973,0.633348,0.266806,1,0.003456,0,0,0.003456,432,0
-2.88443,0.101971,0.633343,0.266804,1,0.003464,0,0,0.003464,433,0
-2.88647,0.101969,0.633339,0.266802,1,0.003472,0,0,0.003472,434,0
-2.88851,0.101967,0.633335,0.2668,1,0.00348,0,0,0.00348,435,0
-2.89056,0.101965,0.633331,0.266799,1,0.003488,0,0,0.003488,436,0
-2.8926,0.101963,0.633326,0.266797,1,0.003496,0,0,0.003496,437,0
-2.89072,0.101965,0.633333,0.266799,1,0.003504,0,0,0.003504,438,0
-2.88664,0.101969,0.633345,0.266803,1,0.003512,0,0,0.003512,439,0
-2.88255,0.101973,0.633357,0.266808,1,0.00352,0,0,0.00352,440,0
-2.87846,0.101978,0.633368,0.266812,1,0.003528,0,0,0.003528,441,0
-2.87437,0.101982,0.63338,0.266817,1,0.003536,0,0,0.003536,442,0
-2.87029,0.101986,0.633392,0.266821,1,0.003544,0,0,0.003544,443,0
-2.8662,0.10199,0.633404,0.266826,1,0.003552,0,0,0.003552,444,0
-2.86211,0.101995,0.633416,0.26683,1,0.00356,0,0,0.00356,445,0
-2.85802,0.101999,0.633428,0.266835,1,0.003568,0,0,0.003568,446,0
-2.85394,0.102003,0.63344,0.266839,1,0.003576,0,0,0.003576,447,0
-2.84985,0.102008,0.633452,0.266844,1,0.003584,0,0,0.003584,448,0
-2.84576,0.102012,0.633464,0.266848,1,0.003592,0,0,0.003592,449,0
-2.84167,0.102016,0.633476,0.266853,1,0.0036,0,0,0.0036,450,0
-2.83759,0.102021,0.633488,0.266858,1,0.003608,0,0,0.003608,451,0
-2.8335,0.102025,0.6335,0.266862,1,0.003616,0,0,0.003616,452,0
-2.82941,0.102029,0.633512,0.266867,1,0.003624,0,0,0.003624,453,0
-2.82533,0.102033,0.633524,0.266871,1,0.003632,0,0,0.003632,454,0
-2.82124,0.102038,0.633536,0.266876,1,0.00364,0,0,0.00364,455,0
-2.82872,0.10203,0.633524,0.26687,1,0.003648,0,0,0.003648,456,0
-2.87467,0.101982,0.633434,0.266832,1,0.003656,0,0,0.003656,457,0
-2.92061,0.101933,0.633343,0.266793,1,0.003664,0,0,0.003664,458,0
-2.96655,0.101885,0.633253,0.266755,1,0.003672,0,0,0.003672,459,0
-3.0125,0.101837,0.633162,0.266717,1,0.00368,0,0,0.00368,460,0
-3.05844,0.101789,0.633072,0.266678,1,0.003688,0,0,0.003688,461,0
-3.10438,0.10174,0.632981,0.26664,1,0.003696,0,0,0.003696,462,0
-3.15033,0.101692,0.632891,0.266602,1,0.003704,0,0,0.003704,463,0
-3.19627,0.101644,0.6328,0.266563,1,0.003712,0,0,0.003712,464,0
-3.24141,0.101597,0.632711,0.266526,1,0.00372,0,0,0.00372,465,0
-3.25807,0.101579,0.632683,0.266514,1,0.003728,0,0,0.003728,466,0
-3.27473,0.101562,0.632655,0.266503,1,0.003736,0,0,0.003736,467,0
-3.29139,0.101544,0.632627,0.266492,1,0.003744,0,0,0.003744,468,0
-3.30805,0.101527,0.632599,0.266481,1,0.003752,0,0,0.003752,469,0
-3.32471,0.101509,0.632571,0.266469,1,0.00376,0,0,0.00376,470,0
-3.34137,0.101492,0.632543,0.266458,1,0.003768,0,0,0.003768,471,0
-3.35803,0.101474,0.632515,0.266447,1,0.003776,0,0,0.003776,472,0
-3.37469,0.101457,0.632487,0.266435,1,0.003784,0,0,0.003784,473,0
-3.39135,0.101439,0.632459,0.266424,1,0.003792,0,0,0.003792,474,0
-3.37674,0.101454,0.63249,0.266437,1,0.0038,0,0,0.0038,475,0
-3.35544,0.101477,0.632534,0.266456,1,0.003808,0,0,0.003808,476,0
-3.33414,0.101499,0.632578,0.266475,1,0.003816,0,0,0.003816,477,0
-3.31283,0.101522,0.632623,0.266493,1,0.003824,0,0,0.003824,478,0
-3.29153,0.101544,0.632667,0.266512,1,0.003832,0,0,0.003832,479,0
-3.27023,0.101566,0.632711,0.26653,1,0.00384,0,0,0.00384,480,0
-3.24893,0.101589,0.632755,0.266549,1,0.003848,0,0,0.003848,481,0
-3.22763,0.101611,0.632799,0.266568,1,0.003856,0,0,0.003856,482,0
-3.20633,0.101633,0.632843,0.266586,1,0.003864,0,0,0.003864,483,0
-3.18502,0.101656,0.632887,0.266605,1,0.003872,0,0,0.003872,484,0
-3.16372,0.101678,0.632931,0.266623,1,0.00388,0,0,0.00388,485,0
-3.14242,0.1017,0.632975,0.266642,1,0.003888,0,0,0.003888,486,0
-3.13362,0.10171,0.632994,0.26665,1,0.003896,0,0,0.003896,487,0
-3.14806,0.101695,0.632966,0.266637,1,0.003904,0,0,0.003904,488,0
-3.16249,0.101679,0.632938,0.266625,1,0.003912,0,0,0.003912,489,0
-3.17692,0.101664,0.63291,0.266613,1,0.00392,0,0,0.00392,490,0
-3.19135,0.101649,0.632882,0.266601,1,0.003928,0,0,0.003928,491,0
-3.20578,0.101634,0.632854,0.266588,1,0.003936,0,0,0.003936,492,0
-3.22021,0.101619,0.632826,0.266576,1,0.003944,0,0,0.003944,493,0
-3.23465,0.101604,0.632798,0.266564,1,0.003952,0,0,0.003952,494,0
-3.24908,0.101588,0.63277,0.266552,1,0.00396,0,0,0.00396,495,0
-3.26351,0.101573,0.632742,0.266539,1,0.003968,0,0,0.003968,496,0
-3.27794,0.101558,0.632714,0.266527,1,0.003976,0,0,0.003976,497,0
-3.29237,0.101543,0.632686,0.266515,1,0.003984,0,0,0.003984,498,0
-3.3068,0.101528,0.632658,0.266502,1,0.003992,0,0,0.003992,499,0
-3.30455,0.10153,0.632664,0.266505,1,0.004,0,0,0.004,500,0
-3.29997,0.101535,0.632674,0.266509,1,0.004008,0,0,0.004008,501,0
-3.29539,0.10154,0.632683,0.266514,1,0.004016,0,0,0.004016,502,0
-3.29081,0.101545,0.632693,0.266518,1,0.004024,0,0,0.004024,503,0
-3.28623,0.101549,0.632703,0.266523,1,0.004032,0,0,0.004032,504,0
-3.28164,0.101554,0.632713,0.266527,1,0.00404,0,0,0.00404,505,0
-3.27706,0.101559,0.632723,0.266531,1,0.004048,0,0,0.004048,506,0
-3.27248,0.101564,0.632733,0.266536,1,0.004056,0,0,0.004056,507,0
-3.2679,0.101569,0.632743,0.26654,1,0.004064,0,0,0.004064,508,0
-3.26332,0.101574,0.632752,0.266545,1,0.004072,0,0,0.004072,509,0
-3.25874,0.101578,0.632762,0.266549,1,0.00408,0,0,0.00408,510,0
-3.25416,0.101583,0.632772,0.266553,1,0.004088,0,0,0.004088,511,0
-3.25226,0.101585,0.632778,0.266556,1,0.004096,0,0,0.004096,512,0
-3.25433,0.101583,0.632778,0.266556,1,0.004104,0,0,0.004104,513,0
-3.25639,0.101581,0.632778,0.266556,1,0.004112,0,0,0.004112,514,0
-3.25845,0.101579,0.632779,0.266556,1,0.00412,0,0,0.00412,515,0
-3.26051,0.101576,0.632779,0.266556,1,0.004128,0,0,0.004128,516,0
-3.26257,0.101574,0.632779,0.266556,1,0.004136,0,0,0.004136,517,0
-3.26463,0.101572,0.632779,0.266556,1,0.004144,0,0,0.004144,518,0
-3.2667,0.10157,0.632779,0.266556,1,0.004152,0,0,0.004152,519,0
-3.26876,0.101568,0.632779,0.266556,1,0.00416,0,0,0.00416,520,0
-3.27082,0.101566,0.63278,0.266556,1,0.004168,0,0,0.004168,521,0
-3.27288,0.101563,0.63278,0.266556,1,0.004176,0,0,0.004176,522,0
-3.27494,0.101561,0.63278,0.266556,1,0.004184,0,0,0.004184,523,0
-3.277,0.101559,0.63278,0.266556,1,0.004192,0,0,0.004192,524,0
-3.27635,0.10156,0.632783,0.266557,1,0.0042,0,0,0.0042,525,0
-3.27551,0.101561,0.632787,0.266559,1,0.004208,0,0,0.004208,526,0
-3.27466,0.101562,0.632791,0.26656,1,0.004216,0,0,0.004216,527,0
-3.27381,0.101563,0.632794,0.266561,1,0.004224,0,0,0.004224,528,0
-3.27296,0.101563,0.632798,0.266563,1,0.004232,0,0,0.004232,529,0
-3.27211,0.101564,0.632802,0.266564,1,0.00424,0,0,0.00424,530,0
-3.27126,0.101565,0.632805,0.266566,1,0.004248,0,0,0.004248,531,0
-3.27041,0.101566,0.632809,0.266567,1,0.004256,0,0,0.004256,532,0
-3.26956,0.101567,0.632813,0.266568,1,0.004264,0,0,0.004264,533,0
-3.26872,0.101568,0.632816,0.26657,1,0.004272,0,0,0.004272,534,0
-3.26787,0.101569,0.63282,0.266571,1,0.00428,0,0,0.00428,535,0
-3.26702,0.10157,0.632823,0.266572,1,0.004288,0,0,0.004288,536,0
-3.26316,0.101574,0.632831,0.266575,1,0.004296,0,0,0.004296,537,0
-3.25714,0.10158,0.632841,0.266579,1,0.004304,0,0,0.004304,538,0
-3.25113,0.101586,0.632851,0.266583,1,0.004312,0,0,0.004312,539,0
-3.24511,0.101593,0.632861,0.266586,1,0.00432,0,0,0.00432,540,0
-3.23909,0.101599,0.632871,0.26659,1,0.004328,0,0,0.004328,541,0
-3.23308,0.101605,0.632881,0.266594,1,0.004336,0,0,0.004336,542,0
-3.22706,0.101612,0.632891,0.266598,1,0.004344,0,0,0.004344,543,0
-3.22105,0.101618,0.632901,0.266601,1,0.004352,0,0,0.004352,544,0
-3.21503,0.101624,0.63291,0.266605,1,0.00436,0,0,0.00436,545,0
-3.20901,0.101631,0.63292,0.266609,1,0.004368,0,0,0.004368,546,0
-3.203,0.101637,0.63293,0.266612,1,0.004376,0,0,0.004376,547,0
-3.19698,0.101643,0.63294,0.266616,1,0.004384,0,0,0.004384,548,0
-3.19734,0.101643,0.632938,0.266615,1,0.004392,0,0,0.004392,549,0
-3.21846,0.101621,0.632897,0.266598,1,0.0044,0,0,0.0044,550,0
-3.23958,0.101598,0.632857,0.26658,1,0.004408,0,0,0.004408,551,0
-3.2607,0.101576,0.632816,0.266563,1,0.004416,0,0,0.004416,552,0
-3.28182,0.101554,0.632775,0.266545,1,0.004424,0,0,0.004424,553,0
-3.30294,0.101532,0.632734,0.266528,1,0.004432,0,0,0.004432,554,0
-3.32406,0.10151,0.632693,0.26651,1,0.00444,0,0,0.00444,555,0
-3.34518,0.101488,0.632652,0.266493,1,0.004448,0,0,0.004448,556,0
-3.3663,0.101465,0.632611,0.266476,1,0.004456,0,0,0.004456,557,0
-3.38742,0.101443,0.63257,0.266458,1,0.004464,0,0,0.004464,558,0
-3.40854,0.101421,0.632529,0.266441,1,0.004472,0,0,0.004472,559,0
-3.42966,0.101399,0.632488,0.266423,1,0.00448,0,0,0.00448,560,0
-3.43258,0.101396,0.632479,0.26642,1,0.004488,0,0,0.004488,561,0
-3.43385,0.101394,0.632473,0.266417,1,0.004496,0,0,0.004496,562,0
-3.43511,0.101393,0.632467,0.266414,1,0.004504,0,0,0.004504,563,0
-3.43637,0.101392,0.63246,0.266412,1,0.004512,0,0,0.004512,564,0
-3.43763,0.10139,0.632454,0.266409,1,0.00452,0,0,0.00452,565,0
-3.43889,0.101389,0.632448,0.266406,1,0.004528,0,0,0.004528,566,0
-3.44016,0.101388,0.632442,0.266404,1,0.004536,0,0,0.004536,567,0
-3.44142,0.101387,0.632435,0.266401,1,0.004544,0,0,0.004544,568,0
-3.44268,0.101385,0.632429,0.266398,1,0.004552,0,0,0.004552,569,0
-3.44394,0.101384,0.632423,0.266396,1,0.00456,0,0,0.00456,570,0
-3.4452,0.101383,0.632416,0.266393,1,0.004568,0,0,0.004568,571,0
-3.44745,0.10138,0.632411,0.266391,1,0.004576,0,0,0.004576,572,0
-3.45037,0.101377,0.632407,0.266389,1,0.004584,0,0,0.004584,573,0
-3.45329,0.101374,0.632403,0.266387,1,0.004592,0,0,0.004592,574,0
-3.45621,0.101371,0.632399,0.266385,1,0.0046,0,0,0.0046,575,0
-3.45913,0.101368,0.632394,0.266383,1,0.004608,0,0,0.004608,576,0
-3.46205,0.101365,0.63239,0.266381,1,0.004616,0,0,0.004616,577,0
-3.46497,0.101362,0.632386,0.266379,1,0.004624,0,0,0.004624,578,0
-3.46789,0.101359,0.632382,0.266377,1,0.004632,0,0,0.004632,579,0
-3.4708,0.101356,0.632377,0.266375,1,0.00464,0,0,0.00464,580,0
-3.47372,0.101353,0.632373,0.266373,1,0.004648,0,0,0.004648,581,0
-3.47664,0.10135,0.632369,0.266371,1,0.004656,0,0,0.004656,582,0
-3.47956,0.101346,0.632365,0.266369,1,0.004664,0,0,0.004664,583,0
-3.48248,0.101343,0.63236,0.266368,1,0.004672,0,0,0.004672,584,0
-3.48261,0.101343,0.632361,0.266368,1,0.00468,0,0,0.00468,585,0
-3.47278,0.101354,0.632379,0.266375,1,0.004688,0,0,0.004688,586,0
-3.46296,0.101364,0.632396,0.266383,1,0.004696,0,0,0.004696,587,0
-3.45313,0.101374,0.632414,0.266391,1,0.004704,0,0,0.004704,588,0
-3.44331,0.101385,0.632432,0.266398,1,0.004712,0,0,0.004712,589,0
-3.43348,0.101395,0.632449,0.266406,1,0.00472,0,0,0.00472,590,0
-3.42366,0.101405,0.632467,0.266414,1,0.004728,0,0,0.004728,591,0
-3.41383,0.101415,0.632485,0.266422,1,0.004736,0,0,0.004736,592,0
-3.40401,0.101426,0.632503,0.266429,1,0.004744,0,0,0.004744,593,0
-3.39418,0.101436,0.63252,0.266437,1,0.004752,0,0,0.004752,594,0
-3.38436,0.101446,0.632538,0.266445,1,0.00476,0,0,0.00476,595,0
-3.37453,0.101457,0.632556,0.266452,1,0.004768,0,0,0.004768,596,0
-3.36471,0.101467,0.632573,0.26646,1,0.004776,0,0,0.004776,597,0
-3.35488,0.101477,0.632591,0.266468,1,0.004784,0,0,0.004784,598,0
-3.35655,0.101476,0.632584,0.266464,1,0.004792,0,0,0.004792,599,0
-3.36036,0.101472,0.632571,0.266458,1,0.0048,0,0,0.0048,600,0
-3.36418,0.101468,0.632559,0.266453,1,0.004808,0,0,0.004808,601,0
-3.36799,0.101464,0.632547,0.266447,1,0.004816,0,0,0.004816,602,0
-3.3718,0.10146,0.632534,0.266441,1,0.004824,0,0,0.004824,603,0
-3.37562,0.101456,0.632522,0.266435,1,0.004832,0,0,0.004832,604,0
-3.37943,0.101452,0.632509,0.26643,1,0.00484,0,0,0.00484,605,0
-3.38325,0.101448,0.632497,0.266424,1,0.004848,0,0,0.004848,606,0
-3.38706,0.101444,0.632485,0.266418,1,0.004856,0,0,0.004856,607,0
-3.39088,0.10144,0.632472,0.266412,1,0.004864,0,0,0.004864,608,0
-3.39469,0.101436,0.63246,0.266407,1,0.004872,0,0,0.004872,609,0
-3.39851,0.101432,0.632448,0.266401,1,0.00488,0,0,0.00488,610,0
-3.40232,0.101428,0.632435,0.266395,1,0.004888,0,0,0.004888,611,0
-3.40614,0.101424,0.632423,0.26639,1,0.004896,0,0,0.004896,612,0
-3.40995,0.10142,0.632411,0.266384,1,0.004904,0,0,0.004904,613,0
-3.41075,0.101419,0.632407,0.266382,1,0.004912,0,0,0.004912,614,0
-3.41107,0.101418,0.632404,0.266381,1,0.00492,0,0,0.00492,615,0
-3.41138,0.101418,0.632401,0.26638,1,0.004928,0,0,0.004928,616,0
-3.4117,0.101418,0.632398,0.266379,1,0.004936,0,0,0.004936,617,0
-3.41202,0.101417,0.632395,0.266378,1,0.004944,0,0,0.004944,618,0
-3.41234,0.101417,0.632393,0.266377,1,0.004952,0,0,0.004952,619,0
-3.41266,0.101417,0.63239,0.266376,1,0.00496,0,0,0.00496,620,0
-3.41297,0.101416,0.632387,0.266375,1,0.004968,0,0,0.004968,621,0
-3.41329,0.101416,0.632384,0.266374,1,0.004976,0,0,0.004976,622,0
-3.41361,0.101416,0.632381,0.266372,1,0.004984,0,0,0.004984,623,0
-3.41393,0.101415,0.632379,0.266371,1,0.004992,0,0,0.004992,624,0
-3.41424,0.101415,0.632376,0.26637,1,0.005,0,0,0.005,625,0
-3.41456,0.101415,0.632373,0.266369,1,0.005008,0,0,0.005008,626,0
-3.41488,0.101414,0.63237,0.266368,1,0.005016,0,0,0.005016,627,0
-3.4152,0.101414,0.632367,0.266367,1,0.005024,0,0,0.005024,628,0
-3.41218,0.101417,0.632368,0.266367,1,0.005032,0,0,0.005032,629,0
-3.40873,0.101421,0.632369,0.266368,1,0.00504,0,0,0.00504,630,0
-3.40527,0.101424,0.632369,0.266368,1,0.005048,0,0,0.005048,631,0
-3.40181,0.101428,0.63237,0.266369,1,0.005056,0,0,0.005056,632,0
-3.39835,0.101432,0.632371,0.266369,1,0.005064,0,0,0.005064,633,0
-3.3949,0.101435,0.632372,0.26637,1,0.005072,0,0,0.005072,634,0
-3.39144,0.101439,0.632373,0.26637,1,0.00508,0,0,0.00508,635,0
-3.38798,0.101443,0.632373,0.266371,1,0.005088,0,0,0.005088,636,0
-3.38452,0.101446,0.632374,0.266371,1,0.005096,0,0,0.005096,637,0
-3.38106,0.10145,0.632375,0.266371,1,0.005104,0,0,0.005104,638,0
-3.37761,0.101454,0.632376,0.266372,1,0.005112,0,0,0.005112,639,0
-3.37415,0.101457,0.632377,0.266372,1,0.00512,0,0,0.00512,640,0
-3.37069,0.101461,0.632378,0.266373,1,0.005128,0,0,0.005128,641,0
-3.36849,0.101463,0.632376,0.266372,1,0.005136,0,0,0.005136,642,0
-3.36828,0.101463,0.632369,0.266369,1,0.005144,0,0,0.005144,643,0
-3.36807,0.101464,0.632363,0.266365,1,0.005152,0,0,0.005152,644,0
-3.36786,0.101464,0.632357,0.266362,1,0.00516,0,0,0.00516,645,0
-3.36764,0.101464,0.63235,0.266359,1,0.005168,0,0,0.005168,646,0
-3.36743,0.101464,0.632344,0.266356,1,0.005176,0,0,0.005176,647,0
-3.36722,0.101464,0.632338,0.266353,1,0.005184,0,0,0.005184,648,0
-3.36701,0.101465,0.632331,0.266349,1,0.005192,0,0,0.005192,649,0
-3.3668,0.101465,0.632325,0.266346,1,0.0052,0,0,0.0052,650,0
-3.36658,0.101465,0.632319,0.266343,1,0.005208,0,0,0.005208,651,0
-3.36637,0.101465,0.632313,0.26634,1,0.005216,0,0,0.005216,652,0
-3.36616,0.101466,0.632306,0.266337,1,0.005224,0,0,0.005224,653,0
-3.36595,0.101466,0.6323,0.266334,1,0.005232,0,0,0.005232,654,0
-3.36574,0.101466,0.632294,0.26633,1,0.00524,0,0,0.00524,655,0
-3.36559,0.101466,0.632287,0.266328,1,0.005248,0,0,0.005248,656,0
-3.36545,0.101466,0.632281,0.266325,1,0.005256,0,0,0.005256,657,0
-3.36531,0.101466,0.632275,0.266323,1,0.005264,0,0,0.005264,658,0
-3.36517,0.101467,0.632268,0.26632,1,0.005272,0,0,0.005272,659,0
-3.36502,0.101467,0.632262,0.266318,1,0.00528,0,0,0.00528,660,0
-3.36488,0.101467,0.632255,0.266315,1,0.005288,0,0,0.005288,661,0
-3.36474,0.101467,0.632249,0.266313,1,0.005296,0,0,0.005296,662,0
-3.3646,0.101467,0.632243,0.26631,1,0.005304,0,0,0.005304,663,0
-3.36446,0.101467,0.632236,0.266308,1,0.005312,0,0,0.005312,664,0
-3.36432,0.101467,0.63223,0.266305,1,0.00532,0,0,0.00532,665,0
-3.36418,0.101468,0.632224,0.266303,1,0.005328,0,0,0.005328,666,0
-3.36404,0.101468,0.632217,0.2663,1,0.005336,0,0,0.005336,667,0
-3.3639,0.101468,0.632211,0.266298,1,0.005344,0,0,0.005344,668,0
-3.36075,0.101471,0.632209,0.266297,1,0.005352,0,0,0.005352,669,0
-3.35306,0.101479,0.632214,0.266299,1,0.00536,0,0,0.00536,670,0
-3.34537,0.101487,0.632219,0.266301,1,0.005368,0,0,0.005368,671,0
-3.33768,0.101495,0.632223,0.266303,1,0.005376,0,0,0.005376,672,0
-3.32998,0.101504,0.632228,0.266305,1,0.005384,0,0,0.005384,673,0
-3.32229,0.101512,0.632233,0.266307,1,0.005392,0,0,0.005392,674,0
-3.3146,0.10152,0.632238,0.266309,1,0.0054,0,0,0.0054,675,0
-3.30691,0.101528,0.632243,0.266311,1,0.005408,0,0,0.005408,676,0
-3.29921,0.101536,0.632247,0.266313,1,0.005416,0,0,0.005416,677,0
-3.29152,0.101544,0.632252,0.266316,1,0.005424,0,0,0.005424,678,0
-3.28383,0.101552,0.632257,0.266318,1,0.005432,0,0,0.005432,679,0
-3.27614,0.10156,0.632262,0.26632,1,0.00544,0,0,0.00544,680,0
-3.26844,0.101568,0.632267,0.266322,1,0.005448,0,0,0.005448,681,0
-3.26075,0.101576,0.632272,0.266324,1,0.005456,0,0,0.005456,682,0
-3.25331,0.101584,0.632278,0.266326,1,0.005464,0,0,0.005464,683,0
-3.2459,0.101592,0.632285,0.266329,1,0.005472,0,0,0.005472,684,0
-3.23849,0.1016,0.632292,0.266332,1,0.00548,0,0,0.00548,685,0
-3.23108,0.101607,0.632298,0.266334,1,0.005488,0,0,0.005488,686,0
-3.22367,0.101615,0.632305,0.266337,1,0.005496,0,0,0.005496,687,0
-3.21626,0.101623,0.632312,0.26634,1,0.005504,0,0,0.005504,688,0
-3.20885,0.101631,0.632319,0.266342,1,0.005512,0,0,0.005512,689,0
-3.20144,0.101638,0.632325,0.266345,1,0.00552,0,0,0.00552,690,0
-3.19403,0.101646,0.632332,0.266348,1,0.005528,0,0,0.005528,691,0
-3.18662,0.101654,0.632339,0.26635,1,0.005536,0,0,0.005536,692,0
-3.17921,0.101662,0.632346,0.266353,1,0.005544,0,0,0.005544,693,0
-3.1718,0.10167,0.632352,0.266356,1,0.005552,0,0,0.005552,694,0
-3.16439,0.101677,0.632359,0.266358,1,0.00556,0,0,0.00556,695,0
-3.16328,0.101679,0.632352,0.266355,1,0.005568,0,0,0.005568,696,0
-3.17134,0.10167,0.632324,0.266344,1,0.005576,0,0,0.005576,697,0
-3.17939,0.101662,0.632297,0.266333,1,0.005584,0,0,0.005584,698,0
-3.18744,0.101653,0.632269,0.266321,1,0.005592,0,0,0.005592,699,0
-3.19549,0.101645,0.632241,0.26631,1,0.0056,0,0,0.0056,700,0
-3.20355,0.101636,0.632214,0.266299,1,0.005608,0,0,0.005608,701,0
-3.2116,0.101628,0.632186,0.266287,1,0.005616,0,0,0.005616,702,0
-3.21965,0.101619,0.632158,0.266276,1,0.005624,0,0,0.005624,703,0
-3.22771,0.101611,0.632131,0.266265,1,0.005632,0,0,0.005632,704,0
-3.23383,0.101604,0.632107,0.266255,1,0.00564,0,0,0.00564,705,0
-3.21222,0.101627,0.632139,0.266269,1,0.005648,0,0,0.005648,706,0
-3.19061,0.10165,0.632171,0.266282,1,0.005656,0,0,0.005656,707,0
-3.16901,0.101673,0.632203,0.266296,1,0.005664,0,0,0.005664,708,0
-3.1474,0.101695,0.632236,0.26631,1,0.005672,0,0,0.005672,709,0
-3.12579,0.101718,0.632268,0.266323,1,0.00568,0,0,0.00568,710,0
-3.10418,0.101741,0.6323,0.266337,1,0.005688,0,0,0.005688,711,0
-3.08257,0.101763,0.632332,0.266351,1,0.005696,0,0,0.005696,712,0
-3.06096,0.101786,0.632364,0.266364,1,0.005704,0,0,0.005704,713,0
-3.03936,0.101809,0.632396,0.266378,1,0.005712,0,0,0.005712,714,0
-3.02599,0.101823,0.632411,0.266385,1,0.00572,0,0,0.00572,715,0
-3.01581,0.101833,0.632419,0.266388,1,0.005728,0,0,0.005728,716,0
-3.00563,0.101844,0.632427,0.266392,1,0.005736,0,0,0.005736,717,0
-2.99545,0.101855,0.632435,0.266395,1,0.005744,0,0,0.005744,718,0
-2.98527,0.101865,0.632443,0.266399,1,0.005752,0,0,0.005752,719,0
-2.97509,0.101876,0.632451,0.266402,1,0.00576,0,0,0.00576,720,0
-2.96491,0.101887,0.632459,0.266406,1,0.005768,0,0,0.005768,721,0
-2.95473,0.101898,0.632467,0.266409,1,0.005776,0,0,0.005776,722,0
-2.94455,0.101908,0.632475,0.266413,1,0.005784,0,0,0.005784,723,0
-2.93437,0.101919,0.632483,0.266416,1,0.005792,0,0,0.005792,724,0
-2.92419,0.10193,0.632491,0.26642,1,0.0058,0,0,0.0058,725,0
-2.91401,0.10194,0.632499,0.266423,1,0.005808,0,0,0.005808,726,0
-2.90383,0.101951,0.632507,0.266427,1,0.005816,0,0,0.005816,727,0
-2.89365,0.101962,0.632515,0.26643,1,0.005824,0,0,0.005824,728,0
-2.88347,0.101972,0.632523,0.266434,1,0.005832,0,0,0.005832,729,0
-2.87329,0.101983,0.632532,0.266437,1,0.00584,0,0,0.00584,730,0
-2.86311,0.101994,0.63254,0.266441,1,0.005848,0,0,0.005848,731,0
-2.84964,0.102008,0.632553,0.266447,1,0.005856,0,0,0.005856,732,0
-2.8347,0.102024,0.632568,0.266454,1,0.005864,0,0,0.005864,733,0
-2.81977,0.102039,0.632584,0.266461,1,0.005872,0,0,0.005872,734,0
-2.80483,0.102055,0.632599,0.266468,1,0.00588,0,0,0.00588,735,0
-2.7899,0.102071,0.632615,0.266475,1,0.005888,0,0,0.005888,736,0
-2.77496,0.102086,0.63263,0.266481,1,0.005896,0,0,0.005896,737,0
-2.76003,0.102102,0.632646,0.266488,1,0.005904,0,0,0.005904,738,0
-2.74509,0.102118,0.632661,0.266495,1,0.005912,0,0,0.005912,739,0
-2.73016,0.102133,0.632677,0.266502,1,0.00592,0,0,0.00592,740,0
-2.71522,0.102149,0.632692,0.266509,1,0.005928,0,0,0.005928,741,0
-2.70029,0.102165,0.632708,0.266516,1,0.005936,0,0,0.005936,742,0
-2.68535,0.10218,0.632723,0.266523,1,0.005944,0,0,0.005944,743,0
-2.67042,0.102196,0.632739,0.26653,1,0.005952,0,0,0.005952,744,0
-2.65548,0.102212,0.632754,0.266537,1,0.00596,0,0,0.00596,745,0
-2.64055,0.102227,0.63277,0.266544,1,0.005968,0,0,0.005968,746,0
-2.62561,0.102243,0.632785,0.266551,1,0.005976,0,0,0.005976,747,0
-2.61068,0.102259,0.632801,0.266558,1,0.005984,0,0,0.005984,748,0
-2.59269,0.102278,0.632823,0.266567,1,0.005992,0,0,0.005992,749,0
-2.57319,0.102298,0.632849,0.266579,1,0.006,0,0,0.006,750,0
-2.55368,0.102319,0.632874,0.26659,1,0.006008,0,0,0.006008,751,0
-2.53418,0.102339,0.6329,0.266601,1,0.006016,0,0,0.006016,752,0
-2.51467,0.10236,0.632925,0.266612,1,0.006024,0,0,0.006024,753,0
-2.49517,0.10238,0.632951,0.266623,1,0.006032,0,0,0.006032,754,0
-2.47567,0.102401,0.632976,0.266634,1,0.00604,0,0,0.00604,755,0
-2.45616,0.102421,0.633002,0.266645,1,0.006048,0,0,0.006048,756,0
-2.43666,0.102442,0.633027,0.266657,1,0.006056,0,0,0.006056,757,0
-2.41715,0.102462,0.633053,0.266668,1,0.006064,0,0,0.006064,758,0
-2.39765,0.102482,0.633078,0.266679,1,0.006072,0,0,0.006072,759,0
-2.37814,0.102503,0.633104,0.26669,1,0.00608,0,0,0.00608,760,0
-2.35864,0.102523,0.633129,0.266701,1,0.006088,0,0,0.006088,761,0
-2.33914,0.102544,0.633155,0.266712,1,0.006096,0,0,0.006096,762,0
-2.31963,0.102564,0.633181,0.266723,1,0.006104,0,0,0.006104,763,0
-2.30013,0.102585,0.633206,0.266735,1,0.006112,0,0,0.006112,764,0
-2.28062,0.102605,0.633232,0.266746,1,0.00612,0,0,0.00612,765,0
-2.26112,0.102626,0.633257,0.266757,1,0.006128,0,0,0.006128,766,0
-2.24161,0.102646,0.633283,0.266768,1,0.006136,0,0,0.006136,767,0
-2.22304,0.102666,0.633306,0.266778,1,0.006144,0,0,0.006144,768,0
-2.20685,0.102683,0.633323,0.266786,1,0.006152,0,0,0.006152,769,0
-2.19065,0.1027,0.63334,0.266793,1,0.00616,0,0,0.00616,770,0
-2.17445,0.102717,0.633357,0.266801,1,0.006168,0,0,0.006168,771,0
-2.15826,0.102734,0.633374,0.266808,1,0.006176,0,0,0.006176,772,0
-2.14206,0.102751,0.633391,0.266816,1,0.006184,0,0,0.006184,773,0
-2.12586,0.102768,0.633408,0.266823,1,0.006192,0,0,0.006192,774,0
-2.10967,0.102785,0.633425,0.266831,1,0.0062,0,0,0.0062,775,0
-2.09347,0.102802,0.633442,0.266839,1,0.006208,0,0,0.006208,776,0
-2.07727,0.102819,0.633459,0.266846,1,0.006216,0,0,0.006216,777,0
-2.06107,0.102836,0.633476,0.266854,1,0.006224,0,0,0.006224,778,0
-2.04488,0.102853,0.633493,0.266861,1,0.006232,0,0,0.006232,779,0
-2.02868,0.10287,0.63351,0.266869,1,0.00624,0,0,0.00624,780,0
-2.01248,0.102887,0.633527,0.266876,1,0.006248,0,0,0.006248,781,0
-1.99629,0.102904,0.633544,0.266884,1,0.006256,0,0,0.006256,782,0
-1.98009,0.102921,0.633561,0.266892,1,0.006264,0,0,0.006264,783,0
-1.96389,0.102938,0.633578,0.266899,1,0.006272,0,0,0.006272,784,0
-1.9477,0.102955,0.633595,0.266907,1,0.00628,0,0,0.00628,785,0
-1.9191,0.102985,0.633636,0.266925,1,0.006288,0,0,0.006288,786,0
-1.88776,0.103018,0.633683,0.266945,1,0.006296,0,0,0.006296,787,0
-1.85643,0.103051,0.63373,0.266966,1,0.006304,0,0,0.006304,788,0
-1.82509,0.103084,0.633776,0.266987,1,0.006312,0,0,0.006312,789,0
-1.79375,0.103117,0.633823,0.267007,1,0.00632,0,0,0.00632,790,0
-1.76242,0.103149,0.633869,0.267028,1,0.006328,0,0,0.006328,791,0
-1.73108,0.103182,0.633916,0.267049,1,0.006336,0,0,0.006336,792,0
-1.69974,0.103215,0.633963,0.267069,1,0.006344,0,0,0.006344,793,0
-1.6684,0.103248,0.634009,0.26709,1,0.006352,0,0,0.006352,794,0
-1.63707,0.103281,0.634056,0.26711,1,0.00636,0,0,0.00636,795,0
-1.60573,0.103314,0.634103,0.267131,1,0.006368,0,0,0.006368,796,0
-1.57439,0.103347,0.634149,0.267152,1,0.006376,0,0,0.006376,797,0
-1.54306,0.10338,0.634196,0.267172,1,0.006384,0,0,0.006384,798,0
-1.52716,0.103396,0.634212,0.26718,1,0.006392,0,0,0.006392,799,0
-1.51728,0.103407,0.634216,0.267182,1,0.0064,0,0,0.0064,800,0
-1.50739,0.103417,0.634221,0.267184,1,0.006408,0,0,0.006408,801,0
-1.4975,0.103428,0.634225,0.267186,1,0.006416,0,0,0.006416,802,0
-1.48761,0.103438,0.634229,0.267189,1,0.006424,0,0,0.006424,803,0
-1.47772,0.103448,0.634233,0.267191,1,0.006432,0,0,0.006432,804,0
-1.46783,0.103459,0.634238,0.267193,1,0.00644,0,0,0.00644,805,0
-1.45794,0.103469,0.634242,0.267195,1,0.006448,0,0,0.006448,806,0
-1.44806,0.10348,0.634246,0.267198,1,0.006456,0,0,0.006456,807,0
-1.43817,0.10349,0.634251,0.2672,1,0.006464,0,0,0.006464,808,0
-1.41437,0.103515,0.634281,0.267213,1,0.006472,0,0,0.006472,809,0
-1.38897,0.103542,0.634314,0.267228,1,0.00648,0,0,0.00648,810,0
-1.36357,0.103568,0.634348,0.267243,1,0.006488,0,0,0.006488,811,0
-1.33816,0.103595,0.634381,0.267258,1,0.006496,0,0,0.006496,812,0
-1.31276,0.103622,0.634414,0.267273,1,0.006504,0,0,0.006504,813,0
-1.28736,0.103648,0.634448,0.267288,1,0.006512,0,0,0.006512,814,0
-1.26195,0.103675,0.634481,0.267303,1,0.00652,0,0,0.00652,815,0
-1.23655,0.103702,0.634515,0.267318,1,0.006528,0,0,0.006528,816,0
-1.21115,0.103728,0.634548,0.267333,1,0.006536,0,0,0.006536,817,0
-1.1861,0.103755,0.634581,0.267348,1,0.006544,0,0,0.006544,818,0
-1.16547,0.103776,0.634607,0.267359,1,0.006552,0,0,0.006552,819,0
-1.14485,0.103798,0.634633,0.26737,1,0.00656,0,0,0.00656,820,0
-1.12423,0.10382,0.634659,0.267381,1,0.006568,0,0,0.006568,821,0
-1.10361,0.103841,0.634685,0.267393,1,0.006576,0,0,0.006576,822,0
-1.08298,0.103863,0.634711,0.267404,1,0.006584,0,0,0.006584,823,0
-1.06236,0.103885,0.634737,0.267415,1,0.006592,0,0,0.006592,824,0
-1.04174,0.103906,0.634762,0.267426,1,0.0066,0,0,0.0066,825,0
-1.02112,0.103928,0.634788,0.267437,1,0.006608,0,0,0.006608,826,0
-1.0005,0.103949,0.634814,0.267448,1,0.006616,0,0,0.006616,827,0
-0.979873,0.103971,0.63484,0.26746,1,0.006624,0,0,0.006624,828,0
-0.959251,0.103993,0.634866,0.267471,1,0.006632,0,0,0.006632,829,0
-0.938628,0.104014,0.634892,0.267482,1,0.00664,0,0,0.00664,830,0
-0.91642,0.104038,0.634921,0.267495,1,0.006648,0,0,0.006648,831,0
-0.892397,0.104063,0.634953,0.267509,1,0.006656,0,0,0.006656,832,0
-0.868375,0.104088,0.634985,0.267524,1,0.006664,0,0,0.006664,833,0
-0.844352,0.104113,0.635017,0.267538,1,0.006672,0,0,0.006672,834,0
-0.820331,0.104139,0.635049,0.267553,1,0.00668,0,0,0.00668,835,0
-0.796308,0.104164,0.635082,0.267567,1,0.006688,0,0,0.006688,836,0
-0.772286,0.104189,0.635114,0.267582,1,0.006696,0,0,0.006696,837,0
-0.748263,0.104214,0.635146,0.267596,1,0.006704,0,0,0.006704,838,0
-0.72424,0.10424,0.635178,0.267611,1,0.006712,0,0,0.006712,839,0
-0.700218,0.104265,0.63521,0.267625,1,0.00672,0,0,0.00672,840,0
-0.676195,0.10429,0.635242,0.26764,1,0.006728,0,0,0.006728,841,0
-0.652173,0.104315,0.635274,0.267654,1,0.006736,0,0,0.006736,842,0
-0.628151,0.10434,0.635306,0.267669,1,0.006744,0,0,0.006744,843,0
-0.580385,0.104391,0.635387,0.267704,1,0.006752,0,0,0.006752,844,0
-0.528715,0.104445,0.635475,0.267743,1,0.00676,0,0,0.00676,845,0
-0.477045,0.104499,0.635564,0.267782,1,0.006768,0,0,0.006768,846,0
-0.425375,0.104553,0.635652,0.267821,1,0.006776,0,0,0.006776,847,0
-0.373705,0.104608,0.63574,0.26786,1,0.006784,0,0,0.006784,848,0
-0.322035,0.104662,0.635829,0.267899,1,0.006792,0,0,0.006792,849,0
-0.270364,0.104716,0.635917,0.267938,1,0.0068,0,0,0.0068,850,0
-0.218697,0.10477,0.636005,0.267976,1,0.006808,0,0,0.006808,851,0
-0.167027,0.104825,0.636094,0.268015,1,0.006816,0,0,0.006816,852,0
-0.115357,0.104879,0.636182,0.268054,1,0.006824,0,0,0.006824,853,0
-0.0636867,0.104933,0.636271,0.268093,1,0.006832,0,0,0.006832,854,0
-0.0120165,0.104987,0.636359,0.268132,1,0.00684,0,0,0.00684,855,0
0.022285,0.105023,0.636413,0.268156,1,0.006848,0,0,0.006848,856,0
0.00483451,0.105005,0.636363,0.268135,1,0.006856,0,0,0.006856,857,0
-0.0126149,0.104987,0.636313,0.268115,1,0.006864,0,0,0.006864,858,0
-0.0300654,0.104968,0.636263,0.268094,1,0.006872,0,0,0.006872,859,0
-0.0475159,0.10495,0.636213,0.268074,1,0.00688,0,0,0.00688,860,0
-0.0649664,0.104932,0.636163,0.268054,1,0.006888,0,0,0.006888,861,0
-0.0824169,0.104913,0.636113,0.268033,1,0.006896,0,0,0.006896,862,0
-0.0998673,0.104895,0.636063,0.268013,1,0.006904,0,0,0.006904,863,0
-0.117318,0.104877,0.636013,0.267992,1,0.006912,0,0,0.006912,864,0
-0.134768,0.104858,0.635963,0.267972,1,0.00692,0,0,0.00692,865,0
-0.152218,0.10484,0.635914,0.267951,1,0.006928,0,0,0.006928,866,0
-0.169668,0.104822,0.635864,0.267931,1,0.006936,0,0,0.006936,867,0
-0.187119,0.104804,0.635814,0.26791,1,0.006944,0,0,0.006944,868,0
-0.187791,0.104803,0.635811,0.267909,1,0.006952,0,0,0.006952,869,0
-0.179179,0.104812,0.635833,0.267919,1,0.00696,0,0,0.00696,870,0
-0.170567,0.104821,0.635856,0.267928,1,0.006968,0,0,0.006968,871,0
-0.161956,0.10483,0.635878,0.267938,1,0.006976,0,0,0.006976,872,0
-0.153344,0.104839,0.635901,0.267947,1,0.006984,0,0,0.006984,873,0
-0.144732,0.104848,0.635924,0.267957,1,0.006992,0,0,0.006992,874,0
-0.136121,0.104857,0.635946,0.267966,1,0.007,0,0,0.007,875,0
-0.127509,0.104866,0.635969,0.267976,1,0.007008,0,0,0.007008,876,0
-0.118897,0.104875,0.635991,0.267985,1,0.007016,0,0,0.007016,877,0
-0.110285,0.104884,0.636014,0.267995,1,0.007024,0,0,0.007024,878,0
-0.101673,0.104893,0.636037,0.268004,1,0.007032,0,0,0.007032,879,0
-0.0930614,0.104902,0.636059,0.268014,1,0.00704,0,0,0.00704,880,0
-0.0845695,0.104911,0.636081,0.268023,1,0.007048,0,0,0.007048,881,0
-0.0792517,0.104917,0.636075,0.268021,1,0.007056,0,0,0.007056,882,0
-0.0739339,0.104922,0.63607,0.26802,1,0.007064,0,0,0.007064,883,0
-0.068616,0.104928,0.636065,0.268018,1,0.007072,0,0,0.007072,884,0
-0.0632982,0.104934,0.636059,0.268017,1,0.00708,0,0,0.00708,885,0
-0.0579804,0.104939,0.636054,0.268015,1,0.007088,0,0,0.007088,886,0
-0.0526625,0.104945,0.636049,0.268014,1,0.007096,0,0,0.007096,887,0
-0.0473447,0.10495,0.636043,0.268012,1,0.007104,0,0,0.007104,888,0
-0.0420272,0.104956,0.636038,0.268011,1,0.007112,0,0,0.007112,889,0
-0.0367094,0.104961,0.636033,0.268009,1,0.00712,0,0,0.00712,890,0
-0.0313916,0.104967,0.636028,0.268008,1,0.007128,0,0,0.007128,891,0
-0.0260737,0.104973,0.636022,0.268006,1,0.007136,0,0,0.007136,892,0
-0.0207559,0.104978,0.636017,0.268005,1,0.007144,0,0,0.007144,893,0
-0.0154381,0.104984,0.636012,0.268003,1,0.007152,0,0,0.007152,894,0
-0.0101202,0.104989,0.636006,0.268002,1,0.00716,0,0,0.00716,895,0
-0.00480242,0.104995,0.636001,0.268,1,0.007168,0,0,0.007168,896,0
-0.000930146,0.104999,0.635997,0.267999,1,0.007176,0,0,0.007176,897,0
-0.000843951,0.104999,0.635997,0.267999,1,0.007184,0,0,0.007184,898,0
-0.000757755,0.104999,0.635998,0.267999,1,0.007192,0,0,0.007192,899,0
-0.00067156,0.104999,0.635998,0.267999,1,0.0072,0,0,0.0072,900,0
-0.000585364,0.104999,0.635998,0.267999,1,0.007208,0,0,0.007208,901,0
-0.000499168,0.104999,0.635998,0.267999,1,0.007216,0,0,0.007216,902,0
-0.000412973,0.105,0.635999,0.268,1,0.007224,0,0,0.007224,903,0
-0.000326782,0.105,0.635999,0.268,1,0.007232,0,0,0.007232,904,0
-0.000240587,0.105,0.635999,0.268,1,0.00724,0,0,0.00724,905,0
-0.000154391,0.105,0.636,0.268,1,0.007248,0,0,0.007248,906,0
-6.81953e-005,0.105,0.636,0.268,1,0.007256,0,0,0.007256,907,0
-3.12215e-006,0.105,0.636,0.268,1,0.007264,0,0,0.007264,908,0
-3.12215e-006,0.105,0.636,0.268,1,0.007272,0,0,0.007272,909,0
-3.12215e-006,0.105,0.636,0.268,1,0.00728,0,0,0.00728,910,0
-3.12215e-006,0.105,0.636,0.268,1,0.007288,0,0,0.007288,911,0
-3.12215e-006,0.105,0.636,0.268,1,0.007296,0,0,0.007296,912,0
-3.12215e-006,0.105,0.636,0.268,1,0.007304,0,0,0.007304,913,0
-3.12215e-006,0.105,0.636,0.268,1,0.007312,0,0,0.007312,914,0
-3.12215e-006,0.105,0.636,0.268,1,0.00732,0,0,0.00732,915,0
-3.12215e-006,0.105,0.636,0.268,1,0.007328,0,0,0.007328,916,0
-3.12215e-006,0.105,0.636,0.268,1,0.007336,0,0,0.007336,917,0
-3.12215e-006,0.105,0.636,0.268,1,0.007344,0,0,0.007344,918,0
-3.12215e-006,0.105,0.636,0.268,1,0.007352,0,0,0.007352,919,0
-3.12215e-006,0.105,0.636,0.268,1,0.00736,0,0,0.00736,920,0
-3.12215e-006,0.105,0.636,0.268,1,0.007368,0,0,0.007368,921,0
-3.12215e-006,0.105,0.636,0.268,1,0.007376,0,0,0.007376,922,0
-3.12215e-006,0.105,0.636,0.268,1,0.007384,0,0,0.007384,923,0
-3.12215e-006,0.105,0.636,0.268,1,0.007392,0,0,0.007392,924,0
-3.12215e-006,0.105,0.636,0.268,1,0.0074,0,0,0.0074,925,0
-3.12215e-006,0.105,0.636,0.268,1,0.007408,0,0,0.007408,926,0
-3.12215e-006,0.105,0.636,0.268,1,0.007416,0,0,0.007416,927,0
-3.12215e-006,0.105,0.636,0.268,1,0.007424,0,0,0.007424,928,0
-3.12215e-006,0.105,0.636,0.268,1,0.007432,0,0,0.007432,929,0
-3.12215e-006,0.105,0.636,0.268,1,0.00744,0,0,0.00744,930,0
-3.12215e-006,0.105,0.636,0.268,1,0.007448,0,0,0.007448,931,0
-3.12215e-006,0.105,0.636,0.268,1,0.007456,0,0,0.007456,932,0
-3.12215e-006,0.105,0.636,0.268,1,0.007464,0,0,0.007464,933,0
-3.12215e-006,0.105,0.636,0.268,1,0.007472,0,0,0.007472,934,0
-3.12215e-006,0.105,0.636,0.268,1,0.00748,0,0,0.00748,935,0
-3.12215e-006,0.105,0.636,0.268,1,0.007488,0,0,0.007488,936,0
-3.12215e-006,0.105,0.636,0.268,1,0.007496,0,0,0.007496,937,0
-3.12215e-006,0.105,0.636,0.268,1,0.007504,0,0,0.007504,938,0
-3.12215e-006,0.105,0.636,0.268,1,0.007512,0,0,0.007512,939,0
-3.12215e-006,0.105,0.636,0.268,1,0.00752,0,0,0.00752,940,0
-3.12215e-006,0.105,0.636,0.268,1,0.007528,0,0,0.007528,941,0
-3.12215e-006,0.105,0.636,0.268,1,0.007536,0,0,0.007536,942,0
-3.12215e-006,0.105,0.636,0.268,1,0.007544,0,0,0.007544,943,0
-3.12215e-006,0.105,0.636,0.268,1,0.007552,0,0,0.007552,944,0
-3.12215e-006,0.105,0.636,0.268,1,0.00756,0,0,0.00756,945,0
-3.12215e-006,0.105,0.636,0.268,1,0.007568,0,0,0.007568,946,0
-3.12215e-006,0.105,0.636,0.268,1,0.007576,0,0,0.007576,947,0
-3.12215e-006,0.105,0.636,0.268,1,0.007584,0,0,0.007584,948,0
-3.12215e-006,0.105,0.636,0.268,1,0.007592,0,0,0.007592,949,0
-3.12215e-006,0.105,0.636,0.268,1,0.0076,0,0,0.0076,950,0
-3.12215e-006,0.105,0.636,0.268,1,0.007608,0,0,0.007608,951,0
-3.12215e-006,0.105,0.636,0.268,1,0.007616,0,0,0.007616,952,0
-3.12215e-006,0.105,0.636,0.268,1,0.007624,0,0,0.007624,953,0
-3.12215e-006,0.105,0.636,0.268,1,0.007632,0,0,0.007632,954,0
-3.12215e-006,0.105,0.636,0.268,1,0.00764,0,0,0.00764,955,0
-3.12215e-006,0.105,0.636,0.268,1,0.007648,0,0,0.007648,956,0
-3.12215e-006,0.105,0.636,0.268,1,0.007656,0,0,0.007656,957,0
-3.12215e-006,0.105,0.636,0.268,1,0.007664,0,0,0.007664,958,0
-3.12215e-006,0.105,0.636,0.268,1,0.007672,0,0,0.007672,959,0
-3.12215e-006,0.105,0.636,0.268,1,0.00768,0,0,0.00768,960,0
-3.12215e-006,0.105,0.636,0.268,1,0.007688,0,0,0.007688,961,0
-3.12215e-006,0.105,0.636,0.268,1,0.007696,0,0,0.007696,962,0
-3.12215e-006,0.105,0.636,0.268,1,0.007704,0,0,0.007704,963,0
-3.12215e-006,0.105,0.636,0.268,1,0.007712,0,0,0.007712,964,0
-3.12215e-006,0.105,0.636,0.268,1,0.00772,0,0,0.00772,965,0
-3.12215e-006,0.105,0.636,0.268,1,0.007728,0,0,0.007728,966,0
-3.12215e-006,0.105,0.636,0.268,1,0.007736,0,0,0.007736,967,0
-3.12215e-006,0.105,0.636,0.268,1,0.007744,0,0,0.007744,968,0
-3.12215e-006,0.105,0.636,0.268,1,0.007752,0,0,0.007752,969,0
-3.12215e-006,0.105,0.636,0.268,1,0.00776,0,0,0.00776,970,0
-3.12215e-006,0.105,0.636,0.268,1,0.007768,0,0,0.007768,971,0
-3.12215e-006,0.105,0.636,0.268,1,0.007776,0,0,0.007776,972,0
-3.12215e-006,0.105,0.636,0.268,1,0.007784,0,0,0.007784,973,0
-3.12215e-006,0.105,0.636,0.268,1,0.007792,0,0,0.007792,974,0
-3.12215e-006,0.105,0.636,0.268,1,0.0078,0,0,0.0078,975,0
-3.12215e-006,0.105,0.636,0.268,1,0.007808,0,0,0.007808,976,0
-3.12215e-006,0.105,0.636,0.268,1,0.007816,0,0,0.007816,977,0
-3.12215e-006,0.105,0.636,0.268,1,0.007824,0,0,0.007824,978,0
-3.12215e-006,0.105,0.636,0.268,1,0.007832,0,0,0.007832,979,0
-3.12215e-006,0.105,0.636,0.268,1,0.00784,0,0,0.00784,980,0
-3.12215e-006,0.105,0.636,0.268,1,0.007848,0,0,0.007848,981,0
-3.12215e-006,0.105,0.636,0.268,1,0.007856,0,0,0.007856,982,0
-3.12215e-006,0.105,0.636,0.268,1,0.007864,0,0,0.007864,983,0
-3.12215e-006,0.105,0.636,0.268,1,0.007872,0,0,0.007872,984,0
-3.12215e-006,0.105,0.636,0.268,1,0.00788,0,0,0.00788,985,0
-3.12215e-006,0.105,0.636,0.268,1,0.007888,0,0,0.007888,986,0
-3.12215e-006,0.105,0.636,0.268,1,0.007896,0,0,0.007896,987,0
-3.12215e-006,0.105,0.636,0.268,1,0.007904,0,0,0.007904,988,0
-3.12215e-006,0.105,0.636,0.268,1,0.007912,0,0,0.007912,989,0
-3.12215e-006,0.105,0.636,0.268,1,0.00792,0,0,0.00792,990,0
-3.12215e-006,0.105,0.636,0.268,1,0.007928,0,0,0.007928,991,0
-3.12215e-006,0.105,0.636,0.268,1,0.007936,0,0,0.007936,992,0
-3.12215e-006,0.105,0.636,0.268,1,0.007944,0,0,0.007944,993,0
-3.12215e-006,0.105,0.636,0.268,1,0.007952,0,0,0.007952,994,0
-3.12215e-006,0.105,0.636,0.268,1,0.00796,0,0,0.00796,995,0
-3.12215e-006,0.105,0.636,0.268,1,0.007968,0,0,0.007968,996,0
-3.12215e-006,0.105,0.636,0.268,1,0.007976,0,0,0.007976,997,0
-3.12215e-006,0.105,0.636,0.268,1,0.007984,0,0,0.007984,998,0
-3.12215e-006,0.105,0.636,0.268,1,0.007992,0,0,0.007992,999,0
-3.12215e-006,0.105,0.636,0.268,1,0.008,0,0,0.008,1000,0
