DensityP1,Vitesse0,Vitesse1,Vitesse:2,FractionLiq_c,FractionSolide_c,Concentration,ConcentrationSolide,ConcentrationLiquide,vtkValidPointMask,arc_length,Points:0,Points:1,Points:2,vtkOriginalIndices,__vtkIsSelected__
2800,0,0,0,0,1,7.49494,7.49494,0,1,0,0.0005,0,0,0,0
2800,-3.98823e-020,-4.97728e-020,0,3.09571e-013,1,7.05809,7.05809,1.51811,1,0.00014,0.0005,0.00014,0,1,0
2800,-3.59542e-020,-8.93386e-020,0,0,1,7.15409,7.15409,0,1,0.00028,0.0005,0.00028,0,2,0
2800,-2.49752e-020,-1.10616e-019,0,2.28057e-012,1,7.17302,7.17302,3.68229,1,0.00042,0.0005,0.00042,0,3,1
2800,-1.37407e-020,-1.36633e-019,0,3.23174e-012,1,7.18335,7.18335,6.34352,1,0.00056,0.0005,0.00056,0,4,0
2800,-3.31411e-021,-1.79181e-019,0,1.54462e-012,1,7.18992,7.18992,3.38589,1,0.0007,0.0005,0.0007,0,5,0
2800,-3.60385e-021,-2.27352e-019,0,3.05637e-012,1,7.18307,7.18307,5.53996,1,0.00084,0.0005,0.00084,0,6,0
2800,-1.31475e-020,-2.23539e-019,0,5.28434e-013,1,7.20603,7.20603,1.274,1,0.00098,0.0005,0.00098,0,7,0
2800,-1.59372e-020,-2.55177e-019,0,3.58742e-012,1,7.15669,7.15669,4.24263,1,0.00112,0.0005,0.00112,0,8,0
2800,7.76005e-021,-2.977e-019,0,2.29716e-012,1,7.1882,7.1882,3.75962,1,0.00126,0.0005,0.00126,0,9,0
2800,2.06471e-020,-3.14736e-019,0,0,1,7.15683,7.15683,0,1,0.0014,0.0005,0.0014,0,10,0
2800,4.67621e-020,-3.90484e-019,0,1.49724e-012,1,7.15794,7.15794,1.93113,1,0.00154,0.0005,0.00154,0,11,0
2800,1.10245e-020,-4.54473e-019,0,1.87444e-012,1,7.12163,7.12163,2.36633,1,0.00168,0.0005,0.00168,0,12,0
2800,1.57835e-020,-4.53246e-019,0,1.96519e-012,1,7.17156,7.17156,4.76884,1,0.00182,0.0005,0.00182,0,13,0
2800,4.16236e-021,-5.07641e-019,0,2.76321e-012,1,7.16095,7.16095,6.74089,1,0.00196,0.0005,0.00196,0,14,0
2800,-3.83372e-020,-5.62911e-019,0,1.00894e-011,1,7.1372,7.1372,7.1372,1,0.0021,0.0005,0.0021,0,15,0
2800,-3.49732e-020,-6.14541e-019,0,4.59404e-012,1,7.15004,7.15004,2.23423,1,0.00224,0.0005,0.00224,0,16,0
2800,-3.36757e-020,-6.59667e-019,0,4.04263e-012,1,7.12146,7.12146,5.29937,1,0.00238,0.0005,0.00238,0,17,0
2800,-3.22796e-020,-7.29522e-019,0,4.63137e-013,1,7.14038,7.14038,1.12687,1,0.00252,0.0005,0.00252,0,18,0
2800,-3.62866e-021,-7.65224e-019,0,9.29065e-017,1,7.13432,7.13432,0,1,0.00266,0.0005,0.00266,0,19,0
2800,-2.64479e-020,-8.46001e-019,0,6.40741e-013,1,7.14064,7.14064,3.10048,1,0.0028,0.0005,0.0028,0,20,0
2800,-2.2599e-020,-8.76157e-019,0,2.21859e-013,1,7.15665,7.15665,0.0529711,1,0.00294,0.0005,0.00294,0,21,0
2800,-4.52022e-020,-9.30054e-019,0,1.75175e-011,1,7.10755,7.10755,4.18249,1,0.00308,0.0005,0.00308,0,22,0
2800,-2.73542e-020,-9.5829e-019,0,3.1699e-012,1,7.1079,7.1079,1.52245,1,0.00322,0.0005,0.00322,0,23,0
2800,-1.54891e-020,-9.97198e-019,0,4.81029e-017,1,7.0977,7.0977,0,1,0.00336,0.0005,0.00336,0,24,0
2800,4.35689e-021,-9.96512e-019,0,4.09881e-012,1,7.13123,7.13123,1.49071,1,0.0035,0.0005,0.0035,0,25,0
2800,2.64606e-020,-1.04528e-018,0,6.42076e-017,1,7.12144,7.12144,0,1,0.00364,0.0005,0.00364,0,26,0
2800,4.6072e-020,-1.14583e-018,0,9.45495e-014,1,7.09763,7.09763,0.151049,1,0.00378,0.0005,0.00378,0,27,0
2800,4.04156e-020,-1.16107e-018,0,1.68067e-012,1,7.11465,7.11465,2.68498,1,0.00392,0.0005,0.00392,0,28,0
2800,2.13447e-020,-1.266e-018,0,1.01281e-012,1,7.12413,7.12413,0.49047,1,0.00406,0.0005,0.00406,0,29,0
2800,1.76656e-020,-1.3488e-018,0,1.58133e-011,1,7.08796,7.08796,5.4041,1,0.0042,0.0005,0.0042,0,30,0
2800,-3.35921e-021,-1.33566e-018,0,2.33972e-011,1,7.09036,7.09036,5.5589,1,0.00434,0.0005,0.00434,0,31,0
2800,1.39947e-022,-1.41439e-018,0,1.9493e-012,1,7.10008,7.10008,5.48211,1,0.00448,0.0005,0.00448,0,32,0
2800,-2.63122e-020,-1.43634e-018,0,1.17512e-012,1,7.08726,7.08726,4.62476,1,0.00462,0.0005,0.00462,0,33,0
2800,-2.90006e-020,-1.46454e-018,0,1.38752e-012,1,7.09639,7.09639,3.3584,1,0.00476,0.0005,0.00476,0,34,0
2800,-2.35911e-020,-1.48631e-018,0,6.3889e-012,1,7.09206,7.09206,2.6544,1,0.0049,0.0005,0.0049,0,35,0
2800,3.86848e-021,-1.59812e-018,0,7.21215e-012,1,7.07976,7.07976,4.80395,1,0.00504,0.0005,0.00504,0,36,0
2800,3.13461e-021,-1.71004e-018,0,4.22652e-012,1,7.09061,7.09061,1.98411,1,0.00518,0.0005,0.00518,0,37,0
2800,-1.27947e-020,-1.8032e-018,0,1.92048e-012,1,7.08664,7.08664,3.09119,1,0.00532,0.0005,0.00532,0,38,0
2800,-2.5068e-020,-1.8611e-018,0,0,1,7.04094,7.04094,0,1,0.00546,0.0005,0.00546,0,39,0
2800,-9.34847e-022,-1.8976e-018,0,0,1,7.10333,7.10333,0,1,0.0056,0.0005,0.0056,0,40,0
2800,2.47567e-020,-1.94809e-018,0,3.72279e-011,1,7.02238,7.02238,5.11535,1,0.00574,0.0005,0.00574,0,41,0
2800,2.55065e-020,-1.97898e-018,0,1.6018e-012,1,7.08601,7.08601,0.274638,1,0.00588,0.0005,0.00588,0,42,0
2800,5.18442e-020,-2.02546e-018,0,9.72083e-018,1,7.0892,7.0892,0,1,0.00602,0.0005,0.00602,0,43,0
2800,5.28127e-020,-2.07207e-018,0,1.5837e-012,1,7.05996,7.05996,3.78478,1,0.00616,0.0005,0.00616,0,44,0
2800,1.88619e-020,-2.19267e-018,0,1.06557e-015,1,7.06252,7.06252,0,1,0.0063,0.0005,0.0063,0,45,0
2800,-1.69012e-020,-2.29068e-018,0,1.04756e-012,1,7.07044,7.07044,2.50476,1,0.00644,0.0005,0.00644,0,46,0
2800,-1.04542e-020,-2.33e-018,0,1.44099e-011,1,7.05654,7.05654,5.66446,1,0.00658,0.0005,0.00658,0,47,0
2800,5.59964e-021,-2.35538e-018,0,2.13775e-011,1,7.04868,7.04868,4.93457,1,0.00672,0.0005,0.00672,0,48,0
2800,3.27009e-020,-2.41511e-018,0,2.33493e-012,1,7.07264,7.07264,5.53122,1,0.00686,0.0005,0.00686,0,49,0
2800,1.46798e-020,-2.45137e-018,0,4.10876e-012,1,7.04868,7.04868,1.09702,1,0.007,0.0005,0.007,0,50,0
2800,-1.81336e-022,-2.53573e-018,0,5.02983e-013,1,7.04936,7.04936,1.19533,1,0.00714,0.0005,0.00714,0,51,0
2800,7.9055e-023,-2.56542e-018,0,3.55162e-012,1,7.02004,7.02004,4.24882,1,0.00728,0.0005,0.00728,0,52,0
2800,1.37541e-020,-2.58431e-018,0,1.98082e-012,1,7.0656,7.0656,4.64986,1,0.00742,0.0005,0.00742,0,53,0
2800,1.51125e-020,-2.67132e-018,0,9.27408e-012,1,7.04645,7.04645,5.29665,1,0.00756,0.0005,0.00756,0,54,0
2800,2.12369e-020,-2.74182e-018,0,3.0112e-011,1,7.01738,7.01738,6.36067,1,0.0077,0.0005,0.0077,0,55,0
2800,8.91108e-021,-2.76429e-018,0,1.73261e-012,1,7.03362,7.03362,4.02341,1,0.00784,0.0005,0.00784,0,56,0
2800,1.26511e-020,-2.8038e-018,0,5.01223e-012,1,7.05919,7.05919,1.25275,1,0.00798,0.0005,0.00798,0,57,0
2800,3.25816e-020,-2.79579e-018,0,2.30631e-011,1,6.99106,6.99106,6.50782,1,0.00812,0.0005,0.00812,0,58,0
2800,4.15992e-020,-2.8868e-018,0,4.56226e-012,1,7.0494,7.0494,5.59717,1,0.00826,0.0005,0.00826,0,59,0
2800,3.24982e-020,-3.00736e-018,0,6.63545e-012,1,7.02438,7.02438,3.96597,1,0.0084,0.0005,0.0084,0,60,0
2800,3.56107e-020,-3.06304e-018,0,4.13787e-012,1,7.0207,7.0207,4.32526,1,0.00854,0.0005,0.00854,0,61,0
2800,5.09848e-020,-3.14519e-018,0,4.98178e-012,1,7.04313,7.04313,7.04313,1,0.00868,0.0005,0.00868,0,62,0
2800,4.29204e-020,-3.25503e-018,0,9.89956e-012,1,7.0365,7.0365,4.21671,1,0.00882,0.0005,0.00882,0,63,0
2800,2.24771e-020,-3.30424e-018,0,9.2002e-012,1,7.00901,7.00901,3.06016,1,0.00896,0.0005,0.00896,0,64,0
2800,1.82313e-020,-3.35215e-018,0,7.20859e-012,1,7.00728,7.00728,2.39821,1,0.0091,0.0005,0.0091,0,65,0
2800,2.88516e-020,-3.39577e-018,0,1.40487e-018,1,7.01699,7.01699,0,1,0.00924,0.0005,0.00924,0,66,0
2800,2.76879e-020,-3.42703e-018,0,5.14929e-017,1,7.02882,7.02882,0,1,0.00938,0.0005,0.00938,0,67,0
2800,1.34404e-020,-3.44717e-018,0,1.40406e-012,1,7.00894,7.00894,2.18319,1,0.00952,0.0005,0.00952,0,68,0
2800,7.6869e-021,-3.47682e-018,0,6.73778e-012,1,6.98017,6.98017,6.12853,1,0.00966,0.0005,0.00966,0,69,0
2800,3.02277e-020,-3.54966e-018,0,1.31841e-011,1,6.96834,6.96834,6.96834,1,0.0098,0.0005,0.0098,0,70,0
2800,2.3448e-020,-3.66794e-018,0,5.66179e-012,1,7.02146,7.02146,2.23932,1,0.00994,0.0005,0.00994,0,71,0
2800,2.92777e-020,-3.7059e-018,0,3.76343e-013,1,7.01601,7.01601,1.782,1,0.01008,0.0005,0.01008,0,72,0
2800,2.32249e-023,-3.73974e-018,0,8.25425e-013,1,7.01693,7.01693,3.90946,1,0.01022,0.0005,0.01022,0,73,0
2800,2.20539e-020,-3.82277e-018,0,1.18549e-012,1,7.03226,7.03226,0.559207,1,0.01036,0.0005,0.01036,0,74,0
2800,2.9149e-020,-3.88799e-018,0,2.3944e-011,1,7.00826,7.00826,3.80037,1,0.0105,0.0005,0.0105,0,75,0
2800,1.53902e-020,-3.899e-018,0,6.92889e-011,1,6.96478,6.96478,6.40825,1,0.01064,0.0005,0.01064,0,76,0
2800,4.94528e-020,-4.0851e-018,0,1.40995e-013,1,7.02411,7.02411,0.335895,1,0.01078,0.0005,0.01078,0,77,0
2800,-3.18516e-020,-4.05809e-018,0,2.34696e-012,1,7.00787,7.00787,5.5912,1,0.01092,0.0005,0.01092,0,78,0
2800,-1.61559e-020,-4.16824e-018,0,1.2258e-011,1,6.9579,6.9579,6.20411,1,0.01106,0.0005,0.01106,0,79,0
2800,-3.54174e-020,-4.25082e-018,0,8.81292e-013,1,7.01168,7.01168,2.08185,1,0.0112,0.0005,0.0112,0,80,0
2800,-5.80781e-020,-4.24533e-018,0,4.70909e-014,1,6.9995,6.9995,0.113249,1,0.01134,0.0005,0.01134,0,81,0
2800,-6.43282e-020,-4.31245e-018,0,1.18812e-014,1,7.02173,7.02173,0.0285731,1,0.01148,0.0005,0.01148,0,82,0
2800,-5.70756e-020,-4.40179e-018,0,0,1,6.98692,6.98692,0,1,0.01162,0.0005,0.01162,0,83,0
2800,-5.08285e-020,-4.42348e-018,0,0,1,6.99221,6.99221,0,1,0.01176,0.0005,0.01176,0,84,0
2800,-3.87517e-020,-4.4973e-018,0,1.14121e-011,1,6.98382,6.98382,1.42752,1,0.0119,0.0005,0.0119,0,85,0
2800,-3.23508e-020,-4.53565e-018,0,1.63811e-011,1,6.98503,6.98503,2.04907,1,0.01204,0.0005,0.01204,0,86,0
2800,-2.80488e-020,-4.59329e-018,0,6.26049e-012,1,6.97733,6.97733,2.93654,1,0.01218,0.0005,0.01218,0,87,0
2800,-3.77277e-020,-4.63159e-018,0,8.85525e-013,1,6.95616,6.95616,0.415366,1,0.01232,0.0005,0.01232,0,88,0
2800,-4.9215e-021,-4.66461e-018,0,0,1,6.99659,6.99659,0,1,0.01246,0.0005,0.01246,0,89,0
2800,2.08902e-020,-4.78472e-018,0,1.17756e-012,1,6.98476,6.98476,5.45029,1,0.0126,0.0005,0.0126,0,90,0
2800,-6.83376e-022,-4.78487e-018,0,1.52332e-011,1,6.9812,6.9812,6.9812,1,0.01274,0.0005,0.01274,0,91,0
2800,-4.43019e-021,-4.82402e-018,0,1.13092e-011,1,6.95895,6.95895,6.95895,1,0.01288,0.0005,0.01288,0,92,0
2800,-2.39058e-020,-4.88389e-018,0,2.73639e-012,1,6.97825,6.97825,6.09137,1,0.01302,0.0005,0.01302,0,93,0
2800,-3.28256e-020,-4.94261e-018,0,9.12396e-012,1,6.98385,6.98385,6.98385,1,0.01316,0.0005,0.01316,0,94,0
2800,-3.28142e-020,-4.97461e-018,0,1.7906e-012,1,7.0017,7.0017,2.60833,1,0.0133,0.0005,0.0133,0,95,0
2800,-2.92696e-020,-5.0434e-018,0,8.68299e-012,1,6.96812,6.96812,4.4374,1,0.01344,0.0005,0.01344,0,96,0
2800,-1.69919e-020,-5.08087e-018,0,1.40513e-011,1,6.954,6.954,5.79363,1,0.01358,0.0005,0.01358,0,97,0
2800,1.00934e-020,-5.09628e-018,0,6.19259e-011,1,6.96772,6.96772,6.23176,1,0.01372,0.0005,0.01372,0,98,0
2800,2.79641e-020,-5.10589e-018,0,2.85593e-013,1,6.99157,6.99157,0.0287399,1,0.01386,0.0005,0.01386,0,99,0
2800,-8.13792e-021,-5.23913e-018,0,9.31103e-012,1,6.96857,6.96857,4.34546,1,0.014,0.0005,0.014,0,100,0
2800,-3.06646e-020,-5.27568e-018,0,4.72907e-011,1,6.9486,6.9486,6.9486,1,0.01414,0.0005,0.01414,0,101,0
2800,1.21956e-020,-5.38584e-018,0,9.72173e-013,1,6.99073,6.99073,4.61582,1,0.01428,0.0005,0.01428,0,102,0
2800,-2.18087e-020,-5.42416e-018,0,4.92427e-017,1,6.96699,6.96699,0,1,0.01442,0.0005,0.01442,0,103,0
2800,-7.25032e-021,-5.49797e-018,0,8.32102e-017,1,6.97474,6.97474,0,1,0.01456,0.0005,0.01456,0,104,0
2800,-2.67414e-020,-5.57394e-018,0,1.11584e-016,1,6.96969,6.96969,0,1,0.0147,0.0005,0.0147,0,105,0
2800,-4.2196e-020,-5.64761e-018,0,1.30405e-016,1,6.97588,6.97588,0,1,0.01484,0.0005,0.01484,0,106,0
2800,-2.52837e-020,-5.67373e-018,0,4.58522e-011,1,6.96412,6.96412,3.58099,1,0.01498,0.0005,0.01498,0,107,0
2800,-1.39371e-020,-5.6913e-018,0,2.5309e-011,1,6.96745,6.96745,1.9766,1,0.01512,0.0005,0.01512,0,108,0
2800,-1.69626e-020,-5.73697e-018,0,1.69679e-011,1,6.96891,6.96891,1.89974,1,0.01526,0.0005,0.01526,0,109,0
2800,-2.29528e-020,-5.86786e-018,0,3.39065e-011,1,6.96054,6.96054,3.7962,1,0.0154,0.0005,0.0154,0,110,0
2800,-4.49312e-020,-5.94571e-018,0,1.53007e-012,1,6.98007,6.98007,0.920462,1,0.01554,0.0005,0.01554,0,111,0
2800,-2.49447e-020,-5.96167e-018,0,3.71469e-011,1,6.93405,6.93405,3.47063,1,0.01568,0.0005,0.01568,0,112,0
2800,-4.40561e-020,-6.02411e-018,0,4.50718e-011,1,6.95146,6.95146,3.23435,1,0.01582,0.0005,0.01582,0,113,0
2800,-4.96979e-020,-6.02489e-018,0,6.56837e-011,1,6.96093,6.96093,5.12661,1,0.01596,0.0005,0.01596,0,114,0
2800,-9.36089e-021,-6.15025e-018,0,1.27199e-011,1,6.95503,6.95503,0.992787,1,0.0161,0.0005,0.0161,0,115,0
2800,-8.63757e-022,-6.16602e-018,0,0,1,6.95688,6.95688,0,1,0.01624,0.0005,0.01624,0,116,0
2800,4.50284e-021,-6.2223e-018,0,1.4364e-012,1,6.97634,6.97634,0.778693,1,0.01638,0.0005,0.01638,0,117,0
2800,-1.25766e-020,-6.23848e-018,0,7.64401e-011,1,6.96674,6.96674,6.96674,1,0.01652,0.0005,0.01652,0,118,0
2800,-1.10917e-020,-6.33114e-018,0,1.34331e-011,1,6.93904,6.93904,6.93904,1,0.01666,0.0005,0.01666,0,119,0
2800,-2.94027e-020,-6.35821e-018,0,1.98131e-011,1,6.94604,6.94604,5.17972,1,0.0168,0.0005,0.0168,0,120,0
2800,-1.70747e-020,-6.39565e-018,0,1.04474e-011,1,6.95821,6.95821,5.43372,1,0.01694,0.0005,0.01694,0,121,0
2800,-4.69417e-020,-6.43864e-018,0,7.0615e-011,1,6.93778,6.93778,4.15142,1,0.01708,0.0005,0.01708,0,122,0
2800,-4.87015e-020,-6.49998e-018,0,0,1,6.98215,6.98215,0,1,0.01722,0.0005,0.01722,0,123,0
2800,-2.90948e-020,-6.50813e-018,0,3.1386e-013,1,6.96522,6.96522,0.365853,1,0.01736,0.0005,0.01736,0,124,0
2800,-3.459e-020,-6.56148e-018,0,4.81456e-012,1,6.93656,6.93656,5.6121,1,0.0175,0.0005,0.0175,0,125,0
2800,-2.73772e-020,-6.60153e-018,0,2.93318e-012,1,6.95641,6.95641,4.59335,1,0.01764,0.0005,0.01764,0,126,0
2800,-1.47955e-020,-6.67029e-018,0,4.73178e-012,1,6.95264,6.95264,1.01373,1,0.01778,0.0005,0.01778,0,127,0
2800,-2.45762e-020,-6.698e-018,0,2.71656e-011,1,6.94123,6.94123,4.26481,1,0.01792,0.0005,0.01792,0,128,0
2800,-1.7763e-020,-6.74166e-018,0,6.99375e-011,1,6.94531,6.94531,6.94531,1,0.01806,0.0005,0.01806,0,129,0
2800,-2.09793e-020,-6.80475e-018,0,2.23106e-011,1,6.9474,6.9474,4.86197,1,0.0182,0.0005,0.0182,0,130,0
2800,-4.13914e-021,-6.85992e-018,0,1.73818e-011,1,6.92912,6.92912,6.92912,1,0.01834,0.0005,0.01834,0,131,0
2800,5.33831e-022,-6.91755e-018,0,1.28254e-011,1,6.959,6.959,3.035,1,0.01848,0.0005,0.01848,0,132,0
2800,-1.23412e-020,-6.96623e-018,0,5.68246e-012,1,6.95545,6.95545,2.0048,1,0.01862,0.0005,0.01862,0,133,0
2800,-6.17695e-020,-7.00836e-018,0,5.79147e-011,1,6.9355,6.9355,5.19996,1,0.01876,0.0005,0.01876,0,134,0
2800,-9.48851e-020,-7.03525e-018,0,2.337e-011,1,6.95481,6.95481,2.38233,1,0.0189,0.0005,0.0189,0,135,0
2800,-2.73697e-019,-6.93922e-018,0,8.14026e-012,1,6.98559,6.98559,3.45466,1,0.01904,0.0005,0.01904,0,136,0
2800,-2.40805e-019,-7.90957e-018,0,1.31446e-011,1,6.97339,6.97339,6.97339,1,0.01918,0.0005,0.01918,0,137,0
2800,4.01037e-020,-8.22983e-018,0,6.76935e-012,1,6.95738,6.95738,5.94631,1,0.01932,0.0005,0.01932,0,138,0
2800,-2.17381e-019,-7.93229e-018,0,7.07711e-018,1,6.97916,6.97916,0,1,0.01946,0.0005,0.01946,0,139,0
2800,-4.94391e-020,-8.39834e-018,0,5.68306e-017,1,6.95396,6.95396,0,1,0.0196,0.0005,0.0196,0,140,0
2800,-4.01405e-020,-8.33502e-018,0,3.69466e-011,1,6.94362,6.94362,4.82864,1,0.01974,0.0005,0.01974,0,141,0
2800,-4.31475e-020,-8.3712e-018,0,1.05607e-011,1,6.96231,6.96231,1.76822,1,0.01988,0.0005,0.01988,0,142,0
2800,-2.04832e-020,-8.40435e-018,0,1.31712e-011,1,6.96402,6.96402,2.40092,1,0.02002,0.0005,0.02002,0,143,0
2800,-1.84242e-020,-8.41141e-018,0,5.09789e-017,1,6.97459,6.97459,0,1,0.02016,0.0005,0.02016,0,144,0
2800,-2.01168e-020,-8.42297e-018,0,2.4231e-012,1,6.96698,6.96698,3.32216,1,0.0203,0.0005,0.0203,0,145,0
2800,-1.11697e-020,-8.48685e-018,0,2.63874e-011,1,6.95171,6.95171,5.36759,1,0.02044,0.0005,0.02044,0,146,0
2800,-1.7874e-020,-8.53793e-018,0,1.23035e-011,1,6.95388,6.95388,1.08264,1,0.02058,0.0005,0.02058,0,147,0
2800,-3.20184e-021,-8.58367e-018,0,0,1,6.98568,6.98568,0,1,0.02072,0.0005,0.02072,0,148,0
2800,1.92083e-020,-8.71032e-018,0,0,1,6.97467,6.97467,0,1,0.02086,0.0005,0.02086,0,149,0
2800,2.85142e-020,-8.76963e-018,0,0,1,6.96849,6.96849,0,1,0.021,0.0005,0.021,0,150,0
2800,1.89552e-020,-8.91881e-018,0,4.5794e-012,1,6.94473,6.94473,4.72346,1,0.02114,0.0005,0.02114,0,151,0
2800,4.20019e-020,-8.90859e-018,0,2.73086e-011,1,6.96131,6.96131,3.70253,1,0.02128,0.0005,0.02128,0,152,0
2800,6.90124e-020,-8.9891e-018,0,2.56741e-011,1,6.94847,6.94847,6.94847,1,0.02142,0.0005,0.02142,0,153,0
2800,-1.04025e-020,-9.02299e-018,0,1.957e-012,1,6.97311,6.97311,3.7813,1,0.02156,0.0005,0.02156,0,154,0
2800,-1.67902e-020,-9.08874e-018,0,7.12265e-012,1,6.97843,6.97843,2.03762,1,0.0217,0.0005,0.0217,0,155,0
2800,-3.77276e-020,-9.12283e-018,0,1.50149e-011,1,6.94684,6.94684,4.34847,1,0.02184,0.0005,0.02184,0,156,0
2800,-4.81882e-021,-9.16616e-018,0,8.69711e-014,1,6.96596,6.96596,0,1,0.02198,0.0005,0.02198,0,157,0
2800,1.74574e-020,-9.18997e-018,0,1.61049e-012,1,6.96745,6.96745,0.751344,1,0.02212,0.0005,0.02212,0,158,0
2800,1.49651e-021,-9.23354e-018,0,6.80937e-012,1,6.97181,6.97181,3.84549,1,0.02226,0.0005,0.02226,0,159,0
2800,-2.25365e-020,-9.29414e-018,0,9.30743e-012,1,6.95811,6.95811,5.43239,1,0.0224,0.0005,0.0224,0,160,0
2800,-1.98775e-020,-9.42749e-018,0,8.00241e-012,1,6.95197,6.95197,6.95197,1,0.02254,0.0005,0.02254,0,161,0
2800,9.51118e-021,-9.46336e-018,0,5.15714e-012,1,6.97228,6.97228,1.70259,1,0.02268,0.0005,0.02268,0,162,0
2800,3.15222e-020,-9.52777e-018,0,9.64059e-012,1,6.92487,6.92487,6.34546,1,0.02282,0.0005,0.02282,0,163,0
2800,2.09732e-020,-9.59148e-018,0,8.89493e-012,1,6.95063,6.95063,6.45962,1,0.02296,0.0005,0.02296,0,164,0
2800,1.92592e-020,-9.66384e-018,0,7.5314e-012,1,6.96286,6.96286,5.78243,1,0.0231,0.0005,0.0231,0,165,0
2800,1.44886e-020,-9.7349e-018,0,1.10675e-011,1,6.9633,6.9633,4.82077,1,0.02324,0.0005,0.02324,0,166,0
2800,1.65741e-021,-9.77798e-018,0,6.20309e-011,1,6.94602,6.94602,6.66025,1,0.02338,0.0005,0.02338,0,167,0
2800,-4.3047e-020,-9.83767e-018,0,3.09393e-011,1,6.95537,6.95537,2.54016,1,0.02352,0.0005,0.02352,0,168,0
2800,-7.87267e-020,-9.90131e-018,0,1.88081e-011,1,6.95349,6.95349,3.3628,1,0.02366,0.0005,0.02366,0,169,0
2800,-4.80742e-020,-9.93343e-018,0,2.92752e-011,1,6.94298,6.94298,6.94298,1,0.0238,0.0005,0.0238,0,170,0
2800,-5.23953e-020,-1.00066e-017,0,1.6224e-012,1,6.97488,6.97488,1.90872,1,0.02394,0.0005,0.02394,0,171,0
2800,-5.59349e-021,-1.00488e-017,0,2.15495e-017,1,6.97664,6.97664,0,1,0.02408,0.0005,0.02408,0,172,0
2800,5.4962e-021,-1.01358e-017,0,1.70484e-011,1,6.94726,6.94726,3.1568,1,0.02422,0.0005,0.02422,0,173,0
2800,2.45979e-020,-1.01093e-017,0,4.50533e-011,1,6.95626,6.95626,6.95626,1,0.02436,0.0005,0.02436,0,174,0
2800,6.8425e-020,-1.02129e-017,0,1.04846e-011,1,6.95335,6.95335,6.95335,1,0.0245,0.0005,0.0245,0,175,0
2800,-3.97969e-020,-1.02449e-017,0,4.68608e-012,1,6.95351,6.95351,3.24434,1,0.02464,0.0005,0.02464,0,176,0
2800,-1.1615e-021,-1.03699e-017,0,0,1,6.96926,6.96926,0,1,0.02478,0.0005,0.02478,0,177,0
2800,2.08143e-020,-1.04068e-017,0,1.88878e-011,1,6.96278,6.96278,3.42765,1,0.02492,0.0005,0.02492,0,178,0
2800,3.22797e-020,-1.04401e-017,0,7.76852e-012,1,6.95852,6.95852,5.48779,1,0.02506,0.0005,0.02506,0,179,0
2800,9.85505e-020,-1.05265e-017,0,1.02297e-011,1,6.95953,6.95953,5.84284,1,0.0252,0.0005,0.0252,0,180,0
2800,-1.84053e-020,-1.05807e-017,0,0,1,6.96065,6.96065,0,1,0.02534,0.0005,0.02534,0,181,0
2800,3.40633e-020,-1.07732e-017,0,0,1,6.94772,6.94772,0,1,0.02548,0.0005,0.02548,0,182,0
2800,-4.18966e-020,-1.0765e-017,0,0,1,6.96694,6.96694,0,1,0.02562,0.0005,0.02562,0,183,0
2800,-1.82409e-020,-1.08587e-017,0,4.21436e-012,1,6.96324,6.96324,0.886098,1,0.02576,0.0005,0.02576,0,184,0
2800,-1.16012e-020,-1.08934e-017,0,1.25059e-011,1,6.96185,6.96185,2.62943,1,0.0259,0.0005,0.0259,0,185,0
2800,-1.8095e-020,-1.0901e-017,0,4.97782e-012,1,6.95033,6.95033,5.19927,1,0.02604,0.0005,0.02604,0,186,0
2800,-7.28912e-020,-1.09785e-017,0,1.53799e-011,1,6.95464,6.95464,3.6536,1,0.02618,0.0005,0.02618,0,187,0
2800,-1.38265e-020,-1.11182e-017,0,1.60818e-011,1,6.94987,6.94987,6.38083,1,0.02632,0.0005,0.02632,0,188,0
2800,-7.63351e-021,-1.11946e-017,0,1.87465e-012,1,6.97337,6.97337,2.21669,1,0.02646,0.0005,0.02646,0,189,0
2800,9.44837e-021,-1.12577e-017,0,4.23743e-011,1,6.95165,6.95165,5.17949,1,0.0266,0.0005,0.0266,0,190,0
2800,-1.35318e-021,-1.12872e-017,0,1.29046e-011,1,6.97181,6.97181,3.66519,1,0.02674,0.0005,0.02674,0,191,0
2800,3.05907e-020,-1.13853e-017,0,3.63548e-011,1,6.95492,6.95492,2.25,1,0.02688,0.0005,0.02688,0,192,0
2800,5.97712e-021,-1.13932e-017,0,3.14612e-011,1,6.95933,6.95933,6.95933,1,0.02702,0.0005,0.02702,0,193,0
2800,8.34489e-020,-1.14013e-017,0,9.4284e-012,1,6.93422,6.93422,3.25391,1,0.02716,0.0005,0.02716,0,194,0
2800,6.37183e-020,-1.15131e-017,0,4.86363e-017,1,6.97602,6.97602,0,1,0.0273,0.0005,0.0273,0,195,0
2800,3.62463e-020,-1.16813e-017,0,1.42881e-011,1,6.9385,6.9385,1.66093,1,0.02744,0.0005,0.02744,0,196,0
2800,3.82543e-020,-1.16507e-017,0,2.71883e-011,1,6.97587,6.97587,3.42756,1,0.02758,0.0005,0.02758,0,197,0
2800,3.40965e-020,-1.17343e-017,0,5.56502e-012,1,6.96351,6.96351,2.64545,1,0.02772,0.0005,0.02772,0,198,0
2800,9.45667e-022,-1.17244e-017,0,6.1483e-011,1,6.9552,6.9552,6.18003,1,0.02786,0.0005,0.02786,0,199,0
2800,-2.08176e-020,-1.17567e-017,0,7.32511e-013,1,6.96529,6.96529,0.525279,1,0.028,0.0005,0.028,0,200,0
2800,3.00912e-020,-1.19214e-017,0,2.93635e-012,1,6.95928,6.95928,6.78228,1,0.02814,0.0005,0.02814,0,201,0
2800,4.47044e-020,-1.20748e-017,0,4.91678e-012,1,6.95822,6.95822,2.36083,1,0.02828,0.0005,0.02828,0,202,0
2800,1.67524e-020,-1.20818e-017,0,1.38162e-011,1,6.96101,6.96101,6.5474,1,0.02842,0.0005,0.02842,0,203,0
2800,4.48802e-020,-1.21224e-017,0,2.6118e-012,1,6.97533,6.97533,0.632945,1,0.02856,0.0005,0.02856,0,204,0
2800,3.27201e-020,-1.21766e-017,0,7.05463e-017,1,6.97119,6.97119,0,1,0.0287,0.0005,0.0287,0,205,0
2800,5.21967e-020,-1.21803e-017,0,1.73951e-012,1,6.95663,6.95663,2.39507,1,0.02884,0.0005,0.02884,0,206,0
2800,3.46478e-020,-1.22945e-017,0,3.85971e-011,1,6.94091,6.94091,4.85006,1,0.02898,0.0005,0.02898,0,207,0
2800,1.62655e-020,-1.24019e-017,0,1.68498e-011,1,6.95116,6.95116,2.03372,1,0.02912,0.0005,0.02912,0,208,0
2800,3.35129e-021,-1.24349e-017,0,2.21551e-012,1,6.96201,6.96201,4.48367,1,0.02926,0.0005,0.02926,0,209,0
2800,1.67984e-020,-1.24985e-017,0,2.15746e-011,1,6.92811,6.92811,6.92811,1,0.0294,0.0005,0.0294,0,210,0
2800,7.06987e-021,-1.25864e-017,0,1.32449e-011,1,6.95368,6.95368,6.95368,1,0.02954,0.0005,0.02954,0,211,0
2800,1.98688e-020,-1.26399e-017,0,2.34585e-012,1,6.96793,6.96793,1.86049,1,0.02968,0.0005,0.02968,0,212,0
2800,2.89017e-020,-1.26905e-017,0,2.82563e-011,1,6.95823,6.95823,3.08842,1,0.02982,0.0005,0.02982,0,213,0
2800,4.97896e-020,-1.28697e-017,0,1.82809e-011,1,6.95879,6.95879,1.99811,1,0.02996,0.0005,0.02996,0,214,0
2800,5.17901e-020,-1.29647e-017,0,2.07729e-012,1,6.96216,6.96216,0.941812,1,0.0301,0.0005,0.0301,0,215,0
2800,3.99685e-020,-1.30526e-017,0,3.46065e-011,1,6.94846,6.94846,4.8531,1,0.03024,0.0005,0.03024,0,216,0
2800,-5.50491e-021,-1.31054e-017,0,3.57841e-012,1,6.95955,6.95955,0.50182,1,0.03038,0.0005,0.03038,0,217,0
2800,-2.30318e-020,-1.3116e-017,0,5.04541e-011,1,6.93357,6.93357,6.93357,1,0.03052,0.0005,0.03052,0,218,0
2800,-3.11972e-020,-1.32163e-017,0,1.00924e-011,1,6.95109,6.95109,2.97079,1,0.03066,0.0005,0.03066,0,219,0
2800,-1.71589e-020,-1.32664e-017,0,0,1,6.9723,6.9723,0,1,0.0308,0.0005,0.0308,0,220,0
2800,-5.32526e-022,-1.33443e-017,0,9.54903e-012,1,6.96805,6.96805,2.19897,1,0.03094,0.0005,0.03094,0,221,0
2800,-1.59079e-020,-1.34234e-017,0,2.5212e-011,1,6.96663,6.96663,6.46686,1,0.03108,0.0005,0.03108,0,222,0
2800,-4.1128e-021,-1.35288e-017,0,2.805e-012,1,6.95328,6.95328,2.20967,1,0.03122,0.0005,0.03122,0,223,0
2800,-1.79245e-020,-1.35639e-017,0,2.40706e-011,1,6.94638,6.94638,3.11352,1,0.03136,0.0005,0.03136,0,224,0
2800,-3.24532e-020,-1.36647e-017,0,1.91443e-011,1,6.96807,6.96807,2.4763,1,0.0315,0.0005,0.0315,0,225,0
2800,-7.62374e-020,-1.36427e-017,0,2.85535e-011,1,6.95549,6.95549,1.55172,1,0.03164,0.0005,0.03164,0,226,0
2800,-3.60396e-020,-1.37455e-017,0,1.62639e-010,1,6.95179,6.95179,6.65619,1,0.03178,0.0005,0.03178,0,227,0
2800,-7.68642e-021,-1.38032e-017,0,8.55735e-011,1,6.97472,6.97472,4.2622,1,0.03192,0.0005,0.03192,0,228,0
2800,-3.71105e-020,-1.38046e-017,0,3.55963e-011,1,6.95412,6.95412,6.95161,1,0.03206,0.0005,0.03206,0,229,0
2800,-4.4758e-020,-1.39709e-017,0,6.23751e-011,1,6.96301,6.96301,3.39456,1,0.0322,0.0005,0.0322,0,230,0
2800,3.66249e-020,-1.40226e-017,0,0,1,6.96642,6.96642,0,1,0.03234,0.0005,0.03234,0,231,0
2800,-1.75037e-021,-1.40754e-017,0,3.40825e-011,1,6.93886,6.93886,2.8925,1,0.03248,0.0005,0.03248,0,232,0
2800,-1.44293e-020,-1.41573e-017,0,3.15726e-011,1,6.97208,6.97208,6.10786,1,0.03262,0.0005,0.03262,0,233,0
2800,7.1177e-021,-1.42148e-017,0,2.22568e-011,1,6.97244,6.97244,2.6281,1,0.03276,0.0005,0.03276,0,234,0
2800,3.07967e-020,-1.4273e-017,0,7.07939e-012,1,6.97203,6.97203,0.376379,1,0.0329,0.0005,0.0329,0,235,0
2800,3.34425e-020,-1.43249e-017,0,4.18901e-011,1,6.95914,6.95914,2.60852,1,0.03304,0.0005,0.03304,0,236,0
2800,2.77156e-020,-1.43605e-017,0,7.28057e-011,1,6.97125,6.97125,4.40815,1,0.03318,0.0005,0.03318,0,237,0
2800,1.52021e-020,-1.44041e-017,0,1.32635e-011,1,6.97792,6.97792,3.28688,1,0.03332,0.0005,0.03332,0,238,0
2800,5.19425e-021,-1.44126e-017,0,6.62405e-011,1,6.97021,6.97021,6.97021,1,0.03346,0.0005,0.03346,0,239,0
2800,2.73871e-021,-1.44424e-017,0,1.30561e-010,1,6.96216,6.96216,6.082,1,0.0336,0.0005,0.0336,0,240,0
2800,2.44261e-021,-1.45221e-017,0,4.46528e-011,1,6.97673,6.97673,1.53843,1,0.03374,0.0005,0.03374,0,241,0
2800,2.4081e-020,-1.45143e-017,0,3.41113e-012,1,6.96214,6.96214,4.88501,1,0.03388,0.0005,0.03388,0,242,0
2800,5.67669e-020,-1.4705e-017,0,1.82948e-017,1,6.97796,6.97796,0,1,0.03402,0.0005,0.03402,0,243,0
2800,2.78351e-020,-1.46246e-017,0,4.94711e-017,1,6.94738,6.94738,0,1,0.03416,0.0005,0.03416,0,244,0
2800,2.09752e-020,-1.47121e-017,0,9.14147e-012,1,6.9702,6.9702,1.01,1,0.0343,0.0005,0.0343,0,245,0
2800,-4.09306e-020,-1.46751e-017,0,7.79026e-011,1,6.95123,6.95123,5.64609,1,0.03444,0.0005,0.03444,0,246,0
2800,-2.21136e-020,-1.47529e-017,0,2.09205e-012,1,6.96123,6.96123,0.369403,1,0.03458,0.0005,0.03458,0,247,0
2800,7.85056e-020,-1.49665e-017,0,3.22009e-011,1,6.93885,6.93885,6.79811,1,0.03472,0.0005,0.03472,0,248,0
2800,-2.95181e-020,-1.51459e-017,0,4.30196e-011,1,6.97782,6.97782,3.77855,1,0.03486,0.0005,0.03486,0,249,0
2800,-1.49152e-020,-1.51403e-017,0,1.06287e-011,1,6.95322,6.95322,1.67195,1,0.035,0.0005,0.035,0,250,0
2800,-3.49661e-021,-1.517e-017,0,2.11461e-011,1,6.95914,6.95914,4.12527,1,0.03514,0.0005,0.03514,0,251,0
2800,2.53783e-020,-1.52103e-017,0,1.00274e-012,1,6.978,6.978,1.08752,1,0.03528,0.0005,0.03528,0,252,0
2800,3.21594e-020,-1.53001e-017,0,4.37732e-011,1,6.92385,6.92385,6.88208,1,0.03542,0.0005,0.03542,0,253,0
2800,5.33824e-020,-1.53079e-017,0,1.05412e-016,1,6.96927,6.96927,0,1,0.03556,0.0005,0.03556,0,254,0
2800,2.26697e-020,-1.54037e-017,0,1.19804e-011,1,6.99434,6.99434,3.02788,1,0.0357,0.0005,0.0357,0,255,0
2800,3.27122e-020,-1.54691e-017,0,1.75562e-011,1,6.98719,6.98719,4.31613,1,0.03584,0.0005,0.03584,0,256,0
2800,8.89082e-021,-1.55262e-017,0,1.41549e-011,1,6.97133,6.97133,2.73149,1,0.03598,0.0005,0.03598,0,257,0
2800,1.55026e-020,-1.56443e-017,0,9.25789e-012,1,6.95716,6.95716,4.29754,1,0.03612,0.0005,0.03612,0,258,0
2800,4.4935e-021,-1.56842e-017,0,2.63192e-012,1,6.97857,6.97857,1.2251,1,0.03626,0.0005,0.03626,0,259,0
2800,-9.25799e-022,-1.56945e-017,0,1.07265e-011,1,6.97665,6.97665,1.44515,1,0.0364,0.0005,0.0364,0,260,0
2800,-1.98e-020,-1.57258e-017,0,2.9409e-011,1,6.98954,6.98954,1.24187,1,0.03654,0.0005,0.03654,0,261,0
2800,-5.22892e-020,-1.58051e-017,0,4.44188e-012,1,6.97661,6.97661,0.922137,1,0.03668,0.0005,0.03668,0,262,0
2800,-3.94323e-020,-1.5853e-017,0,1.56903e-011,1,6.93695,6.93695,6.58819,1,0.03682,0.0005,0.03682,0,263,0
2800,4.08159e-020,-1.59283e-017,0,3.43733e-011,1,6.97346,6.97346,4.10363,1,0.03696,0.0005,0.03696,0,264,0
2800,1.75204e-020,-1.59662e-017,0,5.65335e-011,1,6.95778,6.95778,3.44316,1,0.0371,0.0005,0.0371,0,265,0
2800,4.17323e-020,-1.6057e-017,0,1.56542e-017,1,6.97115,6.97115,0,1,0.03724,0.0005,0.03724,0,266,0
2800,1.70678e-020,-1.60895e-017,0,8.8494e-017,1,6.97645,6.97645,0,1,0.03738,0.0005,0.03738,0,267,0
2800,8.23092e-020,-1.61516e-017,0,3.22442e-011,1,6.97052,6.97052,1.59796,1,0.03752,0.0005,0.03752,0,268,0
2800,1.07032e-020,-1.61861e-017,0,8.60011e-012,1,6.97332,6.97332,4.15028,1,0.03766,0.0005,0.03766,0,269,0
2800,3.38249e-021,-1.62667e-017,0,2.1253e-012,1,6.96116,6.96116,2.80643,1,0.0378,0.0005,0.0378,0,270,0
2800,4.46479e-020,-1.63386e-017,0,7.74648e-012,1,6.96961,6.96961,6.49803,1,0.03794,0.0005,0.03794,0,271,0
2800,7.02643e-020,-1.64343e-017,0,1.74116e-013,1,6.92908,6.92908,0.0466523,1,0.03808,0.0005,0.03808,0,272,0
2800,1.10103e-019,-1.64711e-017,0,1.5445e-011,1,6.96753,6.96753,3.20147,1,0.03822,0.0005,0.03822,0,273,0
2800,1.25022e-019,-1.66381e-017,0,5.07365e-011,1,6.95395,6.95395,5.34942,1,0.03836,0.0005,0.03836,0,274,0
2800,6.36926e-020,-1.66647e-017,0,2.30097e-017,1,6.97298,6.97298,0,1,0.0385,0.0005,0.0385,0,275,0
2800,-3.91911e-019,-1.83721e-017,0,6.87042e-011,1,6.96061,6.96061,3.39299,1,0.03864,0.0005,0.03864,0,276,0
2800,-6.63379e-019,-1.94658e-017,0,6.59816e-011,1,6.9694,6.9694,3.353,1,0.03878,0.0005,0.03878,0,277,0
2800,-4.07275e-019,-1.93623e-017,0,1.09265e-011,1,6.97647,6.97647,0.813563,1,0.03892,0.0005,0.03892,0,278,0
2800,-2.95889e-019,-1.94127e-017,0,7.34776e-011,1,6.95402,6.95402,5.47097,1,0.03906,0.0005,0.03906,0,279,0
2800,-1.5676e-019,-1.95242e-017,0,8.97207e-012,1,6.96905,6.96905,0.876651,1,0.0392,0.0005,0.0392,0,280,0
2800,-9.89592e-020,-1.95083e-017,0,6.61369e-011,1,6.96786,6.96786,6.46219,1,0.03934,0.0005,0.03934,0,281,0
2800,-5.87356e-020,-1.96493e-017,0,2.87354e-011,1,6.9651,6.9651,4.05797,1,0.03948,0.0005,0.03948,0,282,0
2800,-4.65041e-020,-1.97211e-017,0,2.51889e-011,1,6.97718,6.97718,6.97718,1,0.03962,0.0005,0.03962,0,283,0
2800,-1.91298e-021,-1.97743e-017,0,1.91776e-011,1,6.94775,6.94775,5.96441,1,0.03976,0.0005,0.03976,0,284,0
2800,1.05471e-020,-1.98732e-017,0,1.65595e-011,1,6.97185,6.97185,0.747272,1,0.0399,0.0005,0.0399,0,285,0
2800,3.4643e-020,-1.99205e-017,0,1.04264e-010,1,6.95587,6.95587,6.36064,1,0.04004,0.0005,0.04004,0,286,0
2800,6.10673e-020,-2.00022e-017,0,8.0357e-012,1,6.96908,6.96908,4.32563,1,0.04018,0.0005,0.04018,0,287,0
2800,1.33448e-020,-2.0078e-017,0,2.23494e-011,1,6.94325,6.94325,6.17769,1,0.04032,0.0005,0.04032,0,288,0
2800,4.99307e-021,-2.03047e-017,0,1.44472e-012,1,6.97929,6.97929,0.236143,1,0.04046,0.0005,0.04046,0,289,0
2800,1.96865e-020,-2.03021e-017,0,2.26572e-012,1,6.98135,6.98135,4.19343,1,0.0406,0.0005,0.0406,0,290,0
2800,-6.27104e-021,-2.03328e-017,0,1.26985e-011,1,6.95238,6.95238,3.97948,1,0.04074,0.0005,0.04074,0,291,0
2800,-1.07302e-020,-2.02995e-017,0,4.90115e-011,1,6.9463,6.9463,6.3891,1,0.04088,0.0005,0.04088,0,292,0
2800,-3.27761e-020,-2.04299e-017,0,3.34592e-011,1,6.97403,6.97403,4.24293,1,0.04102,0.0005,0.04102,0,293,0
2800,-6.17523e-020,-2.05159e-017,0,1.46653e-011,1,6.95349,6.95349,4.71352,1,0.04116,0.0005,0.04116,0,294,0
2800,-4.38826e-020,-2.06637e-017,0,8.28278e-012,1,6.97155,6.97155,1.20142,1,0.0413,0.0005,0.0413,0,295,0
2800,-1.83444e-020,-2.07644e-017,0,3.27924e-011,1,6.9719,6.9719,1.85691,1,0.04144,0.0005,0.04144,0,296,0
2800,1.90413e-020,-2.08425e-017,0,1.47633e-013,1,6.97563,6.97563,0.141071,1,0.04158,0.0005,0.04158,0,297,0
2800,7.01382e-021,-2.08756e-017,0,5.19818e-012,1,6.96135,6.96135,4.67925,1,0.04172,0.0005,0.04172,0,298,0
2800,9.72651e-021,-2.09419e-017,0,5.03312e-012,1,6.96952,6.96952,3.96538,1,0.04186,0.0005,0.04186,0,299,0
2800,-3.62162e-020,-2.10144e-017,0,2.42638e-011,1,6.9722,6.9722,2.21522,1,0.042,0.0005,0.042,0,300,0
2800,-6.63134e-020,-2.10855e-017,0,7.26808e-011,1,6.95322,6.95322,6.95322,1,0.04214,0.0005,0.04214,0,301,0
2800,5.48761e-021,-2.11175e-017,0,2.87939e-011,1,6.95812,6.95812,6.62045,1,0.04228,0.0005,0.04228,0,302,0
2800,1.13465e-020,-2.12314e-017,0,3.43645e-011,1,6.95682,6.95682,3.44859,1,0.04242,0.0005,0.04242,0,303,0
2800,2.607e-020,-2.12475e-017,0,9.79082e-012,1,6.94968,6.94968,6.79553,1,0.04256,0.0005,0.04256,0,304,0
2800,8.06821e-021,-2.12759e-017,0,1.33992e-010,1,6.95456,6.95456,6.83805,1,0.0427,0.0005,0.0427,0,305,0
2800,-4.70764e-020,-2.13796e-017,0,3.85373e-011,1,6.93372,6.93372,6.36971,1,0.04284,0.0005,0.04284,0,306,0
2800,-7.83637e-020,-2.14606e-017,0,2.52551e-011,1,6.94833,6.94833,3.65281,1,0.04298,0.0005,0.04298,0,307,0
2800,-5.64862e-020,-2.1538e-017,0,5.9629e-012,1,6.97514,6.97514,1.19252,1,0.04312,0.0005,0.04312,0,308,0
2800,1.1253e-020,-2.16589e-017,0,3.65758e-011,1,6.961,6.961,6.68875,1,0.04326,0.0005,0.04326,0,309,0
2800,-4.5986e-021,-2.17519e-017,0,5.73783e-011,1,6.94817,6.94817,6.94817,1,0.0434,0.0005,0.0434,0,310,0
2800,-2.39056e-020,-2.18239e-017,0,4.86241e-011,1,6.95181,6.95181,6.95181,1,0.04354,0.0005,0.04354,0,311,0
2800,-9.11162e-021,-2.1856e-017,0,5.48612e-011,1,6.95715,6.95715,5.47357,1,0.04368,0.0005,0.04368,0,312,0
2800,1.316e-020,-2.19159e-017,0,7.94609e-017,1,6.97284,6.97284,0,1,0.04382,0.0005,0.04382,0,313,0
2800,2.57072e-020,-2.19971e-017,0,1.63874e-011,1,6.96514,6.96514,0.938065,1,0.04396,0.0005,0.04396,0,314,0
2800,8.39286e-020,-2.20754e-017,0,1.32811e-010,1,6.9626,6.9626,4.27776,1,0.0441,0.0005,0.0441,0,315,0
2800,6.01451e-020,-2.21785e-017,0,1.4318e-010,1,6.95036,6.95036,6.08238,1,0.04424,0.0005,0.04424,0,316,0
2800,1.86317e-020,-2.24568e-017,0,3.35305e-012,1,6.96826,6.96826,2.7219,1,0.04438,0.0005,0.04438,0,317,0
2800,1.23064e-020,-2.23917e-017,0,8.17098e-011,1,6.95077,6.95077,3.87592,1,0.04452,0.0005,0.04452,0,318,0
2800,-2.06787e-020,-2.24765e-017,0,6.71033e-011,1,6.96018,6.96018,4.56557,1,0.04466,0.0005,0.04466,0,319,0
2800,8.96634e-022,-2.26038e-017,0,6.67127e-017,1,6.98157,6.98157,0,1,0.0448,0.0005,0.0448,0,320,0
2800,-1.69734e-020,-2.26275e-017,0,1.06191e-011,1,6.9641,6.9641,3.19584,1,0.04494,0.0005,0.04494,0,321,0
2800,-4.10747e-020,-2.28041e-017,0,2.05487e-010,1,6.95454,6.95454,6.18396,1,0.04508,0.0005,0.04508,0,322,0
2800,-8.56471e-020,-2.28871e-017,0,0,1,6.9659,6.9659,0,1,0.04522,0.0005,0.04522,0,323,0
2800,-9.19516e-020,-2.30414e-017,0,0,1,6.9839,6.9839,0,1,0.04536,0.0005,0.04536,0,324,0
2800,-4.35709e-020,-2.30765e-017,0,1.10696e-011,1,6.96677,6.96677,1.76337,1,0.0455,0.0005,0.0455,0,325,0
2800,1.06706e-020,-2.31268e-017,0,4.52014e-011,1,6.96978,6.96978,5.11921,1,0.04564,0.0005,0.04564,0,326,0
2800,-2.34191e-020,-2.3161e-017,0,1.369e-011,1,6.9758,6.9758,2.88267,1,0.04578,0.0005,0.04578,0,327,0
2800,-5.64615e-020,-2.32255e-017,0,0,1,6.98226,6.98226,0,1,0.04592,0.0005,0.04592,0,328,0
2800,-2.46896e-020,-2.3285e-017,0,3.66276e-011,1,6.96529,6.96529,4.21296,1,0.04606,0.0005,0.04606,0,329,0
2800,-6.32224e-021,-2.33479e-017,0,1.47782e-010,1,6.96167,6.96167,6.96167,1,0.0462,0.0005,0.0462,0,330,0
2800,-2.50359e-020,-2.34361e-017,0,2.20658e-010,1,6.96438,6.96438,6.96438,1,0.04634,0.0005,0.04634,0,331,0
2800,-2.12345e-021,-2.35766e-017,0,9.92112e-011,1,6.94821,6.94821,6.94821,1,0.04648,0.0005,0.04648,0,332,0
2800,3.72374e-020,-2.36287e-017,0,2.99311e-011,1,6.97294,6.97294,1.78465,1,0.04662,0.0005,0.04662,0,333,0
2800,5.94019e-020,-2.3708e-017,0,5.6038e-017,1,6.9713,6.9713,0,1,0.04676,0.0005,0.04676,0,334,0
2800,5.20458e-020,-2.37949e-017,0,1.11022e-016,1,6.97724,6.97724,0,1,0.0469,0.0005,0.0469,0,335,0
2800,2.83393e-020,-2.38242e-017,0,3.4089e-011,1,6.97101,6.97101,3.2763,1,0.04704,0.0005,0.04704,0,336,0
2800,-8.01436e-021,-2.4008e-017,0,2.83453e-011,1,6.95514,6.95514,6.14464,1,0.04718,0.0005,0.04718,0,337,0
2800,-7.83648e-021,-2.40999e-017,0,7.30337e-012,1,6.97053,6.97053,1.68963,1,0.04732,0.0005,0.04732,0,338,0
2800,5.93103e-021,-2.41521e-017,0,9.43817e-017,1,6.96692,6.96692,0,1,0.04746,0.0005,0.04746,0,339,0
2800,-9.74417e-021,-2.41226e-017,0,1.57873e-010,1,6.94735,6.94735,5.73095,1,0.0476,0.0005,0.0476,0,340,0
2800,6.83119e-020,-2.41447e-017,0,1.36721e-010,1,6.98286,6.98286,6.98286,1,0.04774,0.0005,0.04774,0,341,0
2800,-5.92011e-020,-2.4326e-017,0,3.83825e-012,1,6.97982,6.97982,0.18733,1,0.04788,0.0005,0.04788,0,342,0
2800,-1.81243e-020,-2.4572e-017,0,1.14748e-011,1,6.95163,6.95163,5.50104,1,0.04802,0.0005,0.04802,0,343,0
2800,-4.55596e-021,-2.46556e-017,0,9.80805e-011,1,6.96025,6.96025,6.96025,1,0.04816,0.0005,0.04816,0,344,0
2800,-3.10294e-020,-2.4758e-017,0,4.75244e-011,1,6.96971,6.96971,4.58662,1,0.0483,0.0005,0.0483,0,345,0
2800,-4.82806e-021,-2.4838e-017,0,1.49275e-011,1,6.98623,6.98623,1.47228,1,0.04844,0.0005,0.04844,0,346,0
2800,-7.1249e-022,-2.48381e-017,0,5.6486e-011,1,6.96193,6.96193,5.48197,1,0.04858,0.0005,0.04858,0,347,0
2800,1.88774e-020,-2.49235e-017,0,1.11023e-011,1,6.97551,6.97551,1.75343,1,0.04872,0.0005,0.04872,0,348,0
2800,2.05655e-020,-2.51139e-017,0,1.3788e-011,1,6.97618,6.97618,0.664145,1,0.04886,0.0005,0.04886,0,349,0
2800,1.05123e-021,-2.51749e-017,0,9.18584e-012,1,6.96693,6.96693,3.45041,1,0.049,0.0005,0.049,0,350,0
2800,-3.39822e-020,-2.51838e-017,0,5.40966e-011,1,6.96129,6.96129,6.50472,1,0.04914,0.0005,0.04914,0,351,0
2800,-3.02206e-020,-2.52539e-017,0,0,1,6.9564,6.9564,0,1,0.04928,0.0005,0.04928,0,352,0
2800,-2.41637e-020,-2.52662e-017,0,2.36802e-011,1,6.95117,6.95117,3.41371,1,0.04942,0.0005,0.04942,0,353,0
2800,-2.39039e-020,-2.53815e-017,0,0,1,6.96065,6.96065,0,1,0.04956,0.0005,0.04956,0,354,0
2800,-3.33119e-020,-2.54013e-017,0,0,1,6.9695,6.9695,0,1,0.0497,0.0005,0.0497,0,355,0
2800,-1.78104e-020,-2.54378e-017,0,1.25899e-011,1,6.97284,6.97284,1.8601,1,0.04984,0.0005,0.04984,0,356,0
2800,-2.89953e-020,-2.5508e-017,0,4.95615e-011,1,6.95067,6.95067,6.70426,1,0.04998,0.0005,0.04998,0,357,0
2800,3.71942e-020,-2.54953e-017,0,2.17775e-012,1,6.97364,6.97364,0.89253,1,0.05012,0.0005,0.05012,0,358,0
2800,1.55708e-020,-2.5626e-017,0,2.79508e-012,1,6.96596,6.96596,1.14554,1,0.05026,0.0005,0.05026,0,359,0
2800,2.86352e-020,-2.56869e-017,0,1.04871e-011,1,6.96053,6.96053,3.62297,1,0.0504,0.0005,0.0504,0,360,0
2800,2.69608e-020,-2.5698e-017,0,4.14445e-011,1,6.9605,6.9605,5.59554,1,0.05054,0.0005,0.05054,0,361,0
2800,3.65819e-020,-2.57448e-017,0,9.18853e-012,1,6.97474,6.97474,0.694873,1,0.05068,0.0005,0.05068,0,362,0
2800,3.89258e-020,-2.59577e-017,0,4.96318e-012,1,6.98246,6.98246,0.64279,1,0.05082,0.0005,0.05082,0,363,0
2800,2.93269e-021,-2.60115e-017,0,8.96413e-017,1,6.97151,6.97151,0,1,0.05096,0.0005,0.05096,0,364,0
2800,8.01654e-021,-2.60827e-017,0,9.55274e-012,1,6.95806,6.95806,4.92969,1,0.0511,0.0005,0.0511,0,365,0
2800,9.3503e-021,-2.61656e-017,0,8.61262e-012,1,6.97874,6.97874,3.07819,1,0.05124,0.0005,0.05124,0,366,0
2800,-5.6604e-021,-2.61555e-017,0,2.9124e-011,1,6.96055,6.96055,5.24341,1,0.05138,0.0005,0.05138,0,367,0
2800,1.21183e-020,-2.6321e-017,0,1.93212e-011,1,6.96256,6.96256,5.47947,1,0.05152,0.0005,0.05152,0,368,0
2800,4.37219e-020,-2.64649e-017,0,2.99358e-011,1,6.97198,6.97198,3.63785,1,0.05166,0.0005,0.05166,0,369,0
2800,-5.35536e-021,-2.65352e-017,0,5.49763e-017,1,6.9756,6.9756,0,1,0.0518,0.0005,0.0518,0,370,0
2800,2.39258e-020,-2.65694e-017,0,9.29158e-018,1,6.97949,6.97949,0,1,0.05194,0.0005,0.05194,0,371,0
2800,2.36281e-020,-2.66556e-017,0,3.95675e-017,1,6.97424,6.97424,0,1,0.05208,0.0005,0.05208,0,372,0
2800,4.31841e-020,-2.67486e-017,0,2.9126e-011,1,6.95453,6.95453,6.95453,1,0.05222,0.0005,0.05222,0,373,0
2800,-4.00058e-020,-2.68406e-017,0,2.3524e-011,1,6.94918,6.94918,5.61545,1,0.05236,0.0005,0.05236,0,374,0
2800,-3.89565e-020,-2.6937e-017,0,4.5208e-012,1,6.95481,6.95481,0.951093,1,0.0525,0.0005,0.0525,0,375,0
2800,2.55328e-020,-2.70307e-017,0,5.52715e-012,1,6.98255,6.98255,1.19739,1,0.05264,0.0005,0.05264,0,376,0
2800,5.55218e-020,-2.71185e-017,0,7.67358e-018,1,6.97903,6.97903,0,1,0.05278,0.0005,0.05278,0,377,0
2800,4.99152e-020,-2.72202e-017,0,1.10638e-011,1,6.96517,6.96517,0.88577,1,0.05292,0.0005,0.05292,0,378,0
2800,-1.84114e-020,-2.72642e-017,0,7.70557e-011,1,6.96765,6.96765,6.43796,1,0.05306,0.0005,0.05306,0,379,0
2800,-5.15419e-020,-2.73971e-017,0,1.69301e-011,1,6.96845,6.96845,1.93561,1,0.0532,0.0005,0.0532,0,380,0
2800,-7.474e-020,-2.74893e-017,0,1.8157e-011,1,6.96976,6.96976,1.28533,1,0.05334,0.0005,0.05334,0,381,0
2800,-5.2631e-020,-2.75435e-017,0,0,1,6.96762,6.96762,0,1,0.05348,0.0005,0.05348,0,382,0
2800,-1.94698e-020,-2.75753e-017,0,0,1,6.96945,6.96945,0,1,0.05362,0.0005,0.05362,0,383,0
2800,-2.20106e-020,-2.75973e-017,0,1.49116e-011,1,6.96042,6.96042,3.55524,1,0.05376,0.0005,0.05376,0,384,0
2800,-3.18735e-020,-2.77937e-017,0,2.16356e-012,1,6.97685,6.97685,0.264027,1,0.0539,0.0005,0.0539,0,385,0
2800,-8.80548e-020,-2.79494e-017,0,4.65478e-012,1,6.97881,6.97881,0.568044,1,0.05404,0.0005,0.05404,0,386,0
2800,-9.4765e-020,-2.80475e-017,0,3.63718e-011,1,6.96108,6.96108,3.24017,1,0.05418,0.0005,0.05418,0,387,0
2800,-8.94492e-020,-2.81605e-017,0,2.63743e-011,1,6.95541,6.95541,3.55915,1,0.05432,0.0005,0.05432,0,388,0
2800,-6.77686e-020,-2.82479e-017,0,3.03993e-011,1,6.94392,6.94392,3.43341,1,0.05446,0.0005,0.05446,0,389,0
2800,-7.1436e-020,-2.82721e-017,0,9.0044e-012,1,6.98825,6.98825,0.274594,1,0.0546,0.0005,0.0546,0,390,0
2800,-8.85266e-021,-2.84397e-017,0,4.80176e-011,1,6.94637,6.94637,1.45796,1,0.05474,0.0005,0.05474,0,391,0
2800,-1.8627e-020,-2.84614e-017,0,3.96784e-014,1,6.97506,6.97506,0,1,0.05488,0.0005,0.05488,0,392,0
2800,3.08268e-021,-2.86449e-017,0,2.82806e-011,1,6.95712,6.95712,6.07772,1,0.05502,0.0005,0.05502,0,393,0
2800,-3.78987e-020,-2.87053e-017,0,2.59235e-012,1,6.97232,6.97232,0.625864,1,0.05516,0.0005,0.05516,0,394,0
2800,-1.32871e-020,-2.87697e-017,0,2.89982e-011,1,6.95117,6.95117,6.95117,1,0.0553,0.0005,0.0553,0,395,0
2800,3.2223e-020,-2.88757e-017,0,2.19472e-011,1,6.96345,6.96345,5.56131,1,0.05544,0.0005,0.05544,0,396,0
2800,-1.07117e-020,-2.88768e-017,0,2.16866e-012,1,6.97164,6.97164,0.729394,1,0.05558,0.0005,0.05558,0,397,0
2800,-2.41981e-020,-2.89225e-017,0,4.7364e-011,1,6.97736,6.97736,4.84133,1,0.05572,0.0005,0.05572,0,398,0
2800,-1.57531e-020,-2.91672e-017,0,2.86309e-011,1,6.95858,6.95858,6.95858,1,0.05586,0.0005,0.05586,0,399,0
2800,3.52973e-020,-2.91183e-017,0,5.2519e-011,1,6.96192,6.96192,6.96192,1,0.056,0.0005,0.056,0,400,0
2800,6.22166e-020,-2.92378e-017,0,1.9095e-011,1,6.95594,6.95594,6.95594,1,0.05614,0.0005,0.05614,0,401,0
2800,8.0301e-020,-2.93296e-017,0,2.55468e-011,1,6.97028,6.97028,2.23819,1,0.05628,0.0005,0.05628,0,402,0
2800,1.32283e-019,-2.92128e-017,0,6.03968e-011,1,6.96663,6.96663,6.95867,1,0.05642,0.0005,0.05642,0,403,0
2800,2.43276e-020,-2.94818e-017,0,1.70209e-011,1,6.97356,6.97356,1.88223,1,0.05656,0.0005,0.05656,0,404,0
2800,5.5304e-020,-2.97847e-017,0,6.5107e-011,1,6.95898,6.95898,6.06662,1,0.0567,0.0005,0.0567,0,405,0
2800,2.9336e-020,-2.97167e-017,0,1.28552e-010,1,6.95877,6.95877,4.55546,1,0.05684,0.0005,0.05684,0,406,0
2800,1.32646e-020,-2.97804e-017,0,3.08986e-011,1,6.98767,6.98767,1.0532,1,0.05698,0.0005,0.05698,0,407,0
2800,2.69836e-021,-2.98332e-017,0,3.42152e-011,1,6.95506,6.95506,6.95506,1,0.05712,0.0005,0.05712,0,408,0
2800,1.27468e-020,-2.98495e-017,0,1.81503e-011,1,6.96597,6.96597,3.05291,1,0.05726,0.0005,0.05726,0,409,0
2800,1.18167e-020,-2.99743e-017,0,4.39278e-012,1,6.97434,6.97434,1.82397,1,0.0574,0.0005,0.0574,0,410,0
2800,-1.92017e-020,-3.00571e-017,0,5.08849e-011,1,6.94469,6.94469,6.34553,1,0.05754,0.0005,0.05754,0,411,0
2800,-5.95268e-020,-3.01142e-017,0,3.01217e-012,1,6.97419,6.97419,0.31475,1,0.05768,0.0005,0.05768,0,412,0
2800,4.03912e-020,-3.01413e-017,0,2.66482e-011,1,6.97128,6.97128,2.73134,1,0.05782,0.0005,0.05782,0,413,0
2800,-2.08764e-019,-3.06045e-017,0,3.57096e-011,1,6.9674,6.9674,6.9674,1,0.05796,0.0005,0.05796,0,414,0
2800,-3.98181e-020,-3.09573e-017,0,5.54196e-011,1,6.95764,6.95764,4.11844,1,0.0581,0.0005,0.0581,0,415,0
2800,-2.76917e-019,-3.3686e-017,0,9.23459e-017,1,6.96485,6.96485,0,1,0.05824,0.0005,0.05824,0,416,0
2800,-1.13879e-019,-3.24237e-017,0,5.57239e-017,1,6.96777,6.96777,0,1,0.05838,0.0005,0.05838,0,417,0
2800,-9.85388e-020,-3.26625e-017,0,7.28408e-012,1,6.96133,6.96133,2.42677,1,0.05852,0.0005,0.05852,0,418,0
2800,-6.01767e-020,-3.27937e-017,0,1.11366e-010,1,6.96267,6.96267,4.9133,1,0.05866,0.0005,0.05866,0,419,0
2800,-3.32222e-020,-3.28272e-017,0,1.51489e-010,1,6.95473,6.95473,6.95473,1,0.0588,0.0005,0.0588,0,420,0
2800,3.6747e-020,-3.28724e-017,0,4.01329e-011,1,6.9715,6.9715,1.88433,1,0.05894,0.0005,0.05894,0,421,0
2800,-2.48507e-021,-3.29444e-017,0,6.34712e-011,1,6.96555,6.96555,4.04758,1,0.05908,0.0005,0.05908,0,422,0
2800,2.72211e-021,-3.31058e-017,0,5.09119e-011,1,6.97223,6.97223,4.48568,1,0.05922,0.0005,0.05922,0,423,0
2800,3.30841e-020,-3.31404e-017,0,4.09911e-012,1,6.93489,6.93489,6.13304,1,0.05936,0.0005,0.05936,0,424,0
2800,4.91402e-020,-3.32969e-017,0,1.63318e-013,1,6.98409,6.98409,0.213726,1,0.0595,0.0005,0.0595,0,425,0
2800,4.11044e-020,-3.34035e-017,0,0,1,6.98294,6.98294,0,1,0.05964,0.0005,0.05964,0,426,0
2800,3.05827e-020,-3.35127e-017,0,2.23557e-012,1,6.96913,6.96913,3.71266,1,0.05978,0.0005,0.05978,0,427,0
2800,-2.08454e-020,-3.35291e-017,0,1.32324e-011,1,6.97625,6.97625,0.766485,1,0.05992,0.0005,0.05992,0,428,0
2800,6.75385e-022,-3.3587e-017,0,8.56521e-011,1,6.96632,6.96632,6.81783,1,0.06006,0.0005,0.06006,0,429,0
2800,1.30491e-020,-3.36707e-017,0,2.69407e-012,1,6.97332,6.97332,2.9925,1,0.0602,0.0005,0.0602,0,430,0
2800,-6.06194e-020,-3.3688e-017,0,8.04727e-011,1,6.95806,6.95806,4.74584,1,0.06034,0.0005,0.06034,0,431,0
2800,-4.18303e-020,-3.37813e-017,0,3.85974e-011,1,6.96906,6.96906,2.27627,1,0.06048,0.0005,0.06048,0,432,0
2800,-1.67004e-020,-3.37855e-017,0,9.47354e-011,1,6.94783,6.94783,5.32309,1,0.06062,0.0005,0.06062,0,433,0
2800,-2.52571e-020,-3.39038e-017,0,4.43208e-011,1,6.96447,6.96447,6.96447,1,0.06076,0.0005,0.06076,0,434,0
2800,-5.07483e-020,-3.40022e-017,0,2.41046e-011,1,6.95994,6.95994,6.95994,1,0.0609,0.0005,0.0609,0,435,0
2800,-5.58663e-021,-3.40694e-017,0,5.09846e-011,1,6.96499,6.96499,5.52274,1,0.06104,0.0005,0.06104,0,436,0
2800,-1.70949e-020,-3.41109e-017,0,2.48221e-011,1,6.96828,6.96828,2.94765,1,0.06118,0.0005,0.06118,0,437,0
2800,-1.55872e-021,-3.42684e-017,0,4.74711e-011,1,6.96416,6.96416,4.40524,1,0.06132,0.0005,0.06132,0,438,0
2800,-2.98738e-020,-3.43441e-017,0,2.09979e-011,1,6.96105,6.96105,5.37537,1,0.06146,0.0005,0.06146,0,439,0
2800,-3.17326e-020,-3.44701e-017,0,5.55066e-011,1,6.95702,6.95702,6.95702,1,0.0616,0.0005,0.0616,0,440,0
2800,1.38486e-020,-3.46311e-017,0,4.5281e-011,1,6.95605,6.95605,5.71263,1,0.06174,0.0005,0.06174,0,441,0
2800,-9.69511e-021,-3.45801e-017,0,2.96136e-017,1,6.98312,6.98312,0,1,0.06188,0.0005,0.06188,0,442,0
2800,-1.17641e-020,-3.46706e-017,0,1.21676e-012,1,6.97541,6.97541,0.232677,1,0.06202,0.0005,0.06202,0,443,0
2800,-3.67538e-020,-3.4728e-017,0,2.22341e-011,1,6.97247,6.97247,5.68417,1,0.06216,0.0005,0.06216,0,444,0
2800,-2.22346e-020,-3.4867e-017,0,3.60428e-017,1,6.97566,6.97566,0,1,0.0623,0.0005,0.0623,0,445,0
2800,-5.12581e-020,-3.48109e-017,0,8.21076e-011,1,6.97615,6.97615,1.92162,1,0.06244,0.0005,0.06244,0,446,0
2800,-3.43136e-020,-3.48431e-017,0,3.34504e-011,1,6.96567,6.96567,4.9719,1,0.06258,0.0005,0.06258,0,447,0
2800,5.13674e-021,-3.4986e-017,0,1.73281e-010,1,6.96326,6.96326,6.96326,1,0.06272,0.0005,0.06272,0,448,0
2800,4.01164e-021,-3.51558e-017,0,6.80062e-011,1,6.97152,6.97152,1.71944,1,0.06286,0.0005,0.06286,0,449,0
2800,1.17142e-020,-3.51573e-017,0,5.69281e-017,1,6.96936,6.96936,0,1,0.063,0.0005,0.063,0,450,0
2800,2.16226e-021,-3.52521e-017,0,2.22964e-011,1,6.98206,6.98206,1.57973,1,0.06314,0.0005,0.06314,0,451,0
2800,1.77918e-020,-3.5447e-017,0,1.90717e-013,1,6.98216,6.98216,0.235426,1,0.06328,0.0005,0.06328,0,452,0
2800,-3.8483e-020,-3.54669e-017,0,3.14627e-012,1,6.96816,6.96816,3.88383,1,0.06342,0.0005,0.06342,0,453,0
2800,2.88252e-020,-3.55173e-017,0,1.77052e-011,1,6.97186,6.97186,2.23348,1,0.06356,0.0005,0.06356,0,454,0
2800,1.3405e-020,-3.55308e-017,0,3.43145e-011,1,6.96089,6.96089,5.43411,1,0.0637,0.0005,0.0637,0,455,0
2800,1.19422e-020,-3.57733e-017,0,1.02114e-016,1,6.98791,6.98791,0,1,0.06384,0.0005,0.06384,0,456,0
2800,-1.44804e-020,-3.58793e-017,0,2.69163e-017,1,6.97812,6.97812,0,1,0.06398,0.0005,0.06398,0,457,0
2800,7.64915e-021,-3.59879e-017,0,7.8362e-017,1,6.98025,6.98025,0,1,0.06412,0.0005,0.06412,0,458,0
2800,2.39741e-020,-3.5985e-017,0,2.02401e-017,1,6.97877,6.97877,0,1,0.06426,0.0005,0.06426,0,459,0
2800,-1.78334e-020,-3.60156e-017,0,4.67275e-011,1,6.97255,6.97255,5.39201,1,0.0644,0.0005,0.0644,0,460,0
2800,3.87309e-020,-3.61056e-017,0,7.10177e-011,1,6.96621,6.96621,6.96621,1,0.06454,0.0005,0.06454,0,461,0
2800,1.52905e-020,-3.61927e-017,0,3.34716e-011,1,6.97151,6.97151,6.09383,1,0.06468,0.0005,0.06468,0,462,0
2800,1.92898e-020,-3.63057e-017,0,9.24934e-011,1,6.9809,6.9809,4.1437,1,0.06482,0.0005,0.06482,0,463,0
2800,6.75129e-020,-3.63708e-017,0,4.98578e-011,1,6.96985,6.96985,4.9842,1,0.06496,0.0005,0.06496,0,464,0
2800,3.63037e-021,-3.6492e-017,0,6.95038e-011,1,6.98048,6.98048,3.04229,1,0.0651,0.0005,0.0651,0,465,0
2800,-7.93555e-021,-3.65057e-017,0,0,1,6.98098,6.98098,0,1,0.06524,0.0005,0.06524,0,466,0
2800,9.3453e-020,-3.65671e-017,0,1.04086e-010,1,6.96888,6.96888,3.96278,1,0.06538,0.0005,0.06538,0,467,0
2800,6.87486e-020,-3.67546e-017,0,1.64295e-011,1,6.97597,6.97597,6.20392,1,0.06552,0.0005,0.06552,0,468,0
2800,3.43029e-021,-3.66933e-017,0,7.97401e-011,1,6.97213,6.97213,6.48337,1,0.06566,0.0005,0.06566,0,469,0
2800,2.70322e-021,-3.68711e-017,0,1.05733e-010,1,6.9725,6.9725,6.6463,1,0.0658,0.0005,0.0658,0,470,0
2800,-2.66748e-020,-3.69133e-017,0,3.65962e-011,1,6.98426,6.98426,1.41235,1,0.06594,0.0005,0.06594,0,471,0
2800,-3.85369e-020,-3.69985e-017,0,1.61687e-011,1,6.9886,6.9886,0.873323,1,0.06608,0.0005,0.06608,0,472,0
2800,-5.18453e-020,-3.70275e-017,0,1.30847e-010,1,6.97798,6.97798,2.55736,1,0.06622,0.0005,0.06622,0,473,0
2800,-6.64945e-020,-3.71533e-017,0,0,1,6.99428,6.99428,0,1,0.06636,0.0005,0.06636,0,474,0
2800,-4.51902e-020,-3.72957e-017,0,0,1,6.97897,6.97897,0,1,0.0665,0.0005,0.0665,0,475,0
2800,4.03948e-020,-3.73845e-017,0,3.4321e-017,1,6.98164,6.98164,0,1,0.06664,0.0005,0.06664,0,476,0
2800,3.72535e-020,-3.7595e-017,0,1.16749e-011,1,6.98814,6.98814,1.5996,1,0.06678,0.0005,0.06678,0,477,0
2800,1.34417e-020,-3.75361e-017,0,6.99599e-011,1,6.97795,6.97795,6.97795,1,0.06692,0.0005,0.06692,0,478,0
2800,8.2507e-022,-3.75543e-017,0,6.46384e-011,1,6.97894,6.97894,6.97894,1,0.06706,0.0005,0.06706,0,479,0
2800,4.4935e-020,-3.75173e-017,0,7.25569e-011,1,6.98254,6.98254,3.83344,1,0.0672,0.0005,0.0672,0,480,0
2800,9.72228e-020,-3.76577e-017,0,1.81047e-010,1,6.97563,6.97563,6.92986,1,0.06734,0.0005,0.06734,0,481,0
2800,1.72876e-020,-3.77845e-017,0,5.0092e-011,1,6.98168,6.98168,4.34524,1,0.06748,0.0005,0.06748,0,482,0
2800,2.4407e-021,-3.78899e-017,0,8.65576e-011,1,6.97337,6.97337,5.37556,1,0.06762,0.0005,0.06762,0,483,0
2800,-3.21688e-020,-3.80263e-017,0,4.64541e-011,1,6.97528,6.97528,5.78062,1,0.06776,0.0005,0.06776,0,484,0
2800,-2.26016e-020,-3.80935e-017,0,4.92716e-011,1,6.98647,6.98647,5.7078,1,0.0679,0.0005,0.0679,0,485,0
2800,-1.12428e-020,-3.82172e-017,0,1.99634e-017,1,6.99181,6.99181,0,1,0.06804,0.0005,0.06804,0,486,0
2800,-3.78099e-020,-3.8206e-017,0,1.65089e-010,1,6.97752,6.97752,6.61248,1,0.06818,0.0005,0.06818,0,487,0
2800,-2.79182e-020,-3.82732e-017,0,1.94794e-010,1,6.97736,6.97736,2.75881,1,0.06832,0.0005,0.06832,0,488,0
2800,-5.54304e-022,-3.84105e-017,0,6.56318e-017,1,6.98698,6.98698,0,1,0.06846,0.0005,0.06846,0,489,0
2800,3.69891e-021,-3.84922e-017,0,7.97165e-012,1,6.98895,6.98895,3.75922,1,0.0686,0.0005,0.0686,0,490,0
2800,1.31632e-020,-3.85304e-017,0,1.72559e-011,1,6.99268,6.99268,5.65136,1,0.06874,0.0005,0.06874,0,491,0
2800,-2.8276e-020,-3.85409e-017,0,2.58609e-010,1,6.97393,6.97393,6.08814,1,0.06888,0.0005,0.06888,0,492,0
2800,-4.52262e-020,-3.86441e-017,0,3.97804e-011,1,6.9985,6.9985,4.46159,1,0.06902,0.0005,0.06902,0,493,0
2800,-6.19549e-020,-3.86786e-017,0,1.59186e-010,1,6.9899,6.9899,5.12879,1,0.06916,0.0005,0.06916,0,494,0
2800,-9.88185e-021,-3.88281e-017,0,1.38288e-010,1,6.98612,6.98612,2.67813,1,0.0693,0.0005,0.0693,0,495,0
2800,9.01696e-021,-3.8804e-017,0,1.95332e-010,1,6.98076,6.98076,6.44643,1,0.06944,0.0005,0.06944,0,496,0
2800,2.02767e-020,-3.89223e-017,0,4.82574e-011,1,6.97806,6.97806,6.97806,1,0.06958,0.0005,0.06958,0,497,0
2800,1.65306e-020,-3.90268e-017,0,1.4331e-010,1,6.97662,6.97662,6.97662,1,0.06972,0.0005,0.06972,0,498,0
2800,1.4617e-020,-3.91357e-017,0,1.51866e-010,1,6.99591,6.99591,4.3815,1,0.06986,0.0005,0.06986,0,499,0
2800,2.61281e-020,-3.91905e-017,0,1.17664e-010,1,6.99225,6.99225,4.28064,1,0.07,0.0005,0.07,0,500,0
2800,1.44486e-020,-3.91619e-017,0,9.3353e-011,1,6.98309,6.98309,5.22298,1,0.07014,0.0005,0.07014,0,501,0
2800,1.86588e-020,-3.91973e-017,0,2.05818e-011,1,6.98072,6.98072,3.96151,1,0.07028,0.0005,0.07028,0,502,0
2800,-6.06516e-020,-3.92622e-017,0,2.51845e-010,1,6.99084,6.99084,6.99084,1,0.07042,0.0005,0.07042,0,503,0
2800,-6.34782e-021,-3.94775e-017,0,8.29279e-012,1,7.00335,7.00335,0.147434,1,0.07056,0.0005,0.07056,0,504,0
2800,2.99502e-020,-3.94491e-017,0,1.31659e-010,1,6.98754,6.98754,6.43826,1,0.0707,0.0005,0.0707,0,505,0
2800,2.26193e-020,-3.95727e-017,0,2.75419e-011,1,6.99706,6.99706,2.10557,1,0.07084,0.0005,0.07084,0,506,0
2800,5.94078e-021,-3.95583e-017,0,2.97117e-011,1,6.99338,6.99338,3.05516,1,0.07098,0.0005,0.07098,0,507,0
2800,-1.90387e-020,-3.96378e-017,0,7.63066e-011,1,6.98983,6.98983,4.66188,1,0.07112,0.0005,0.07112,0,508,0
2800,2.27654e-020,-3.97569e-017,0,1.78968e-010,1,6.99145,6.99145,6.99145,1,0.07126,0.0005,0.07126,0,509,0
2800,-5.41607e-020,-3.98599e-017,0,1.29334e-010,1,6.98341,6.98341,6.51306,1,0.0714,0.0005,0.0714,0,510,0
2800,-2.66632e-020,-3.99958e-017,0,1.01685e-011,1,6.99764,6.99764,1.29923,1,0.07154,0.0005,0.07154,0,511,0
2800,-4.23325e-020,-3.99674e-017,0,3.41304e-012,1,7.00753,7.00753,0.594709,1,0.07168,0.0005,0.07168,0,512,0
2800,-2.3191e-020,-4.00101e-017,0,7.12816e-011,1,6.998,6.998,4.3646,1,0.07182,0.0005,0.07182,0,513,0
2800,-3.77607e-020,-4.01568e-017,0,3.28283e-012,1,6.99826,6.99826,0.257468,1,0.07196,0.0005,0.07196,0,514,0
2800,-5.24177e-020,-4.02106e-017,0,2.00169e-011,1,6.99668,6.99668,6.76174,1,0.0721,0.0005,0.0721,0,515,0
2800,-8.41022e-020,-4.036e-017,0,1.39043e-011,1,6.99988,6.99988,2.01281,1,0.07224,0.0005,0.07224,0,516,0
2800,-3.4623e-020,-4.03511e-017,0,1.02623e-010,1,7.0077,7.0077,6.68725,1,0.07238,0.0005,0.07238,0,517,0
2800,1.65232e-020,-4.04744e-017,0,9.92503e-011,1,6.99456,6.99456,5.96026,1,0.07252,0.0005,0.07252,0,518,0
2800,-1.02537e-020,-4.05286e-017,0,2.00959e-010,1,6.99348,6.99348,6.99348,1,0.07266,0.0005,0.07266,0,519,0
2800,3.17742e-021,-4.06138e-017,0,1.56665e-010,1,6.99647,6.99647,6.99647,1,0.0728,0.0005,0.0728,0,520,0
2800,3.15733e-020,-4.06908e-017,0,5.79191e-011,1,7.00069,7.00069,6.11797,1,0.07294,0.0005,0.07294,0,521,0
2800,3.37513e-020,-4.07381e-017,0,5.70383e-011,1,7.00179,7.00179,6.56517,1,0.07308,0.0005,0.07308,0,522,0
2800,3.10462e-020,-4.0767e-017,0,2.13561e-010,1,7.0089,7.0089,3.91175,1,0.07322,0.0005,0.07322,0,523,0
2800,3.24697e-020,-4.08869e-017,0,1.02162e-010,1,7.00702,7.00702,1.85155,1,0.07336,0.0005,0.07336,0,524,0
2800,-3.0515e-021,-4.09446e-017,0,1.02206e-011,1,7.00709,7.00709,2.89382,1,0.0735,0.0005,0.0735,0,525,0
2800,-2.72237e-021,-4.09894e-017,0,1.13893e-010,1,6.99938,6.99938,6.13128,1,0.07364,0.0005,0.07364,0,526,0
2800,2.23764e-020,-4.11706e-017,0,6.94805e-011,1,7.01529,7.01529,1.29371,1,0.07378,0.0005,0.07378,0,527,0
2800,2.3963e-020,-4.13033e-017,0,1.2755e-011,1,7.01283,7.01283,1.01197,1,0.07392,0.0005,0.07392,0,528,0
2800,3.80149e-020,-4.1352e-017,0,5.0772e-012,1,7.01615,7.01615,3.05253,1,0.07406,0.0005,0.07406,0,529,0
2800,2.40162e-020,-4.13501e-017,0,4.44352e-017,1,7.01492,7.01492,0,1,0.0742,0.0005,0.0742,0,530,0
2800,7.3703e-021,-4.14399e-017,0,0,1,7.01401,7.01401,0,1,0.07434,0.0005,0.07434,0,531,0
2800,5.33532e-020,-4.14443e-017,0,1.21166e-010,1,7.01285,7.01285,2.05843,1,0.07448,0.0005,0.07448,0,532,0
2800,5.25248e-020,-4.15179e-017,0,9.09274e-011,1,7.02099,7.02099,1.40825,1,0.07462,0.0005,0.07462,0,533,0
2800,1.30646e-020,-4.14394e-017,0,8.18053e-011,1,6.99077,6.99077,6.45544,1,0.07476,0.0005,0.07476,0,534,0
2800,5.93512e-020,-4.15976e-017,0,9.45069e-017,1,7.02389,7.02389,0,1,0.0749,0.0005,0.0749,0,535,0
2800,6.75911e-020,-4.16021e-017,0,2.24654e-010,1,7.00384,7.00384,6.91174,1,0.07504,0.0005,0.07504,0,536,0
2800,2.33892e-020,-4.17594e-017,0,1.49746e-012,1,7.03035,7.03035,2.04911,1,0.07518,0.0005,0.07518,0,537,0
2800,-1.42088e-020,-4.18918e-017,0,0,1,7.0212,7.0212,0,1,0.07532,0.0005,0.07532,0,538,0
2800,-4.60435e-021,-4.19066e-017,0,4.16784e-017,1,7.01787,7.01787,0,1,0.07546,0.0005,0.07546,0,539,0
2800,-1.44409e-020,-4.19342e-017,0,1.27132e-016,1,7.02766,7.02766,0,1,0.0756,0.0005,0.0756,0,540,0
2800,-1.49231e-020,-4.19488e-017,0,1.056e-011,1,7.01757,7.01757,1.41617,1,0.07574,0.0005,0.07574,0,541,0
2800,-2.2093e-020,-4.20694e-017,0,1.41392e-012,1,7.02685,7.02685,0.0595706,1,0.07588,0.0005,0.07588,0,542,0
2800,-2.45224e-020,-4.20955e-017,0,7.5315e-011,1,7.01981,7.01981,3.17313,1,0.07602,0.0005,0.07602,0,543,0
2800,-3.80613e-020,-4.21928e-017,0,7.96258e-011,1,7.02549,7.02549,1.72723,1,0.07616,0.0005,0.07616,0,544,0
2800,-8.47562e-020,-4.21152e-017,0,2.98716e-010,1,7.0264,7.0264,7.0264,1,0.0763,0.0005,0.0763,0,545,0
2800,-7.48463e-020,-4.2295e-017,0,8.00215e-011,1,7.02074,7.02074,7.02074,1,0.07644,0.0005,0.07644,0,546,0
2800,-4.75032e-020,-4.23381e-017,0,1.2969e-010,1,7.01901,7.01901,7.01901,1,0.07658,0.0005,0.07658,0,547,0
2800,-4.60024e-020,-4.2415e-017,0,4.74586e-011,1,7.03179,7.03179,3.06969,1,0.07672,0.0005,0.07672,0,548,0
2800,-8.53973e-021,-4.25532e-017,0,1.48804e-010,1,7.0231,7.0231,7.0231,1,0.07686,0.0005,0.07686,0,549,0
2800,-8.6251e-021,-4.25793e-017,0,6.05662e-012,1,7.03399,7.03399,1.84201,1,0.077,0.0005,0.077,0,550,0
2800,-1.3158e-020,-4.26129e-017,0,1.14396e-010,1,7.03062,7.03062,6.29025,1,0.07714,0.0005,0.07714,0,551,0
2800,4.4521e-020,-4.27001e-017,0,1.50207e-011,1,7.02917,7.02917,4.08139,1,0.07728,0.0005,0.07728,0,552,0
2800,-5.76373e-020,-4.24788e-017,0,6.91721e-011,1,7.02504,7.02504,7.02504,1,0.07742,0.0005,0.07742,0,553,0
2800,-1.38323e-019,-4.31059e-017,0,4.33442e-011,1,7.03165,7.03165,3.5136,1,0.07756,0.0005,0.07756,0,554,0
2800,-9.4158e-020,-4.37718e-017,0,2.29604e-013,1,7.03845,7.03845,0,1,0.0777,0.0005,0.0777,0,555,0
2800,-4.00503e-021,-4.36461e-017,0,3.15947e-011,1,7.0309,7.0309,3.6147,1,0.07784,0.0005,0.07784,0,556,0
2800,-2.33332e-020,-4.37818e-017,0,3.2074e-011,1,7.03442,7.03442,6.80815,1,0.07798,0.0005,0.07798,0,557,0
2800,-4.58118e-020,-4.37608e-017,0,2.59877e-011,1,7.04015,7.04015,5.69335,1,0.07812,0.0005,0.07812,0,558,0
2800,-9.35095e-021,-4.3832e-017,0,1.98924e-011,1,7.04288,7.04288,2.67716,1,0.07826,0.0005,0.07826,0,559,0
2800,-2.60122e-020,-4.38756e-017,0,4.01869e-011,1,7.0366,7.0366,5.70312,1,0.0784,0.0005,0.0784,0,560,0
2800,-2.34894e-020,-4.39442e-017,0,5.11641e-011,1,7.04027,7.04027,4.8519,1,0.07854,0.0005,0.07854,0,561,0
2800,-3.63865e-020,-4.39915e-017,0,4.08002e-011,1,7.043,7.043,4.43451,1,0.07868,0.0005,0.07868,0,562,0
2800,-3.50165e-020,-4.41164e-017,0,3.43087e-011,1,7.04777,7.04777,3.11606,1,0.07882,0.0005,0.07882,0,563,0
2800,-2.4365e-020,-4.41768e-017,0,5.74469e-011,1,7.04707,7.04707,2.94159,1,0.07896,0.0005,0.07896,0,564,0
2800,-3.29187e-020,-4.41982e-017,0,4.14586e-011,1,7.03679,7.03679,5.51641,1,0.0791,0.0005,0.0791,0,565,0
2800,-3.95143e-020,-4.42424e-017,0,4.8321e-011,1,7.03799,7.03799,7.03799,1,0.07924,0.0005,0.07924,0,566,0
2800,-5.66216e-020,-4.43092e-017,0,2.95452e-011,1,7.03792,7.03792,7.03792,1,0.07938,0.0005,0.07938,0,567,0
2800,-9.0881e-020,-4.43623e-017,0,5.81415e-011,1,7.04193,7.04193,7.04193,1,0.07952,0.0005,0.07952,0,568,0
2800,-1.15738e-019,-4.43896e-017,0,1.52632e-010,1,7.05129,7.05129,7.05129,1,0.07966,0.0005,0.07966,0,569,0
2800,-8.68006e-020,-4.45031e-017,0,4.60856e-011,1,7.04552,7.04552,6.31537,1,0.0798,0.0005,0.0798,0,570,0
2800,-3.57702e-020,-4.45204e-017,0,7.12479e-011,1,7.05013,7.05013,7.05013,1,0.07994,0.0005,0.07994,0,571,0
2800,-1.28416e-020,-4.45596e-017,0,1.77898e-011,1,7.05204,7.05204,3.7881,1,0.08008,0.0005,0.08008,0,572,0
2800,4.72049e-020,-4.46051e-017,0,0,1,7.0545,7.0545,0,1,0.08022,0.0005,0.08022,0,573,0
2800,3.86867e-020,-4.4705e-017,0,1.44299e-011,1,7.05791,7.05791,0.431224,1,0.08036,0.0005,0.08036,0,574,0
2800,8.92708e-021,-4.47249e-017,0,1.36745e-010,1,7.05669,7.05669,4.6129,1,0.0805,0.0005,0.0805,0,575,0
2800,1.96305e-020,-4.48466e-017,0,8.06348e-011,1,7.05458,7.05458,6.72891,1,0.08064,0.0005,0.08064,0,576,0
2800,2.05826e-020,-4.48707e-017,0,3.44928e-011,1,7.06072,7.06072,5.964,1,0.08078,0.0005,0.08078,0,577,0
2800,1.48744e-021,-4.48972e-017,0,4.11181e-011,1,7.05723,7.05723,2.10967,1,0.08092,0.0005,0.08092,0,578,0
2800,6.20748e-024,-4.49334e-017,0,4.39546e-011,1,7.06178,7.06178,3.07587,1,0.08106,0.0005,0.08106,0,579,0
2800,8.41201e-021,-4.51472e-017,0,0,1,7.07435,7.07435,0,1,0.0812,0.0005,0.0812,0,580,0
2800,4.53668e-020,-4.51663e-017,0,5.1098e-011,1,7.0729,7.0729,3.27086,1,0.08134,0.0005,0.08134,0,581,0
2800,3.04981e-020,-4.52667e-017,0,4.97304e-011,1,7.06848,7.06848,7.06848,1,0.08148,0.0005,0.08148,0,582,0
2800,1.9943e-020,-4.53586e-017,0,4.98432e-012,1,7.06927,7.06927,0.164754,1,0.08162,0.0005,0.08162,0,583,0
2800,1.34157e-020,-4.52967e-017,0,1.88498e-010,1,7.06685,7.06685,7.06685,1,0.08176,0.0005,0.08176,0,584,0
2800,1.71538e-020,-4.53781e-017,0,1.97392e-010,1,7.06094,7.06094,5.77454,1,0.0819,0.0005,0.0819,0,585,0
2800,9.32463e-021,-4.55068e-017,0,3.89394e-011,1,7.07635,7.07635,5.24516,1,0.08204,0.0005,0.08204,0,586,0
2800,1.80179e-020,-4.55858e-017,0,5.68856e-011,1,7.07227,7.07227,2.3769,1,0.08218,0.0005,0.08218,0,587,0
2800,2.13312e-020,-4.5614e-017,0,5.94781e-017,1,7.08212,7.08212,0,1,0.08232,0.0005,0.08232,0,588,0
2800,3.10841e-020,-4.56201e-017,0,2.43103e-011,1,7.08427,7.08427,1.04373,1,0.08246,0.0005,0.08246,0,589,0
2800,2.96461e-020,-4.56482e-017,0,4.1491e-012,1,7.08068,7.08068,0.86488,1,0.0826,0.0005,0.0826,0,590,0
2800,-5.80356e-021,-4.57089e-017,0,1.68726e-011,1,7.07835,7.07835,3.51708,1,0.08274,0.0005,0.08274,0,591,0
2800,5.68545e-021,-4.57491e-017,0,2.69245e-012,1,7.08321,7.08321,0.860628,1,0.08288,0.0005,0.08288,0,592,0
2800,3.80432e-020,-4.57316e-017,0,0,1,7.09726,7.09726,0,1,0.08302,0.0005,0.08302,0,593,0
2800,4.03647e-020,-4.58491e-017,0,3.39542e-011,1,7.09003,7.09003,3.45539,1,0.08316,0.0005,0.08316,0,594,0
2800,-6.82598e-022,-4.59629e-017,0,2.2831e-011,1,7.09288,7.09288,3.70135,1,0.0833,0.0005,0.0833,0,595,0
2800,4.76827e-021,-4.5979e-017,0,2.45668e-011,1,7.09412,7.09412,2.29648,1,0.08344,0.0005,0.08344,0,596,0
2800,5.87337e-021,-4.59966e-017,0,1.72953e-011,1,7.09494,7.09494,2.48291,1,0.08358,0.0005,0.08358,0,597,0
2800,1.52331e-020,-4.60324e-017,0,1.00316e-011,1,7.10527,7.10527,1.47101,1,0.08372,0.0005,0.08372,0,598,0
2800,-2.29204e-021,-4.60283e-017,0,7.65919e-011,1,7.09458,7.09458,6.30389,1,0.08386,0.0005,0.08386,0,599,0
2800,1.69035e-020,-4.60912e-017,0,1.10968e-011,1,7.09681,7.09681,4.05875,1,0.084,0.0005,0.084,0,600,0
2800,1.94465e-020,-4.61479e-017,0,2.01279e-017,1,7.10232,7.10232,0,1,0.08414,0.0005,0.08414,0,601,0
2800,5.24249e-020,-4.62151e-017,0,3.43965e-011,1,7.09969,7.09969,3.62621,1,0.08428,0.0005,0.08428,0,602,0
2800,3.7579e-020,-4.62086e-017,0,3.38391e-011,1,7.09765,7.09765,6.59122,1,0.08442,0.0005,0.08442,0,603,0
2800,2.88319e-020,-4.63e-017,0,6.48437e-011,1,7.1014,7.1014,2.6504,1,0.08456,0.0005,0.08456,0,604,0
2800,5.05287e-020,-4.63089e-017,0,6.36668e-011,1,7.10238,7.10238,2.31244,1,0.0847,0.0005,0.0847,0,605,0
2800,2.61266e-020,-4.63719e-017,0,8.08035e-011,1,7.10031,7.10031,3.87984,1,0.08484,0.0005,0.08484,0,606,0
2800,3.64273e-020,-4.64269e-017,0,3.66749e-012,1,7.10748,7.10748,0.227399,1,0.08498,0.0005,0.08498,0,607,0
2800,2.96587e-020,-4.64378e-017,0,1.68369e-010,1,7.09939,7.09939,7.0387,1,0.08512,0.0005,0.08512,0,608,0
2800,2.03604e-020,-4.65408e-017,0,1.02065e-010,1,7.10809,7.10809,3.14107,1,0.08526,0.0005,0.08526,0,609,0
2800,2.10687e-020,-4.66464e-017,0,9.00458e-011,1,7.10831,7.10831,5.56799,1,0.0854,0.0005,0.0854,0,610,0
2800,7.29e-021,-4.66686e-017,0,5.08601e-011,1,7.11061,7.11061,2.6088,1,0.08554,0.0005,0.08554,0,611,0
2800,4.63871e-022,-4.67039e-017,0,4.58005e-011,1,7.1126,7.1126,1.35111,1,0.08568,0.0005,0.08568,0,612,0
2800,1.32947e-020,-4.67106e-017,0,3.40144e-011,1,7.11524,7.11524,2.35752,1,0.08582,0.0005,0.08582,0,613,0
2800,8.4215e-022,-4.67266e-017,0,3.27137e-011,1,7.11438,7.11438,2.26737,1,0.08596,0.0005,0.08596,0,614,0
2800,1.79625e-021,-4.67843e-017,0,1.96187e-011,1,7.11976,7.11976,3.9375,1,0.0861,0.0005,0.0861,0,615,0
2800,1.03383e-020,-4.68302e-017,0,3.64565e-011,1,7.12023,7.12023,4.71781,1,0.08624,0.0005,0.08624,0,616,0
2800,7.57624e-021,-4.687e-017,0,7.21498e-015,1,7.12376,7.12376,0.000204972,1,0.08638,0.0005,0.08638,0,617,0
2800,5.85757e-020,-4.6962e-017,0,8.13622e-011,1,7.12033,7.12033,5.39736,1,0.08652,0.0005,0.08652,0,618,0
2800,4.13864e-021,-4.69639e-017,0,6.47807e-012,1,7.12364,7.12364,0.429739,1,0.08666,0.0005,0.08666,0,619,0
2800,-3.30114e-020,-4.70163e-017,0,7.5494e-017,1,7.1354,7.1354,0,1,0.0868,0.0005,0.0868,0,620,0
2800,-4.50561e-020,-4.70318e-017,0,9.01129e-011,1,7.12693,7.12693,5.26315,1,0.08694,0.0005,0.08694,0,621,0
2800,-4.42668e-020,-4.70832e-017,0,3.87408e-011,1,7.12916,7.12916,2.59802,1,0.08708,0.0005,0.08708,0,622,0
2800,-7.30647e-020,-4.7122e-017,0,1.18389e-011,1,7.13049,7.13049,2.21132,1,0.08722,0.0005,0.08722,0,623,0
2800,-1.59562e-019,-4.71352e-017,0,1.65759e-010,1,7.12573,7.12573,6.60056,1,0.08736,0.0005,0.08736,0,624,0
2800,-2.26189e-019,-4.71894e-017,0,2.5251e-010,1,7.1295,7.1295,7.1295,1,0.0875,0.0005,0.0875,0,625,0
2800,-3.41475e-019,-4.72871e-017,0,1.8112e-011,1,7.13889,7.13889,0.41266,1,0.08764,0.0005,0.08764,0,626,0
2800,-5.54884e-019,-4.73204e-017,0,2.71422e-011,1,7.14003,7.14003,0.985098,1,0.08778,0.0005,0.08778,0,627,0
2800,-8.55831e-019,-4.73233e-017,0,0,1,7.14459,7.14459,0,1,0.08792,0.0005,0.08792,0,628,0
2800,-1.24585e-018,-4.72796e-017,0,3.18872e-010,1,7.13444,7.13444,5.19895,1,0.08806,0.0005,0.08806,0,629,0
2800,-1.88515e-018,-4.7319e-017,0,1.46985e-010,1,7.13714,7.13714,7.13714,1,0.0882,0.0005,0.0882,0,630,0
2800,-3.13731e-018,-4.74014e-017,0,1.03242e-010,1,7.1355,7.1355,4.71066,1,0.08834,0.0005,0.08834,0,631,0
2800,-4.87773e-018,-4.75636e-017,0,7.69923e-012,1,7.1431,7.1431,2.83184,1,0.08848,0.0005,0.08848,0,632,0
2800,-7.58285e-018,-4.74701e-017,0,1.03726e-016,1,7.15333,7.15333,0,1,0.08862,0.0005,0.08862,0,633,0
2800,-1.12242e-017,-4.7438e-017,0,5.48712e-017,1,7.1525,7.1525,0,1,0.08876,0.0005,0.08876,0,634,0
2800,-1.74066e-017,-4.77267e-017,0,3.91077e-011,1,7.14139,7.14139,2.9167,1,0.0889,0.0005,0.0889,0,635,0
2800,-2.72799e-017,-4.64681e-017,0,4.28852e-011,1,7.1357,7.1357,6.98442,1,0.08904,0.0005,0.08904,0,636,0
2800,-4.35748e-017,-4.67246e-017,0,7.04131e-011,1,7.14344,7.14344,5.56455,1,0.08918,0.0005,0.08918,0,637,0
2800,-6.71935e-017,-4.61517e-017,0,0,1,7.15219,7.15219,0,1,0.08932,0.0005,0.08932,0,638,0
2800,-1.0216e-016,-4.57931e-017,0,4.65078e-012,1,7.1498,7.1498,2.26685,1,0.08946,0.0005,0.08946,0,639,0
2800,-1.51918e-016,-5.20662e-017,0,2.81247e-013,1,7.15013,7.15013,0.137084,1,0.0896,0.0005,0.0896,0,640,0
2800,-2.58348e-016,-5.33158e-017,0,2.64718e-012,1,7.14021,7.14021,5.10908,1,0.08974,0.0005,0.08974,0,641,0
2800,-3.92854e-016,-4.14666e-017,0,1.46154e-012,1,7.14754,7.14754,3.25323,1,0.08988,0.0005,0.08988,0,642,0
2800,-6.01201e-016,-6.23981e-017,0,1.59141e-011,1,7.15004,7.15004,3.49824,1,0.09002,0.0005,0.09002,0,643,0
2800,-9.36972e-016,-6.85815e-017,0,3.43886e-011,1,7.14561,7.14561,5.71687,1,0.09016,0.0005,0.09016,0,644,0
2800,-1.40419e-015,7.40862e-017,0,1.99852e-010,1,7.14278,7.14278,7.13424,1,0.0903,0.0005,0.0903,0,645,0
2800,-2.2957e-015,-1.54897e-016,0,1.99934e-011,1,7.1491,7.1491,1.44493,1,0.09044,0.0005,0.09044,0,646,0
2800,-3.64659e-015,4.66553e-017,0,1.07142e-010,1,7.13931,7.13931,7.13931,1,0.09058,0.0005,0.09058,0,647,0
2800,-5.47262e-015,7.31833e-017,0,2.56064e-011,1,7.14245,7.14245,4.84586,1,0.09072,0.0005,0.09072,0,648,0
2800,-8.09044e-015,1.27073e-016,0,1.35493e-010,1,7.13978,7.13978,2.97327,1,0.09086,0.0005,0.09086,0,649,0
2800,-1.26173e-014,-2.66766e-016,0,0,1,7.14263,7.14263,0,1,0.091,0.0005,0.091,0,650,0
2800,-2.03251e-014,4.15781e-016,0,1.74994e-010,1,7.13587,7.13587,1.93223,1,0.09114,0.0005,0.09114,0,651,0
2800,-3.01591e-014,-1.27564e-015,0,1.892e-013,1,7.13715,7.13715,0.00208908,1,0.09128,0.0005,0.09128,0,652,0
2800,-4.84215e-014,2.43271e-015,0,4.48939e-011,1,7.12664,7.12664,4.65674,1,0.09142,0.0005,0.09142,0,653,0
2800,-7.14086e-014,3.46352e-015,0,4.1786e-011,1,7.11936,7.11936,7.11936,1,0.09156,0.0005,0.09156,0,654,0
2800,-1.16788e-013,5.53624e-015,0,6.0158e-012,1,7.11177,7.11177,4.71773,1,0.0917,0.0005,0.0917,0,655,0
2800,-1.80546e-013,6.54679e-015,0,4.31352e-012,1,7.1047,7.1047,1.44558,1,0.09184,0.0005,0.09184,0,656,0
2800,-2.5213e-013,2.09055e-014,0,4.60131e-010,1,7.09102,7.09102,4.8058,1,0.09198,0.0005,0.09198,0,657,0
2800,-3.92119e-013,4.00243e-014,0,7.39035e-011,1,7.07258,7.07258,6.10258,1,0.09212,0.0005,0.09212,0,658,0
2800,-6.03223e-013,1.14345e-013,0,3.13392e-017,1,7.04681,7.04681,0,1,0.09226,0.0005,0.09226,0,659,0
2800,-9.15686e-013,2.47919e-013,0,2.85027e-010,1,7.00906,7.00906,3.22164,1,0.0924,0.0005,0.0924,0,660,0
2800,-1.29062e-012,4.90659e-013,0,7.56265e-011,1,6.89157,6.89157,3.98248,1,0.09254,0.0005,0.09254,0,661,0
2679.38,-9.31002e-010,-2.99466e-010,0,1.32037e-009,0.956901,6.14697,6.14697,7,1,0.09268,0.0005,0.09268,0,662,0
1565.87,-5.29262e-006,-6.11386e-007,0,1.30404e-010,0.559033,3.75092,5.6,7,1,0.09282,0.0005,0.09282,0,663,0
255.809,-0.000408246,3.87649e-005,0,3.03647e-013,0.0909386,2.91263,5.6,7,1,0.09296,0.0005,0.09296,0,664,0
1.32038,-0.000225448,7.15139e-005,0,0,7.28169e-006,2.82581,0.772952,7,1,0.0931,0.0005,0.0931,0,665,0
1.3,-1.52243e-005,4.48452e-005,0,0,0,3.03541,0,7,1,0.09324,0.0005,0.09324,0,666,0
1.3,7.57058e-005,2.22944e-005,0,0,0,3.40352,0,7,1,0.09338,0.0005,0.09338,0,667,0
1.3,0.00010012,1.08563e-005,0,0,0,3.84017,0,7,1,0.09352,0.0005,0.09352,0,668,0
1.3,9.21958e-005,6.27078e-006,0,0,0,4.27615,0,7,1,0.09366,0.0005,0.09366,0,669,0
1.3,8.09109e-005,4.47022e-006,0,0,0,4.6356,0,7,1,0.0938,0.0005,0.0938,0,670,0
1.3,7.02434e-005,5.27325e-006,0,0,0,4.92472,0,7,1,0.09394,0.0005,0.09394,0,671,0
1.3,5.50417e-005,2.13404e-006,0,0,0,5.19617,0,7,1,0.09408,0.0005,0.09408,0,672,0
1.3,4.22907e-005,1.93504e-006,0,0,0,5.44134,0,7,1,0.09422,0.0005,0.09422,0,673,0
1.3,3.03184e-005,-7.84637e-007,0,0,0,5.66883,0,7,1,0.09436,0.0005,0.09436,0,674,0
1.3,2.36144e-005,-9.76851e-007,0,0,0,5.86386,0,7,1,0.0945,0.0005,0.0945,0,675,0
1.3,1.74639e-005,-4.02369e-007,0,0,0,6.04298,0,7,1,0.09464,0.0005,0.09464,0,676,0
1.3,1.27322e-005,-4.87855e-007,0,0,0,6.1948,0,7,1,0.09478,0.0005,0.09478,0,677,0
1.3,8.88972e-006,2.20353e-007,0,0,0,6.32154,0,7,1,0.09492,0.0005,0.09492,0,678,0
1.3,6.32108e-006,-1.36858e-008,0,0,0,6.39866,0,7,1,0.09506,0.0005,0.09506,0,679,0
1.3,4.19246e-006,2.60467e-008,0,0,0,6.46817,0,7,1,0.0952,0.0005,0.0952,0,680,0
1.3,2.86516e-006,-7.20794e-008,0,0,0,6.52209,0,7,1,0.09534,0.0005,0.09534,0,681,0
1.3,2.15915e-006,9.94026e-008,0,0,0,6.57395,0,7,1,0.09548,0.0005,0.09548,0,682,0
1.3,1.48051e-006,-7.86128e-008,0,0,0,6.62302,0,7,1,0.09562,0.0005,0.09562,0,683,0
1.3,9.80787e-007,-4.29633e-009,0,0,0,6.67482,0,7,1,0.09576,0.0005,0.09576,0,684,0
1.3,6.72075e-007,3.4829e-009,0,0,0,6.72303,0,7,1,0.0959,0.0005,0.0959,0,685,0
1.3,4.53928e-007,1.33455e-008,0,0,0,6.76882,0,7,1,0.09604,0.0005,0.09604,0,686,0
1.3,3.17972e-007,1.15982e-008,0,0,0,6.80829,0,7,1,0.09618,0.0005,0.09618,0,687,0
1.3,2.20449e-007,-1.03585e-009,0,0,0,6.8425,0,7,1,0.09632,0.0005,0.09632,0,688,0
1.3,1.40895e-007,6.69504e-009,0,0,0,6.87332,0,7,1,0.09646,0.0005,0.09646,0,689,0
1.3,1.01379e-007,9.68835e-009,0,0,0,6.89693,0,7,1,0.0966,0.0005,0.0966,0,690,0
1.3,6.50948e-008,5.4707e-010,0,0,0,6.91851,0,7,1,0.09674,0.0005,0.09674,0,691,0
1.3,4.43528e-008,2.94629e-009,0,0,0,6.93497,0,7,1,0.09688,0.0005,0.09688,0,692,0
1.3,2.76273e-008,1.24196e-009,0,0,0,6.94971,0,7,1,0.09702,0.0005,0.09702,0,693,0
1.3,1.96896e-008,1.76099e-009,0,0,0,6.96041,0,7,1,0.09716,0.0005,0.09716,0,694,0
1.3,1.32501e-008,1.61483e-009,0,0,0,6.96966,0,7,1,0.0973,0.0005,0.0973,0,695,0
1.3,8.61382e-009,1.27903e-009,0,0,0,6.97706,0,7,1,0.09744,0.0005,0.09744,0,696,0
1.3,5.80887e-009,1.69974e-009,0,0,0,6.98259,0,7,1,0.09758,0.0005,0.09758,0,697,0
1.3,3.79389e-009,1.4505e-009,0,0,0,6.98706,0,7,1,0.09772,0.0005,0.09772,0,698,0
1.3,2.47671e-009,1.46064e-009,0,0,0,6.99045,0,7,1,0.09786,0.0005,0.09786,0,699,0
1.3,1.68691e-009,1.59023e-009,0,0,0,6.99293,0,7,1,0.098,0.0005,0.098,0,700,0
1.3,1.03496e-009,1.54544e-009,0,0,0,6.99503,0,7,1,0.09814,0.0005,0.09814,0,701,0
1.3,6.62474e-010,1.60647e-009,0,0,0,6.99636,0,7,1,0.09828,0.0005,0.09828,0,702,0
1.3,3.97007e-010,1.65999e-009,0,0,0,6.99749,0,7,1,0.09842,0.0005,0.09842,0,703,0
1.3,3.37326e-010,1.70884e-009,0,0,0,6.99825,0,7,1,0.09856,0.0005,0.09856,0,704,0
1.3,3.06878e-010,1.64345e-009,0,0,0,6.9988,0,7,1,0.0987,0.0005,0.0987,0,705,0
1.3,2.69417e-010,1.61726e-009,0,0,0,6.9992,0,7,1,0.09884,0.0005,0.09884,0,706,0
1.3,1.81282e-010,1.6163e-009,0,0,0,6.99946,0,7,1,0.09898,0.0005,0.09898,0,707,0
1.3,8.31716e-012,1.71685e-009,0,0,0,6.99964,0,7,1,0.09912,0.0005,0.09912,0,708,0
1.3,-1.44521e-010,1.83555e-009,0,0,0,6.99977,0,7,1,0.09926,0.0005,0.09926,0,709,0
1.3,-8.7655e-011,1.83866e-009,0,0,0,6.99985,0,7,1,0.0994,0.0005,0.0994,0,710,0
1.3,-7.76345e-011,2.05846e-009,0,0,0,6.9999,0,7,1,0.09954,0.0005,0.09954,0,711,0
1.3,-9.92304e-011,2.29133e-009,0,0,0,6.99994,0,7,1,0.09968,0.0005,0.09968,0,712,0
1.3,-6.91983e-011,2.31822e-009,0,0,0,6.99997,0,7,1,0.09982,0.0005,0.09982,0,713,0
1.3,-3.63465e-011,2.33045e-009,0,0,0,6.99998,0,7,1,0.09996,0.0005,0.09996,0,714,0
1.3,-3.43932e-011,2.28797e-009,0,0,0,6.99999,0,7,1,0.1001,0.0005,0.1001,0,715,0
1.3,-7.31939e-013,2.3325e-009,0,0,0,6.99999,0,7,1,0.10024,0.0005,0.10024,0,716,0
1.3,3.95334e-011,2.46284e-009,0,0,0,7,0,7,1,0.10038,0.0005,0.10038,0,717,0
1.3,6.15318e-011,2.54418e-009,0,0,0,7,0,7,1,0.10052,0.0005,0.10052,0,718,0
1.3,4.34912e-011,2.5353e-009,0,0,0,7,0,7,1,0.10066,0.0005,0.10066,0,719,0
1.3,1.76486e-011,2.64973e-009,0,0,0,7,0,7,1,0.1008,0.0005,0.1008,0,720,0
1.3,2.87683e-011,2.76204e-009,0,0,0,7,0,7,1,0.10094,0.0005,0.10094,0,721,0
1.3,2.65512e-011,2.77168e-009,0,0,0,7,0,7,1,0.10108,0.0005,0.10108,0,722,0
1.3,1.23966e-011,2.78254e-009,0,0,0,7,0,7,1,0.10122,0.0005,0.10122,0,723,0
1.3,6.93376e-012,2.79508e-009,0,0,0,7,0,7,1,0.10136,0.0005,0.10136,0,724,0
1.3,5.03191e-012,2.80082e-009,0,0,0,7,0,7,1,0.1015,0.0005,0.1015,0,725,0
1.3,3.36744e-012,2.8082e-009,0,0,0,7,0,7,1,0.10164,0.0005,0.10164,0,726,0
1.3,8.94583e-013,2.82267e-009,0,0,0,7,0,7,1,0.10178,0.0005,0.10178,0,727,0
1.3,-2.11348e-012,2.83312e-009,0,0,0,7,0,7,1,0.10192,0.0005,0.10192,0,728,0
1.3,-3.45143e-012,2.84064e-009,0,0,0,7,0,7,1,0.10206,0.0005,0.10206,0,729,0
1.3,-3.43208e-012,2.84493e-009,0,0,0,7,0,7,1,0.1022,0.0005,0.1022,0,730,0
1.3,-2.53796e-012,2.84845e-009,0,0,0,7,0,7,1,0.10234,0.0005,0.10234,0,731,0
1.3,2.31774e-013,2.84747e-009,0,0,0,7,0,7,1,0.10248,0.0005,0.10248,0,732,0
1.3,1.63858e-012,2.8473e-009,0,0,0,7,0,7,1,0.10262,0.0005,0.10262,0,733,0
1.3,3.66018e-012,2.84686e-009,0,0,0,7,0,7,1,0.10276,0.0005,0.10276,0,734,0
1.3,5.35062e-012,2.84251e-009,0,0,0,7,0,7,1,0.1029,0.0005,0.1029,0,735,0
1.3,5.73753e-012,2.83847e-009,0,0,0,7,0,7,1,0.10304,0.0005,0.10304,0,736,0
1.3,3.6551e-012,2.83469e-009,0,0,0,7,0,7,1,0.10318,0.0005,0.10318,0,737,0
1.3,-4.62468e-012,2.83523e-009,0,0,0,7,0,7,1,0.10332,0.0005,0.10332,0,738,0
1.3,-1.48367e-011,2.83759e-009,0,0,0,7,0,7,1,0.10346,0.0005,0.10346,0,739,0
1.3,-2.22174e-011,2.84036e-009,0,0,0,7,0,7,1,0.1036,0.0005,0.1036,0,740,0
1.3,-2.63444e-011,2.84887e-009,0,0,0,7,0,7,1,0.10374,0.0005,0.10374,0,741,0
1.3,-2.15828e-011,2.85564e-009,0,0,0,7,0,7,1,0.10388,0.0005,0.10388,0,742,0
1.3,-1.99652e-011,2.84465e-009,0,0,0,7,0,7,1,0.10402,0.0005,0.10402,0,743,0
1.3,-2.08549e-011,2.83568e-009,0,0,0,7,0,7,1,0.10416,0.0005,0.10416,0,744,0
1.3,-3.38903e-011,2.84429e-009,0,0,0,7,0,7,1,0.1043,0.0005,0.1043,0,745,0
1.3,-7.09027e-011,3.13845e-009,0,0,0,7,0,7,1,0.10444,0.0005,0.10444,0,746,0
1.3,-1.46949e-010,3.90197e-009,0,0,0,7,0,7,1,0.10458,0.0005,0.10458,0,747,0
1.3,-1.66509e-010,3.80932e-009,0,0,0,7,0,7,1,0.10472,0.0005,0.10472,0,748,0
1.3,-1.74278e-010,3.6761e-009,0,0,0,7,0,7,1,0.10486,0.0005,0.10486,0,749,0
1.3,-2.65138e-010,3.72141e-009,0,0,0,7,0,7,1,0.105,0.0005,0.105,0,750,0
1.3,-3.32512e-010,3.75824e-009,0,0,0,7,0,7,1,0.10514,0.0005,0.10514,0,751,0
1.3,-3.1278e-010,3.76151e-009,0,0,0,7,0,7,1,0.10528,0.0005,0.10528,0,752,0
1.3,-2.22495e-010,3.6499e-009,0,0,0,7,0,7,1,0.10542,0.0005,0.10542,0,753,0
1.3,-1.75081e-010,3.61195e-009,0,0,0,7,0,7,1,0.10556,0.0005,0.10556,0,754,0
1.3,-7.68096e-011,3.57094e-009,0,0,0,7,0,7,1,0.1057,0.0005,0.1057,0,755,0
1.3,3.97656e-010,4.13203e-009,0,0,0,7,0,7,1,0.10584,0.0005,0.10584,0,756,0
1.3,2.4229e-010,4.27126e-009,0,0,0,7,0,7,1,0.10598,0.0005,0.10598,0,757,0
1.3,1.27234e-010,4.36875e-009,0,0,0,7,0,7,1,0.10612,0.0005,0.10612,0,758,0
1.3,2.02708e-010,4.37345e-009,0,0,0,7,0,7,1,0.10626,0.0005,0.10626,0,759,0
1.3,3.04566e-010,4.32598e-009,0,0,0,7,0,7,1,0.1064,0.0005,0.1064,0,760,0
1.3,4.25325e-010,4.30297e-009,0,0,0,7,0,7,1,0.10654,0.0005,0.10654,0,761,0
1.3,-9.59101e-011,4.65529e-009,0,0,0,7,0,7,1,0.10668,0.0005,0.10668,0,762,0
1.3,-5.13561e-010,4.9474e-009,0,0,0,7,0,7,1,0.10682,0.0005,0.10682,0,763,0
1.3,-5.7239e-010,5.03299e-009,0,0,0,7,0,7,1,0.10696,0.0005,0.10696,0,764,0
1.3,-6.69121e-010,5.33398e-009,0,0,0,7,0,7,1,0.1071,0.0005,0.1071,0,765,0
1.3,-6.61362e-010,6.01433e-009,0,0,0,7,0,7,1,0.10724,0.0005,0.10724,0,766,0
1.3,-6.06718e-010,6.39577e-009,0,0,0,7,0,7,1,0.10738,0.0005,0.10738,0,767,0
1.3,-3.46631e-010,6.36137e-009,0,0,0,7,0,7,1,0.10752,0.0005,0.10752,0,768,0
1.3,-5.55409e-010,6.68945e-009,0,0,0,7,0,7,1,0.10766,0.0005,0.10766,0,769,0
1.3,-6.50469e-010,6.89162e-009,0,0,0,7,0,7,1,0.1078,0.0005,0.1078,0,770,0
1.3,-4.99975e-010,6.82457e-009,0,0,0,7,0,7,1,0.10794,0.0005,0.10794,0,771,0
1.3,-2.61091e-010,6.79005e-009,0,0,0,7,0,7,1,0.10808,0.0005,0.10808,0,772,0
1.3,2.07463e-010,6.86623e-009,0,0,0,7,0,7,1,0.10822,0.0005,0.10822,0,773,0
1.3,8.74674e-010,7.01875e-009,0,0,0,7,0,7,1,0.10836,0.0005,0.10836,0,774,0
1.3,6.88851e-010,7.51345e-009,0,0,0,7,0,7,1,0.1085,0.0005,0.1085,0,775,0
1.3,5.10724e-010,8.00693e-009,0,0,0,7,0,7,1,0.10864,0.0005,0.10864,0,776,0
1.3,1.07755e-010,8.48412e-009,0,0,0,7,0,7,1,0.10878,0.0005,0.10878,0,777,0
1.3,-2.41706e-010,8.87219e-009,0,0,0,7,0,7,1,0.10892,0.0005,0.10892,0,778,0
1.3,-5.06503e-011,9.0502e-009,0,0,0,7,0,7,1,0.10906,0.0005,0.10906,0,779,0
1.3,5.81346e-012,9.22871e-009,0,0,0,7,0,7,1,0.1092,0.0005,0.1092,0,780,0
1.3,3.89227e-011,9.30599e-009,0,0,0,7,0,7,1,0.10934,0.0005,0.10934,0,781,0
1.3,1.58696e-010,9.29913e-009,0,0,0,7,0,7,1,0.10948,0.0005,0.10948,0,782,0
1.3,2.75128e-010,9.26614e-009,0,0,0,7,0,7,1,0.10962,0.0005,0.10962,0,783,0
1.3,2.86248e-010,9.26822e-009,0,0,0,7,0,7,1,0.10976,0.0005,0.10976,0,784,0
1.3,2.22603e-010,9.22684e-009,0,0,0,7,0,7,1,0.1099,0.0005,0.1099,0,785,0
1.3,2.29055e-011,8.76977e-009,0,0,0,7,0,7,1,0.11004,0.0005,0.11004,0,786,0
1.3,-1.35716e-010,8.52392e-009,0,0,0,7,0,7,1,0.11018,0.0005,0.11018,0,787,0
1.3,-4.16916e-010,8.40441e-009,0,0,0,7,0,7,1,0.11032,0.0005,0.11032,0,788,0
1.3,-4.48656e-010,8.35502e-009,0,0,0,7,0,7,1,0.11046,0.0005,0.11046,0,789,0
1.3,-3.725e-010,8.49431e-009,0,0,0,7,0,7,1,0.1106,0.0005,0.1106,0,790,0
1.3,2.22241e-011,8.89443e-009,0,0,0,7,0,7,1,0.11074,0.0005,0.11074,0,791,0
1.3,2.81829e-010,9.10012e-009,0,0,0,7,0,7,1,0.11088,0.0005,0.11088,0,792,0
1.3,2.99285e-010,9.17002e-009,0,0,0,7,0,7,1,0.11102,0.0005,0.11102,0,793,0
1.3,2.93687e-010,9.23407e-009,0,0,0,7,0,7,1,0.11116,0.0005,0.11116,0,794,0
1.3,3.13947e-010,9.32481e-009,0,0,0,7,0,7,1,0.1113,0.0005,0.1113,0,795,0
1.3,2.13463e-010,9.34294e-009,0,0,0,7,0,7,1,0.11144,0.0005,0.11144,0,796,0
1.3,1.02538e-010,9.34204e-009,0,0,0,7,0,7,1,0.11158,0.0005,0.11158,0,797,0
1.3,-1.70953e-011,9.32702e-009,0,0,0,7,0,7,1,0.11172,0.0005,0.11172,0,798,0
1.3,-1.41253e-010,9.34364e-009,0,0,0,7,0,7,1,0.11186,0.0005,0.11186,0,799,0
1.3,-2.76096e-010,9.6391e-009,0,0,0,7,0,7,1,0.112,0.0005,0.112,0,800,0
1.3,-3.453e-010,9.74487e-009,0,0,0,7,0,7,1,0.11214,0.0005,0.11214,0,801,0
1.3,-3.74577e-010,9.64439e-009,0,0,0,7,0,7,1,0.11228,0.0005,0.11228,0,802,0
1.3,-3.95718e-010,9.53643e-009,0,0,0,7,0,7,1,0.11242,0.0005,0.11242,0,803,0
1.3,-3.40119e-010,9.52009e-009,0,0,0,7,0,7,1,0.11256,0.0005,0.11256,0,804,0
1.3,-2.70625e-010,9.62663e-009,0,0,0,7,0,7,1,0.1127,0.0005,0.1127,0,805,0
1.3,-2.05169e-010,9.6325e-009,0,0,0,7,0,7,1,0.11284,0.0005,0.11284,0,806,0
1.3,-1.1378e-010,9.69867e-009,0,0,0,7,0,7,1,0.11298,0.0005,0.11298,0,807,0
1.3,1.36796e-010,9.40546e-009,0,0,0,7,0,7,1,0.11312,0.0005,0.11312,0,808,0
1.3,3.15307e-010,9.31144e-009,0,0,0,7,0,7,1,0.11326,0.0005,0.11326,0,809,0
1.3,3.62391e-010,9.22161e-009,0,0,0,7,0,7,1,0.1134,0.0005,0.1134,0,810,0
1.3,2.57658e-010,9.09416e-009,0,0,0,7,0,7,1,0.11354,0.0005,0.11354,0,811,0
1.3,1.34384e-010,9.05978e-009,0,0,0,7,0,7,1,0.11368,0.0005,0.11368,0,812,0
1.3,-1.6265e-011,9.0713e-009,0,0,0,7,0,7,1,0.11382,0.0005,0.11382,0,813,0
1.3,-1.63153e-010,9.02103e-009,0,0,0,7,0,7,1,0.11396,0.0005,0.11396,0,814,0
1.3,-2.3911e-010,8.69429e-009,0,0,0,7,0,7,1,0.1141,0.0005,0.1141,0,815,0
1.3,-2.78322e-010,8.54811e-009,0,0,0,7,0,7,1,0.11424,0.0005,0.11424,0,816,0
1.3,-2.00587e-010,8.35666e-009,0,0,0,7,0,7,1,0.11438,0.0005,0.11438,0,817,0
1.3,-1.49441e-010,8.42064e-009,0,0,0,7,0,7,1,0.11452,0.0005,0.11452,0,818,0
1.3,-6.30565e-012,8.33445e-009,0,0,0,7,0,7,1,0.11466,0.0005,0.11466,0,819,0
1.3,2.21637e-010,8.88698e-009,0,0,0,7,0,7,1,0.1148,0.0005,0.1148,0,820,0
1.3,3.75979e-010,9.26299e-009,0,0,0,7,0,7,1,0.11494,0.0005,0.11494,0,821,0
1.3,4.87645e-010,9.37957e-009,0,0,0,7,0,7,1,0.11508,0.0005,0.11508,0,822,0
1.3,4.84138e-010,9.36399e-009,0,0,0,7,0,7,1,0.11522,0.0005,0.11522,0,823,0
1.3,4.50407e-010,9.29712e-009,0,0,0,7,0,7,1,0.11536,0.0005,0.11536,0,824,0
1.3,2.6428e-010,9.08478e-009,0,0,0,7,0,7,1,0.1155,0.0005,0.1155,0,825,0
1.3,2.01446e-010,9.22843e-009,0,0,0,7,0,7,1,0.11564,0.0005,0.11564,0,826,0
1.3,2.43887e-010,9.28995e-009,0,0,0,7,0,7,1,0.11578,0.0005,0.11578,0,827,0
1.3,3.39032e-010,9.40519e-009,0,0,0,7,0,7,1,0.11592,0.0005,0.11592,0,828,0
1.3,4.75059e-010,9.65249e-009,0,0,0,7,0,7,1,0.11606,0.0005,0.11606,0,829,0
1.3,5.3552e-010,9.92156e-009,0,0,0,7,0,7,1,0.1162,0.0005,0.1162,0,830,0
1.3,3.37447e-010,1.01878e-008,0,0,0,7,0,7,1,0.11634,0.0005,0.11634,0,831,0
1.3,-3.96288e-011,1.0528e-008,0,0,0,7,0,7,1,0.11648,0.0005,0.11648,0,832,0
1.3,-3.26806e-010,1.08871e-008,0,0,0,7,0,7,1,0.11662,0.0005,0.11662,0,833,0
1.3,-3.59391e-010,1.10592e-008,0,0,0,7,0,7,1,0.11676,0.0005,0.11676,0,834,0
1.3,-5.74488e-010,1.10682e-008,0,0,0,7,0,7,1,0.1169,0.0005,0.1169,0,835,0
1.3,-4.96106e-010,1.10095e-008,0,0,0,7,0,7,1,0.11704,0.0005,0.11704,0,836,0
1.3,-2.94468e-010,1.10418e-008,0,0,0,7,0,7,1,0.11718,0.0005,0.11718,0,837,0
1.3,6.02971e-011,1.19063e-008,0,0,0,7,0,7,1,0.11732,0.0005,0.11732,0,838,0
1.3,-2.23148e-011,1.19943e-008,0,0,0,7,0,7,1,0.11746,0.0005,0.11746,0,839,0
1.3,-1.60852e-010,1.18494e-008,0,0,0,7,0,7,1,0.1176,0.0005,0.1176,0,840,0
1.3,-1.49574e-010,1.15743e-008,0,0,0,7,0,7,1,0.11774,0.0005,0.11774,0,841,0
1.3,-1.3134e-010,1.1314e-008,0,0,0,7,0,7,1,0.11788,0.0005,0.11788,0,842,0
1.3,-7.90147e-011,1.12274e-008,0,0,0,7,0,7,1,0.11802,0.0005,0.11802,0,843,0
1.3,-4.10297e-011,1.11408e-008,0,0,0,7,0,7,1,0.11816,0.0005,0.11816,0,844,0
1.3,-2.62646e-011,1.11144e-008,0,0,0,7,0,7,1,0.1183,0.0005,0.1183,0,845,0
1.3,-4.68855e-011,1.11161e-008,0,0,0,7,0,7,1,0.11844,0.0005,0.11844,0,846,0
1.3,-7.18135e-011,1.08889e-008,0,0,0,7,0,7,1,0.11858,0.0005,0.11858,0,847,0
1.3,-6.82571e-011,1.06705e-008,0,0,0,7,0,7,1,0.11872,0.0005,0.11872,0,848,0
1.3,-2.11836e-011,1.07369e-008,0,0,0,7,0,7,1,0.11886,0.0005,0.11886,0,849,0
1.3,1.221e-012,1.07723e-008,0,0,0,7,0,7,1,0.119,0.0005,0.119,0,850,0
1.3,2.23144e-011,1.08095e-008,0,0,0,7,0,7,1,0.11914,0.0005,0.11914,0,851,0
1.3,5.87966e-011,1.09371e-008,0,0,0,7,0,7,1,0.11928,0.0005,0.11928,0,852,0
1.3,9.87707e-011,1.10802e-008,0,0,0,7,0,7,1,0.11942,0.0005,0.11942,0,853,0
1.3,8.37474e-011,1.10221e-008,0,0,0,7,0,7,1,0.11956,0.0005,0.11956,0,854,0
1.3,6.92509e-011,1.10813e-008,0,0,0,7,0,7,1,0.1197,0.0005,0.1197,0,855,0
1.3,2.87331e-011,1.13452e-008,0,0,0,7,0,7,1,0.11984,0.0005,0.11984,0,856,0
1.3,-3.42067e-011,1.16968e-008,0,0,0,7,0,7,1,0.11998,0.0005,0.11998,0,857,0
1.3,-1.23928e-010,1.18759e-008,0,0,0,7,0,7,1,0.12012,0.0005,0.12012,0,858,0
1.3,-8.18945e-011,1.19328e-008,0,0,0,7,0,7,1,0.12026,0.0005,0.12026,0,859,0
1.3,1.29272e-011,1.19501e-008,0,0,0,7,0,7,1,0.1204,0.0005,0.1204,0,860,0
1.3,5.13668e-012,1.19643e-008,0,0,0,7,0,7,1,0.12054,0.0005,0.12054,0,861,0
1.3,-2.94908e-011,1.19851e-008,0,0,0,7,0,7,1,0.12068,0.0005,0.12068,0,862,0
1.3,-7.04647e-011,1.20079e-008,0,0,0,7,0,7,1,0.12082,0.0005,0.12082,0,863,0
1.3,-8.27649e-011,1.20066e-008,0,0,0,7,0,7,1,0.12096,0.0005,0.12096,0,864,0
1.3,-7.64292e-011,1.19923e-008,0,0,0,7,0,7,1,0.1211,0.0005,0.1211,0,865,0
1.3,-6.27152e-011,1.1951e-008,0,0,0,7,0,7,1,0.12124,0.0005,0.12124,0,866,0
1.3,-4.25226e-011,1.21354e-008,0,0,0,7,0,7,1,0.12138,0.0005,0.12138,0,867,0
1.3,-1.31997e-011,1.23089e-008,0,0,0,7,0,7,1,0.12152,0.0005,0.12152,0,868,0
1.3,-3.12184e-011,1.22879e-008,0,0,0,7,0,7,1,0.12166,0.0005,0.12166,0,869,0
1.3,-4.10012e-011,1.2296e-008,0,0,0,7,0,7,1,0.1218,0.0005,0.1218,0,870,0
1.3,-3.41172e-011,1.24506e-008,0,0,0,7,0,7,1,0.12194,0.0005,0.12194,0,871,0
1.3,-7.67743e-012,1.25254e-008,0,0,0,7,0,7,1,0.12208,0.0005,0.12208,0,872,0
1.3,3.9479e-011,1.25085e-008,0,0,0,7,0,7,1,0.12222,0.0005,0.12222,0,873,0
1.3,7.41769e-012,1.25425e-008,0,0,0,7,0,7,1,0.12236,0.0005,0.12236,0,874,0
1.3,-8.7116e-011,1.26343e-008,0,0,0,7,0,7,1,0.1225,0.0005,0.1225,0,875,0
1.3,-8.90067e-011,1.26595e-008,0,0,0,7,0,7,1,0.12264,0.0005,0.12264,0,876,0
1.3,-1.03617e-010,1.26632e-008,0,0,0,7,0,7,1,0.12278,0.0005,0.12278,0,877,0
1.3,-1.62994e-010,1.26599e-008,0,0,0,7,0,7,1,0.12292,0.0005,0.12292,0,878,0
1.3,-1.13583e-011,1.273e-008,0,0,0,7,0,7,1,0.12306,0.0005,0.12306,0,879,0
1.3,-2.34106e-011,1.26678e-008,0,0,0,7,0,7,1,0.1232,0.0005,0.1232,0,880,0
1.3,-7.24447e-011,1.25691e-008,0,0,0,7,0,7,1,0.12334,0.0005,0.12334,0,881,0
1.3,-6.05669e-011,1.24748e-008,0,0,0,7,0,7,1,0.12348,0.0005,0.12348,0,882,0
1.3,-6.05047e-011,1.23822e-008,0,0,0,7,0,7,1,0.12362,0.0005,0.12362,0,883,0
1.3,-7.12215e-011,1.22994e-008,0,0,0,7,0,7,1,0.12376,0.0005,0.12376,0,884,0
1.3,-1.68086e-011,1.22419e-008,0,0,0,7,0,7,1,0.1239,0.0005,0.1239,0,885,0
1.3,1.97843e-011,1.21239e-008,0,0,0,7,0,7,1,0.12404,0.0005,0.12404,0,886,0
1.3,4.98264e-011,1.21874e-008,0,0,0,7,0,7,1,0.12418,0.0005,0.12418,0,887,0
1.3,8.18076e-011,1.21855e-008,0,0,0,7,0,7,1,0.12432,0.0005,0.12432,0,888,0
1.3,3.48761e-011,1.21926e-008,0,0,0,7,0,7,1,0.12446,0.0005,0.12446,0,889,0
1.3,-9.19169e-012,1.2216e-008,0,0,0,7,0,7,1,0.1246,0.0005,0.1246,0,890,0
1.3,1.13667e-010,1.26168e-008,0,0,0,7,0,7,1,0.12474,0.0005,0.12474,0,891,0
1.3,5.13503e-011,1.27337e-008,0,0,0,7,0,7,1,0.12488,0.0005,0.12488,0,892,0
1.3,2.32124e-011,1.2881e-008,0,0,0,7,0,7,1,0.12502,0.0005,0.12502,0,893,0
1.3,-1.03533e-010,1.32224e-008,0,0,0,7,0,7,1,0.12516,0.0005,0.12516,0,894,0
1.3,-1.24218e-010,1.33958e-008,0,0,0,7,0,7,1,0.1253,0.0005,0.1253,0,895,0
1.3,-1.76912e-010,1.33767e-008,0,0,0,7,0,7,1,0.12544,0.0005,0.12544,0,896,0
1.3,-2.91287e-010,1.33914e-008,0,0,0,7,0,7,1,0.12558,0.0005,0.12558,0,897,0
1.3,-3.79331e-010,1.34201e-008,0,0,0,7,0,7,1,0.12572,0.0005,0.12572,0,898,0
1.3,-4.79823e-010,1.35581e-008,0,0,0,7,0,7,1,0.12586,0.0005,0.12586,0,899,0
1.3,-2.82305e-010,1.34349e-008,0,0,0,7,0,7,1,0.126,0.0005,0.126,0,900,0
1.3,6.79038e-011,1.33803e-008,0,0,0,7,0,7,1,0.12614,0.0005,0.12614,0,901,0
1.3,4.61094e-011,1.38493e-008,0,0,0,7,0,7,1,0.12628,0.0005,0.12628,0,902,0
1.3,8.59518e-011,1.42821e-008,0,0,0,7,0,7,1,0.12642,0.0005,0.12642,0,903,0
1.3,1.49055e-010,1.46277e-008,0,0,0,7,0,7,1,0.12656,0.0005,0.12656,0,904,0
1.3,2.088e-010,1.48737e-008,0,0,0,7,0,7,1,0.1267,0.0005,0.1267,0,905,0
1.3,2.63195e-010,1.50794e-008,0,0,0,7,0,7,1,0.12684,0.0005,0.12684,0,906,0
1.3,1.10694e-010,1.5343e-008,0,0,0,7,0,7,1,0.12698,0.0005,0.12698,0,907,0
1.3,-4.45384e-011,1.55496e-008,0,0,0,7,0,7,1,0.12712,0.0005,0.12712,0,908,0
1.3,-1.18225e-010,1.55468e-008,0,0,0,7,0,7,1,0.12726,0.0005,0.12726,0,909,0
1.3,-1.67018e-010,1.55659e-008,0,0,0,7,0,7,1,0.1274,0.0005,0.1274,0,910,0
1.3,-8.77039e-011,1.56992e-008,0,0,0,7,0,7,1,0.12754,0.0005,0.12754,0,911,0
1.3,3.95916e-011,1.58552e-008,0,0,0,7,0,7,1,0.12768,0.0005,0.12768,0,912,0
1.3,7.67456e-011,1.60416e-008,0,0,0,7,0,7,1,0.12782,0.0005,0.12782,0,913,0
1.3,4.79767e-011,1.62534e-008,0,0,0,7,0,7,1,0.12796,0.0005,0.12796,0,914,0
1.3,1.88952e-011,1.62234e-008,0,0,0,7,0,7,1,0.1281,0.0005,0.1281,0,915,0
1.3,-7.12344e-012,1.62143e-008,0,0,0,7,0,7,1,0.12824,0.0005,0.12824,0,916,0
1.3,-8.10189e-012,1.62749e-008,0,0,0,7,0,7,1,0.12838,0.0005,0.12838,0,917,0
1.3,9.44189e-011,1.64242e-008,0,0,0,7,0,7,1,0.12852,0.0005,0.12852,0,918,0
1.3,1.74499e-010,1.64785e-008,0,0,0,7,0,7,1,0.12866,0.0005,0.12866,0,919,0
1.3,1.10946e-010,1.65976e-008,0,0,0,7,0,7,1,0.1288,0.0005,0.1288,0,920,0
1.3,2.07139e-010,1.62798e-008,0,0,0,7,0,7,1,0.12894,0.0005,0.12894,0,921,0
1.3,3.74091e-010,1.56669e-008,0,0,0,7,0,7,1,0.12908,0.0005,0.12908,0,922,0
1.3,3.35611e-010,1.53857e-008,0,0,0,7,0,7,1,0.12922,0.0005,0.12922,0,923,0
1.3,1.85513e-010,1.54457e-008,0,0,0,7,0,7,1,0.12936,0.0005,0.12936,0,924,0
1.3,8.65618e-011,1.55639e-008,0,0,0,7,0,7,1,0.1295,0.0005,0.1295,0,925,0
1.3,1.96506e-012,1.57005e-008,0,0,0,7,0,7,1,0.12964,0.0005,0.12964,0,926,0
1.3,-1.41899e-011,1.61243e-008,0,0,0,7,0,7,1,0.12978,0.0005,0.12978,0,927,0
1.3,-3.84269e-011,1.69366e-008,0,0,0,7,0,7,1,0.12992,0.0005,0.12992,0,928,0
1.3,-1.21443e-010,1.66287e-008,0,0,0,7,0,7,1,0.13006,0.0005,0.13006,0,929,0
1.3,-1.92945e-010,1.61328e-008,0,0,0,7,0,7,1,0.1302,0.0005,0.1302,0,930,0
1.3,-1.07375e-010,1.58625e-008,0,0,0,7,0,7,1,0.13034,0.0005,0.13034,0,931,0
1.3,-4.24846e-011,1.6585e-008,0,0,0,7,0,7,1,0.13048,0.0005,0.13048,0,932,0
1.3,6.66198e-011,1.62471e-008,0,0,0,7,0,7,1,0.13062,0.0005,0.13062,0,933,0
1.3,3.49926e-011,1.61849e-008,0,0,0,7,0,7,1,0.13076,0.0005,0.13076,0,934,0
1.3,-3.08022e-011,1.61743e-008,0,0,0,7,0,7,1,0.1309,0.0005,0.1309,0,935,0
1.3,-1.50913e-010,1.60837e-008,0,0,0,7,0,7,1,0.13104,0.0005,0.13104,0,936,0
1.3,-2.0843e-010,1.60564e-008,0,0,0,7,0,7,1,0.13118,0.0005,0.13118,0,937,0
1.3,-2.60298e-010,1.60351e-008,0,0,0,7,0,7,1,0.13132,0.0005,0.13132,0,938,0
1.3,-3.13888e-010,1.59975e-008,0,0,0,7,0,7,1,0.13146,0.0005,0.13146,0,939,0
1.3,-2.73814e-010,1.59898e-008,0,0,0,7,0,7,1,0.1316,0.0005,0.1316,0,940,0
1.3,-2.20618e-010,1.57897e-008,0,0,0,7,0,7,1,0.13174,0.0005,0.13174,0,941,0
1.3,6.80689e-011,1.48615e-008,0,0,0,7,0,7,1,0.13188,0.0005,0.13188,0,942,0
1.3,2.61293e-010,1.43461e-008,0,0,0,7,0,7,1,0.13202,0.0005,0.13202,0,943,0
1.3,3.51897e-010,1.41602e-008,0,0,0,7,0,7,1,0.13216,0.0005,0.13216,0,944,0
1.3,-9.6751e-011,1.39632e-008,0,0,0,7,0,7,1,0.1323,0.0005,0.1323,0,945,0
1.3,-6.54389e-011,1.39358e-008,0,0,0,7,0,7,1,0.13244,0.0005,0.13244,0,946,0
1.3,3.14813e-011,1.39019e-008,0,0,0,7,0,7,1,0.13258,0.0005,0.13258,0,947,0
1.3,5.46973e-011,1.39459e-008,0,0,0,7,0,7,1,0.13272,0.0005,0.13272,0,948,0
1.3,1.91585e-010,1.39451e-008,0,0,0,7,0,7,1,0.13286,0.0005,0.13286,0,949,0
1.3,3.11421e-010,1.36242e-008,0,0,0,7,0,7,1,0.133,0.0005,0.133,0,950,0
1.3,2.80106e-010,1.33672e-008,0,0,0,7,0,7,1,0.13314,0.0005,0.13314,0,951,0
1.3,1.05545e-010,1.33459e-008,0,0,0,7,0,7,1,0.13328,0.0005,0.13328,0,952,0
1.3,-1.61251e-011,1.33289e-008,0,0,0,7,0,7,1,0.13342,0.0005,0.13342,0,953,0
1.3,-9.10292e-011,1.33017e-008,0,0,0,7,0,7,1,0.13356,0.0005,0.13356,0,954,0
1.3,-8.78612e-011,1.32433e-008,0,0,0,7,0,7,1,0.1337,0.0005,0.1337,0,955,0
1.3,-1.31297e-010,1.32026e-008,0,0,0,7,0,7,1,0.13384,0.0005,0.13384,0,956,0
1.3,-1.4002e-010,1.31813e-008,0,0,0,7,0,7,1,0.13398,0.0005,0.13398,0,957,0
1.3,-1.39638e-010,1.31867e-008,0,0,0,7,0,7,1,0.13412,0.0005,0.13412,0,958,0
1.3,-1.2497e-010,1.32198e-008,0,0,0,7,0,7,1,0.13426,0.0005,0.13426,0,959,0
1.3,-1.34728e-010,1.3101e-008,0,0,0,7,0,7,1,0.1344,0.0005,0.1344,0,960,0
1.3,-1.61482e-010,1.30769e-008,0,0,0,7,0,7,1,0.13454,0.0005,0.13454,0,961,0
1.3,-2.57967e-010,1.30292e-008,0,0,0,7,0,7,1,0.13468,0.0005,0.13468,0,962,0
1.3,-3.17278e-010,1.29844e-008,0,0,0,7,0,7,1,0.13482,0.0005,0.13482,0,963,0
1.3,-2.09821e-010,1.29631e-008,0,0,0,7,0,7,1,0.13496,0.0005,0.13496,0,964,0
1.3,-1.35021e-010,1.29431e-008,0,0,0,7,0,7,1,0.1351,0.0005,0.1351,0,965,0
1.3,-2.20133e-010,1.29405e-008,0,0,0,7,0,7,1,0.13524,0.0005,0.13524,0,966,0
1.3,-2.44244e-010,1.29111e-008,0,0,0,7,0,7,1,0.13538,0.0005,0.13538,0,967,0
1.3,-2.16716e-010,1.29043e-008,0,0,0,7,0,7,1,0.13552,0.0005,0.13552,0,968,0
1.3,-2.1959e-010,1.32248e-008,0,0,0,7,0,7,1,0.13566,0.0005,0.13566,0,969,0
1.3,1.19028e-009,1.1972e-008,0,0,0,7,0,7,1,0.1358,0.0005,0.1358,0,970,0
1.3,1.21583e-009,1.11958e-008,0,0,0,7,0,7,1,0.13594,0.0005,0.13594,0,971,0
1.3,5.49539e-010,1.11002e-008,0,0,0,7,0,7,1,0.13608,0.0005,0.13608,0,972,0
1.3,4.24347e-010,1.09386e-008,0,0,0,7,0,7,1,0.13622,0.0005,0.13622,0,973,0
1.3,3.12257e-010,1.14133e-008,0,0,0,7,0,7,1,0.13636,0.0005,0.13636,0,974,0
1.3,5.9725e-011,1.1283e-008,0,0,0,7,0,7,1,0.1365,0.0005,0.1365,0,975,0
1.3,-1.42737e-010,1.04403e-008,0,0,0,7,0,7,1,0.13664,0.0005,0.13664,0,976,0
1.3,-1.728e-010,1.04603e-008,0,0,0,7,0,7,1,0.13678,0.0005,0.13678,0,977,0
1.3,-1.9503e-010,1.04292e-008,0,0,0,7,0,7,1,0.13692,0.0005,0.13692,0,978,0
1.3,-1.84623e-010,1.03835e-008,0,0,0,7,0,7,1,0.13706,0.0005,0.13706,0,979,0
1.3,-1.25449e-010,1.03866e-008,0,0,0,7,0,7,1,0.1372,0.0005,0.1372,0,980,0
1.3,-7.87731e-011,1.03286e-008,0,0,0,7,0,7,1,0.13734,0.0005,0.13734,0,981,0
1.3,-1.72792e-011,1.03509e-008,0,0,0,7,0,7,1,0.13748,0.0005,0.13748,0,982,0
1.3,-9.8292e-012,1.04646e-008,0,0,0,7,0,7,1,0.13762,0.0005,0.13762,0,983,0
1.3,-4.53277e-012,1.05563e-008,0,0,0,7,0,7,1,0.13776,0.0005,0.13776,0,984,0
1.3,-2.42978e-012,1.05741e-008,0,0,0,7,0,7,1,0.1379,0.0005,0.1379,0,985,0
1.3,3.24319e-011,1.04224e-008,0,0,0,7,0,7,1,0.13804,0.0005,0.13804,0,986,0
1.3,9.41453e-011,1.03311e-008,0,0,0,7,0,7,1,0.13818,0.0005,0.13818,0,987,0
1.3,1.07536e-010,1.03134e-008,0,0,0,7,0,7,1,0.13832,0.0005,0.13832,0,988,0
1.3,4.49604e-011,1.03398e-008,0,0,0,7,0,7,1,0.13846,0.0005,0.13846,0,989,0
1.3,-3.08677e-011,1.03567e-008,0,0,0,7,0,7,1,0.1386,0.0005,0.1386,0,990,0
1.3,-1.07527e-010,1.03635e-008,0,0,0,7,0,7,1,0.13874,0.0005,0.13874,0,991,0
1.3,-1.49144e-010,1.03553e-008,0,0,0,7,0,7,1,0.13888,0.0005,0.13888,0,992,0
1.3,-1.18956e-010,1.03554e-008,0,0,0,7,0,7,1,0.13902,0.0005,0.13902,0,993,0
1.3,-1.00429e-010,1.03432e-008,0,0,0,7,0,7,1,0.13916,0.0005,0.13916,0,994,0
1.3,-7.43289e-011,1.05387e-008,0,0,0,7,0,7,1,0.1393,0.0005,0.1393,0,995,0
1.3,-6.41805e-012,1.07106e-008,0,0,0,7,0,7,1,0.13944,0.0005,0.13944,0,996,0
1.3,1.15017e-010,1.07598e-008,0,0,0,7,0,7,1,0.13958,0.0005,0.13958,0,997,0
1.3,4.16212e-011,1.1211e-008,0,0,0,7,0,7,1,0.13972,0.0005,0.13972,0,998,0
1.3,-1.64474e-011,1.15565e-008,0,0,0,7,0,7,1,0.13986,0.0005,0.13986,0,999,0
1.3,-2.23974e-011,1.15633e-008,0,0,0,7,0,7,1,0.14,0.0005,0.14,0,1000,0
