TemperatureC,Vitesse0,Vitesse1,Vitesse2,FractionLiq,Concentration_carbon,Concentration_chromium,FractionBCC,FractionFCC,FractionM7C3,FractionCementite,vtkValidPointMask,arc_length,Points0,Points1,Points2,vtkOriginalIndices,__vtkIsSelected__
101.668,1.25741e-032,1.47338e-033,-1.28855e-032,0,1.98831,30.0805,0.71673,0.0051636,0,0.278106,1,0,-4.49829e-007,5.49946e-007,0,0,0
101.766,5.44788e-018,1.16459e-018,1.47815e-017,0,1.98563,30.0545,0.71709,0.00517671,0,0.277732,1,0.00015,-4.49829e-007,5.49946e-007,0.00015,1,0
101.863,5.93046e-018,8.89196e-018,7.2137e-017,0,1.98339,30.035,0.717392,0.00518843,0,0.277419,1,0.0003,-4.49829e-007,5.49946e-007,0.0003,2,1
101.961,6.41305e-018,1.66193e-017,1.29493e-016,0,1.98115,30.0155,0.717694,0.00520016,0,0.277106,1,0.00045,-4.49829e-007,5.49946e-007,0.00045,3,0
102.058,6.89563e-018,2.43467e-017,1.86848e-016,0,1.97891,29.996,0.717995,0.00521188,0,0.276792,1,0.0006,-4.49829e-007,5.49946e-007,0.0006,4,0
102.156,7.37822e-018,3.20741e-017,2.44204e-016,0,1.97668,29.9765,0.718297,0.0052236,0,0.276479,1,0.00075,-4.49829e-007,5.49946e-007,0.00075,5,0
102.254,6.55823e-018,3.94831e-017,2.96617e-016,0,1.97425,29.9545,0.718625,0.00523391,0,0.276141,1,0.0009,-4.49829e-007,5.49946e-007,0.0009,6,0
102.351,4.87655e-018,4.66814e-017,3.45761e-016,0,1.97171,29.9308,0.718971,0.00524329,0,0.275785,1,0.00105,-4.49829e-007,5.49946e-007,0.00105,7,0
102.449,3.28655e-018,5.36767e-017,3.92655e-016,0,1.96911,29.9062,0.719326,0.00525206,0,0.275421,1,0.0012,-4.49829e-007,5.49946e-007,0.0012,8,0
102.546,2.07945e-018,5.98242e-017,4.30148e-016,0,1.96626,29.8781,0.719719,0.00525835,0,0.275023,1,0.00135,-4.49829e-007,5.49946e-007,0.00135,9,0
102.644,1.41507e-017,5.48594e-017,4.91601e-016,0,1.96499,29.87,0.719895,0.00526042,0,0.274844,1,0.0015,-4.49829e-007,5.49946e-007,0.0015,10,0
102.739,-1.822e-017,6.11064e-017,3.27755e-016,0,1.96416,29.8678,0.720023,0.00524827,0,0.274729,1,0.00165,-4.49829e-007,5.49946e-007,0.00165,11,0
102.835,-4.36924e-017,4.77936e-017,1.852e-016,0,1.96316,29.8625,0.720179,0.00523061,0,0.27459,1,0.0018,-4.49829e-007,5.49946e-007,0.0018,12,0
102.93,-6.91648e-017,3.44808e-017,4.26443e-017,0,1.96217,29.8573,0.720336,0.00521294,0,0.274451,1,0.00195,-4.49829e-007,5.49946e-007,0.00195,13,0
103.026,-9.46373e-017,2.11681e-017,-9.99113e-017,0,1.96117,29.852,0.720493,0.00519528,0,0.274311,1,0.0021,-4.49829e-007,5.49946e-007,0.0021,14,0
103.122,-1.2011e-016,7.8553e-018,-2.42467e-016,0,1.96018,29.8468,0.72065,0.00517761,0,0.274172,1,0.00225,-4.49829e-007,5.49946e-007,0.00225,15,0
103.217,-1.13686e-016,-1.1794e-017,-2.69995e-016,0,1.95897,29.8382,0.720838,0.00515956,0,0.274003,1,0.0024,-4.49829e-007,5.49946e-007,0.0024,16,0
103.311,-8.04566e-017,-3.30968e-017,-1.9753e-016,0,1.95774,29.8285,0.721034,0.00513572,0,0.273831,1,0.00255,-4.49829e-007,5.49946e-007,0.00255,17,0
103.405,-4.47793e-017,-4.08646e-017,-1.03549e-016,0,1.95709,29.8242,0.721169,0.00509095,0,0.27374,1,0.0027,-4.49829e-007,5.49946e-007,0.0027,18,0
103.499,-9.102e-018,-4.86324e-017,-9.5675e-018,0,1.95644,29.8199,0.721305,0.00504618,0,0.273649,1,0.00285,-4.49829e-007,5.49946e-007,0.00285,19,0
103.593,2.65753e-017,-5.64002e-017,8.44138e-017,0,1.95579,29.8156,0.72144,0.00500141,0,0.273558,1,0.003,-4.49829e-007,5.49946e-007,0.003,20,0
103.687,6.22527e-017,-6.4168e-017,1.78395e-016,0,1.95514,29.8113,0.721576,0.00495664,0,0.273467,1,0.00315,-4.49829e-007,5.49946e-007,0.00315,21,0
103.781,9.07738e-017,-6.34783e-017,2.57966e-016,0,1.95472,29.8087,0.721692,0.00489994,0,0.273408,1,0.0033,-4.49829e-007,5.49946e-007,0.0033,22,0
103.874,8.30521e-017,-4.33752e-017,2.52965e-016,0,1.95505,29.8117,0.721738,0.00480699,0,0.273455,1,0.00345,-4.49829e-007,5.49946e-007,0.00345,23,0
103.967,5.19992e-017,-3.62736e-017,1.80905e-016,0,1.95546,29.816,0.721771,0.00471708,0,0.273511,1,0.0036,-4.49829e-007,5.49946e-007,0.0036,24,0
104.059,4.72014e-017,-2.27455e-017,1.01537e-016,0,1.95595,29.8215,0.721794,0.00462525,0,0.27358,1,0.00375,-4.49829e-007,5.49946e-007,0.00375,25,0
104.152,5.15509e-017,-7.74162e-018,1.85985e-017,0,1.95644,29.827,0.721817,0.00453366,0,0.273649,1,0.0039,-4.49829e-007,5.49946e-007,0.0039,26,0
104.244,4.2137e-017,-2.84835e-018,-6.95517e-017,0,1.95657,29.8287,0.721881,0.00445118,0,0.273668,1,0.00405,-4.49829e-007,5.49946e-007,0.00405,27,0
104.336,3.2723e-017,2.04492e-018,-1.57702e-016,0,1.95671,29.8303,0.721944,0.00436869,0,0.273687,1,0.0042,-4.49829e-007,5.49946e-007,0.0042,28,0
104.427,3.20117e-017,1.15708e-017,-1.89979e-016,0,1.95703,29.8328,0.721995,0.00427259,0,0.273732,1,0.00435,-4.49829e-007,5.49946e-007,0.00435,29,0
104.519,3.46612e-017,2.28857e-017,-2.0068e-016,0,1.95742,29.8357,0.722042,0.00417123,0,0.273787,1,0.0045,-4.49829e-007,5.49946e-007,0.0045,30,0
104.61,3.65448e-017,3.44918e-017,-2.0904e-016,0,1.95778,29.8382,0.722091,0.00407168,0,0.273837,1,0.00465,-4.49829e-007,5.49946e-007,0.00465,31,0
104.701,1.48656e-017,4.5034e-017,-1.39229e-016,0,1.95681,29.8298,0.72226,0.00403925,0,0.273701,1,0.0048,-4.49829e-007,5.49946e-007,0.0048,32,0
104.792,-5.33999e-018,3.72376e-017,-6.29835e-017,0,1.9555,29.8185,0.722458,0.00402309,0,0.273518,1,0.00495,-4.49829e-007,5.49946e-007,0.00495,33,0
104.882,-2.55456e-017,2.94412e-017,1.32624e-017,0,1.9542,29.8073,0.722656,0.00400692,0,0.273336,1,0.0051,-4.49829e-007,5.49946e-007,0.0051,34,0
104.972,-4.12326e-017,1.78348e-017,5.49511e-017,0,1.9531,29.7992,0.722822,0.00399537,0,0.273182,1,0.00525,-4.49829e-007,5.49946e-007,0.00525,35,0
105.062,-5.1946e-017,2.03489e-018,5.86022e-017,0,1.95222,29.7944,0.722951,0.00398891,0,0.27306,1,0.0054,-4.49829e-007,5.49946e-007,0.0054,36,0
105.152,-6.26595e-017,-1.37651e-017,6.22534e-017,0,1.95135,29.7897,0.72308,0.00398245,0,0.272937,1,0.00555,-4.49829e-007,5.49946e-007,0.00555,37,0
105.241,-4.60564e-017,-1.64022e-017,6.31674e-017,0,1.95061,29.7882,0.723176,0.00399045,0,0.272833,1,0.0057,-4.49829e-007,5.49946e-007,0.0057,38,0
105.33,-2.18129e-017,-1.53576e-017,6.3316e-017,0,1.9499,29.7877,0.723262,0.0040025,0,0.272735,1,0.00585,-4.49829e-007,5.49946e-007,0.00585,39,0
105.419,-4.29204e-018,-1.87839e-017,4.02977e-017,0,1.94926,29.7877,0.723343,0.00401162,0,0.272645,1,0.006,-4.49829e-007,5.49946e-007,0.006,40,0
105.509,-8.18211e-018,-3.64496e-017,-5.6506e-017,0,1.94881,29.7893,0.723406,0.00401146,0,0.272582,1,0.00615,-4.49829e-007,5.49946e-007,0.00615,41,0
105.597,-2.83258e-018,-3.58681e-017,-1.14783e-016,0,1.94801,29.7881,0.723504,0.00402662,0,0.27247,1,0.0063,-4.49829e-007,5.49946e-007,0.0063,42,0
105.685,1.23164e-017,-1.59337e-017,-1.32199e-016,0,1.94682,29.7841,0.723638,0.00405804,0,0.272304,1,0.00645,-4.49829e-007,5.49946e-007,0.00645,43,0
105.774,2.74655e-017,4.00076e-018,-1.49615e-016,0,1.94564,29.78,0.723772,0.00408946,0,0.272138,1,0.0066,-4.49829e-007,5.49946e-007,0.0066,44,0
105.861,2.59811e-017,2.41296e-017,-1.29421e-016,0,1.94484,29.7778,0.723881,0.0040913,0,0.272027,1,0.00675,-4.49829e-007,5.49946e-007,0.00675,45,0
105.949,1.63999e-017,4.43533e-017,-9.09195e-017,0,1.94424,29.7765,0.723978,0.00407876,0,0.271943,1,0.0069,-4.49829e-007,5.49946e-007,0.0069,46,0
106.036,6.81863e-018,6.45768e-017,-5.24182e-017,0,1.94364,29.7752,0.724075,0.00406621,0,0.271858,1,0.00705,-4.49829e-007,5.49946e-007,0.00705,47,0
106.123,-2.76263e-018,8.48004e-017,-1.39168e-017,0,1.94303,29.7738,0.724171,0.00405366,0,0.271774,1,0.0072,-4.49829e-007,5.49946e-007,0.0072,48,0
106.21,-2.61175e-017,9.47225e-017,4.68545e-018,0,1.94232,29.7703,0.724289,0.00403595,0,0.271674,1,0.00735,-4.49829e-007,5.49946e-007,0.00735,49,0
106.297,-6.75694e-017,9.49882e-017,4.13894e-017,0,1.94183,29.7683,0.72439,0.00400299,0,0.271606,1,0.0075,-4.49829e-007,5.49946e-007,0.0075,50,0
106.384,-8.99543e-017,9.29499e-017,7.2322e-017,0,1.94135,29.7651,0.7245,0.00395998,0,0.271539,1,0.00765,-4.49829e-007,5.49946e-007,0.00765,51,0
106.469,-3.74018e-017,9.51917e-017,7.9233e-017,0,1.94139,29.7639,0.724576,0.00387963,0,0.271544,1,0.0078,-4.49829e-007,5.49946e-007,0.0078,52,0
106.555,7.41885e-018,9.29801e-017,8.30275e-017,0,1.94132,29.7615,0.724665,0.00380068,0,0.271534,1,0.00795,-4.49829e-007,5.49946e-007,0.00795,53,0
106.64,1.73407e-017,7.06679e-017,7.27558e-017,0,1.94079,29.7539,0.724812,0.00372805,0,0.27146,1,0.0081,-4.49829e-007,5.49946e-007,0.0081,54,0
106.726,2.72625e-017,4.83557e-017,6.2484e-017,0,1.94026,29.7463,0.724958,0.00365543,0,0.271386,1,0.00825,-4.49829e-007,5.49946e-007,0.00825,55,0
106.811,3.00282e-017,2.65798e-017,4.1396e-017,0,1.93991,29.7401,0.725086,0.00357739,0,0.271337,1,0.0084,-4.49829e-007,5.49946e-007,0.0084,56,0
106.896,1.85502e-017,1.02876e-017,-5.76279e-019,0,1.94011,29.7388,0.725151,0.00348446,0,0.271364,1,0.00855,-4.49829e-007,5.49946e-007,0.00855,57,0
106.981,4.36066e-017,2.01442e-017,1.68823e-017,0,1.94076,29.7429,0.725152,0.00339232,0,0.271456,1,0.0087,-4.49829e-007,5.49946e-007,0.0087,58,0
107.065,2.53993e-017,2.8204e-017,1.88509e-017,0,1.94185,29.7527,0.725096,0.00329575,0,0.271609,1,0.00885,-4.49829e-007,5.49946e-007,0.00885,59,0
107.149,-8.44703e-018,3.56142e-017,1.52202e-017,0,1.94311,29.7646,0.725018,0.00319759,0,0.271785,1,0.009,-4.49829e-007,5.49946e-007,0.009,60,0
107.233,-4.22934e-017,4.30245e-017,1.15895e-017,0,1.94437,29.7765,0.72494,0.00309943,0,0.271961,1,0.00915,-4.49829e-007,5.49946e-007,0.00915,61,0
107.317,-8.45857e-017,2.50205e-017,-2.00787e-018,0,1.94452,29.7749,0.725006,0.00301212,0,0.271982,1,0.0093,-4.49829e-007,5.49946e-007,0.0093,62,0
107.401,-1.06524e-016,3.70663e-017,-1.75551e-017,0,1.94473,29.7755,0.725055,0.00293368,0,0.272012,1,0.00945,-4.49829e-007,5.49946e-007,0.00945,63,0
107.484,-9.82468e-017,9.39672e-017,-3.57924e-017,0,1.94504,29.7796,0.725077,0.00286812,0,0.272055,1,0.0096,-4.49829e-007,5.49946e-007,0.0096,64,0
107.567,-8.99693e-017,1.50868e-016,-5.40297e-017,0,1.94535,29.7837,0.725099,0.00280255,0,0.272098,1,0.00975,-4.49829e-007,5.49946e-007,0.00975,65,0
107.649,-8.16917e-017,2.07769e-016,-7.2267e-017,0,1.94566,29.7878,0.725121,0.00273698,0,0.272142,1,0.0099,-4.49829e-007,5.49946e-007,0.0099,66,0
107.732,-6.94173e-017,2.44245e-016,-8.42794e-017,0,1.9459,29.791,0.725153,0.0026718,0,0.272176,1,0.01005,-4.49829e-007,5.49946e-007,0.01005,67,0
107.815,-3.97732e-017,2.25018e-016,-8.12588e-017,0,1.94581,29.7895,0.725229,0.00260891,0,0.272162,1,0.0102,-4.49829e-007,5.49946e-007,0.0102,68,0
107.898,-4.37216e-018,2.07044e-016,-8.24967e-017,0,1.9455,29.7853,0.725331,0.00254918,0,0.272119,1,0.01035,-4.49829e-007,5.49946e-007,0.01035,69,0
107.979,-7.41909e-018,1.76658e-016,-4.91278e-017,0,1.94508,29.7833,0.725428,0.00251212,0,0.27206,1,0.0105,-4.49829e-007,5.49946e-007,0.0105,70,0
108.06,-7.84848e-018,1.58866e-016,2.28975e-017,0,1.94417,29.7757,0.725582,0.00248565,0,0.271932,1,0.01065,-4.49829e-007,5.49946e-007,0.01065,71,0
108.141,-8.27787e-018,1.41074e-016,9.49229e-017,0,1.94325,29.7682,0.725736,0.00245917,0,0.271805,1,0.0108,-4.49829e-007,5.49946e-007,0.0108,72,0
108.222,-2.20742e-018,1.12243e-016,1.65405e-016,0,1.94225,29.759,0.725905,0.00242926,0,0.271665,1,0.01095,-4.49829e-007,5.49946e-007,0.01095,73,0
108.303,2.02578e-017,5.43317e-017,2.29947e-016,0,1.94106,29.7459,0.726111,0.00239061,0,0.271498,1,0.0111,-4.49829e-007,5.49946e-007,0.0111,74,0
108.384,3.69199e-017,-2.75047e-018,2.80902e-016,0,1.94006,29.7361,0.726287,0.00235455,0,0.271358,1,0.01125,-4.49829e-007,5.49946e-007,0.01125,75,0
108.465,5.35819e-017,-5.98327e-017,3.31857e-016,0,1.93907,29.7262,0.726462,0.00231848,0,0.271219,1,0.0114,-4.49829e-007,5.49946e-007,0.0114,76,0
108.546,3.93961e-017,-9.42575e-017,3.57016e-016,0,1.93914,29.7321,0.726483,0.00228709,0,0.27123,1,0.01155,-4.49829e-007,5.49946e-007,0.01155,77,0
108.626,8.69016e-018,-8.65209e-017,2.92895e-016,0,1.9402,29.7504,0.726375,0.00224644,0,0.271378,1,0.0117,-4.49829e-007,5.49946e-007,0.0117,78,0
108.705,1.42256e-017,-7.26452e-017,1.76752e-016,0,1.94045,29.7543,0.726399,0.00218747,0,0.271412,1,0.01185,-4.49829e-007,5.49946e-007,0.01185,79,0
108.784,1.9761e-017,-5.87695e-017,6.0609e-017,0,1.9407,29.7582,0.726424,0.0021285,0,0.271447,1,0.012,-4.49829e-007,5.49946e-007,0.012,80,0
108.864,2.52964e-017,-4.48937e-017,-5.5535e-017,0,1.94094,29.7622,0.726449,0.00206954,0,0.271481,1,0.01215,-4.49829e-007,5.49946e-007,0.01215,81,0
108.943,3.08319e-017,-3.1018e-017,-1.71678e-016,0,1.94119,29.7661,0.726473,0.00201057,0,0.271516,1,0.0123,-4.49829e-007,5.49946e-007,0.0123,82,0
109.022,1.49476e-017,-2.84591e-017,-2.06533e-016,0,1.94045,29.7601,0.726613,0.00197456,0,0.271412,1,0.01245,-4.49829e-007,5.49946e-007,0.01245,83,0
109.101,-1.09381e-018,-3.63564e-017,-2.07396e-016,0,1.93993,29.7565,0.726726,0.00193487,0,0.271339,1,0.0126,-4.49829e-007,5.49946e-007,0.0126,84,0
109.179,-1.9182e-017,-4.00763e-017,-1.67275e-016,0,1.94036,29.7611,0.726733,0.00186623,0,0.2714,1,0.01275,-4.49829e-007,5.49946e-007,0.01275,85,0
109.256,-2.64482e-017,-8.27425e-018,-1.57704e-016,0,1.94065,29.7631,0.726765,0.00179451,0,0.27144,1,0.0129,-4.49829e-007,5.49946e-007,0.0129,86,0
109.334,-2.8824e-017,2.65742e-017,-1.14402e-016,0,1.94057,29.7597,0.726847,0.00172376,0,0.271429,1,0.01305,-4.49829e-007,5.49946e-007,0.01305,87,0
109.412,-2.94769e-017,6.2496e-017,-5.92163e-017,0,1.94037,29.7545,0.726945,0.00165335,0,0.271401,1,0.0132,-4.49829e-007,5.49946e-007,0.0132,88,0
109.489,-2.51732e-017,9.39093e-017,2.51196e-019,0,1.94022,29.7498,0.727038,0.00158127,0,0.271381,1,0.01335,-4.49829e-007,5.49946e-007,0.01335,89,0
109.567,-1.96983e-017,1.24257e-016,6.07306e-017,0,1.94009,29.7452,0.727129,0.00150878,0,0.271362,1,0.0135,-4.49829e-007,5.49946e-007,0.0135,90,0
109.645,-1.48907e-017,1.49093e-016,1.07837e-016,0,1.94005,29.7417,0.727208,0.00143515,0,0.271357,1,0.01365,-4.49829e-007,5.49946e-007,0.01365,91,0
109.721,-2.15797e-017,1.10034e-016,3.97218e-017,0,1.94087,29.7482,0.727177,0.00135098,0,0.271472,1,0.0138,-4.49829e-007,5.49946e-007,0.0138,92,0
109.798,-4.1565e-017,3.2696e-017,-2.96189e-017,0,1.94182,29.7557,0.727131,0.00126525,0,0.271604,1,0.01395,-4.49829e-007,5.49946e-007,0.01395,93,0
109.874,-4.05208e-017,1.27495e-017,-6.69268e-017,0,1.94272,29.7642,0.727073,0.0011965,0,0.271731,1,0.0141,-4.49829e-007,5.49946e-007,0.0141,94,0
109.95,-1.56531e-017,5.78198e-017,-6.79463e-017,0,1.94358,29.774,0.727002,0.00114701,0,0.271851,1,0.01425,-4.49829e-007,5.49946e-007,0.01425,95,0
110.025,9.21452e-018,1.0289e-016,-6.89659e-017,0,1.94444,29.7838,0.726931,0.00109751,0,0.271972,1,0.0144,-4.49829e-007,5.49946e-007,0.0144,96,0
110.101,4.78895e-017,8.06779e-017,-6.95898e-017,0,1.94441,29.7804,0.72699,0.00104374,0,0.271966,1,0.01455,-4.49829e-007,5.49946e-007,0.01455,97,0
110.177,8.67097e-017,5.77583e-017,-7.02096e-017,0,1.94436,29.7768,0.727051,0.000989933,0,0.27196,1,0.0147,-4.49829e-007,5.49946e-007,0.0147,98,0
110.253,9.39319e-017,6.19976e-017,-4.14032e-017,0,1.94449,29.7766,0.727072,0.000950825,0,0.271978,1,0.01485,-4.49829e-007,5.49946e-007,0.01485,99,0
110.328,7.9538e-017,7.69899e-017,-5.92657e-018,0,1.94472,29.779,0.727065,0.00092456,0,0.27201,1,0.015,-4.49829e-007,5.49946e-007,0.015,100,0
110.403,6.4818e-017,6.1156e-017,-2.36448e-017,0,1.94491,29.7824,0.727055,0.000909513,0,0.272036,1,0.01515,-4.49829e-007,5.49946e-007,0.01515,101,0
110.478,4.05286e-017,6.14434e-017,-1.34982e-017,0,1.94458,29.7799,0.727104,0.000905438,0,0.271991,1,0.0153,-4.49829e-007,5.49946e-007,0.0153,102,0
110.552,3.86505e-018,8.25775e-017,3.26809e-017,0,1.94361,29.7695,0.72723,0.000915552,0,0.271855,1,0.01545,-4.49829e-007,5.49946e-007,0.01545,103,0
110.627,-3.27985e-017,1.03712e-016,7.88599e-017,0,1.94264,29.7591,0.727356,0.000925666,0,0.271718,1,0.0156,-4.49829e-007,5.49946e-007,0.0156,104,0
110.701,-4.01639e-017,1.09956e-016,1.13582e-016,0,1.94107,29.7419,0.727561,0.000940791,0,0.271498,1,0.01575,-4.49829e-007,5.49946e-007,0.01575,105,0
110.775,-3.04492e-017,1.0192e-016,1.34209e-016,0,1.93938,29.7238,0.727781,0.000956615,0,0.271263,1,0.0159,-4.49829e-007,5.49946e-007,0.0159,106,0
110.849,5.7921e-018,5.25033e-017,1.06909e-016,0,1.93836,29.7149,0.727915,0.000965805,0,0.27112,1,0.01605,-4.49829e-007,5.49946e-007,0.01605,107,0
110.923,-1.0629e-017,5.51968e-017,6.57083e-017,0,1.9388,29.7262,0.727854,0.00096511,0,0.271181,1,0.0162,-4.49829e-007,5.49946e-007,0.0162,108,0
110.996,-2.70501e-017,5.78902e-017,2.45079e-017,0,1.93924,29.7376,0.727793,0.000964416,0,0.271243,1,0.01635,-4.49829e-007,5.49946e-007,0.01635,109,0
111.069,-2.73989e-017,4.60262e-017,-3.06432e-018,0,1.93929,29.7422,0.72779,0.000960576,0,0.27125,1,0.0165,-4.49829e-007,5.49946e-007,0.0165,110,0
111.142,-2.01896e-017,2.73163e-017,-2.42285e-017,0,1.93915,29.7436,0.727814,0.000955256,0,0.27123,1,0.01665,-4.49829e-007,5.49946e-007,0.01665,111,0
111.215,-1.29803e-017,8.60647e-018,-4.53926e-017,0,1.93901,29.7451,0.727839,0.000949937,0,0.271211,1,0.0168,-4.49829e-007,5.49946e-007,0.0168,112,0
111.288,-1.77303e-017,9.63465e-018,-1.81711e-017,0,1.93894,29.747,0.727857,0.000941459,0,0.271202,1,0.01695,-4.49829e-007,5.49946e-007,0.01695,113,0
111.36,-2.25979e-017,1.71922e-017,2.74762e-017,0,1.939,29.7501,0.727862,0.000927769,0,0.27121,1,0.0171,-4.49829e-007,5.49946e-007,0.0171,114,0
111.433,-2.74656e-017,2.47498e-017,7.31235e-017,0,1.93906,29.7533,0.727868,0.000914079,0,0.271218,1,0.01725,-4.49829e-007,5.49946e-007,0.01725,115,0
111.505,-3.23331e-017,3.23073e-017,1.1877e-016,0,1.93912,29.7564,0.727873,0.000900389,0,0.271227,1,0.0174,-4.49829e-007,5.49946e-007,0.0174,116,0
111.577,-4.302e-017,3.7007e-017,1.48463e-016,0,1.93918,29.7588,0.72788,0.000885177,0,0.271235,1,0.01755,-4.49829e-007,5.49946e-007,0.01755,117,0
111.649,-6.05644e-017,3.60462e-017,1.4889e-016,0,1.93925,29.7599,0.727888,0.000866672,0,0.271246,1,0.0177,-4.49829e-007,5.49946e-007,0.0177,118,0
111.72,-3.89403e-017,1.78544e-017,9.02307e-017,0,1.93959,29.7595,0.727872,0.000834546,0,0.271294,1,0.01785,-4.49829e-007,5.49946e-007,0.01785,119,0
111.792,-1.73159e-017,-3.37694e-019,3.15711e-017,0,1.93993,29.7591,0.727857,0.00080242,0,0.271341,1,0.018,-4.49829e-007,5.49946e-007,0.018,120,0
111.863,4.78062e-017,-3.298e-017,-1.06672e-016,0,1.94005,29.7572,0.727868,0.000775828,0,0.271357,1,0.01815,-4.49829e-007,5.49946e-007,0.01815,121,0
111.934,1.15855e-016,-6.65948e-017,-2.50271e-016,0,1.94014,29.7552,0.72788,0.000749609,0,0.27137,1,0.0183,-4.49829e-007,5.49946e-007,0.0183,122,0
112.005,1.5878e-016,-8.37566e-017,-3.40101e-016,0,1.9403,29.754,0.727885,0.000723098,0,0.271392,1,0.01845,-4.49829e-007,5.49946e-007,0.01845,123,0
112.075,1.35195e-016,-6.43528e-017,-2.62239e-016,0,1.94083,29.7581,0.727838,0.000695988,0,0.271466,1,0.0186,-4.49829e-007,5.49946e-007,0.0186,124,0
112.145,1.09598e-016,-4.37581e-017,-1.69662e-016,0,1.94124,29.7606,0.727807,0.000669841,0,0.271524,1,0.01875,-4.49829e-007,5.49946e-007,0.01875,125,0
112.215,8.38805e-017,-2.30915e-017,-7.61964e-017,0,1.94164,29.763,0.727776,0.000643752,0,0.27158,1,0.0189,-4.49829e-007,5.49946e-007,0.0189,126,0
112.285,5.81629e-017,-2.42521e-018,1.72678e-017,0,1.94205,29.7654,0.727746,0.000617664,0,0.271636,1,0.01905,-4.49829e-007,5.49946e-007,0.01905,127,0
112.356,3.2445e-017,1.82414e-017,1.10733e-016,0,1.94245,29.7678,0.727716,0.000591575,0,0.271693,1,0.0192,-4.49829e-007,5.49946e-007,0.0192,128,0
112.426,7.80757e-018,3.49889e-017,1.96428e-016,0,1.94295,29.771,0.727673,0.000563553,0,0.271764,1,0.01935,-4.49829e-007,5.49946e-007,0.01935,129,0
112.495,-1.35718e-017,5.30004e-017,2.20208e-016,0,1.94388,29.7789,0.727577,0.00053064,0,0.271893,1,0.0195,-4.49829e-007,5.49946e-007,0.0195,130,0
112.564,-7.6215e-019,9.07725e-017,1.28799e-016,0,1.94416,29.7804,0.727558,0.000510511,0,0.271932,1,0.01965,-4.49829e-007,5.49946e-007,0.01965,131,0
112.633,8.76887e-018,7.46181e-017,1.17711e-016,0,1.94401,29.7762,0.727593,0.00049544,0,0.271911,1,0.0198,-4.49829e-007,5.49946e-007,0.0198,132,0
112.702,1.82399e-017,7.48177e-017,7.07706e-017,0,1.94399,29.7728,0.727614,0.000477593,0,0.271908,1,0.01995,-4.49829e-007,5.49946e-007,0.01995,133,0
112.77,2.77026e-017,7.72705e-017,1.88911e-017,0,1.94398,29.7695,0.727634,0.000459363,0,0.271907,1,0.0201,-4.49829e-007,5.49946e-007,0.0201,134,0
112.839,3.71652e-017,7.97232e-017,-3.29877e-017,0,1.94397,29.7662,0.727653,0.000441133,0,0.271905,1,0.02025,-4.49829e-007,5.49946e-007,0.02025,135,0
112.908,4.12845e-017,7.4029e-017,-6.98535e-017,0,1.94398,29.7632,0.72767,0.000422995,0,0.271907,1,0.0204,-4.49829e-007,5.49946e-007,0.0204,136,0
112.976,1.20967e-017,1.75512e-017,-1.31335e-017,0,1.94412,29.7627,0.727668,0.000405429,0,0.271926,1,0.02055,-4.49829e-007,5.49946e-007,0.02055,137,0
113.044,-1.94641e-017,-2.5212e-017,3.8521e-017,0,1.94421,29.7619,0.727672,0.000388889,0,0.271939,1,0.0207,-4.49829e-007,5.49946e-007,0.0207,138,0
113.111,-5.46072e-017,-4.72804e-017,8.25329e-017,0,1.94422,29.7609,0.727685,0.000373896,0,0.271941,1,0.02085,-4.49829e-007,5.49946e-007,0.02085,139,0
113.179,-8.97502e-017,-6.93487e-017,1.26545e-016,0,1.94424,29.76,0.727698,0.000358903,0,0.271943,1,0.021,-4.49829e-007,5.49946e-007,0.021,140,0
113.246,-1.08897e-016,-8.02734e-017,1.42333e-016,0,1.94456,29.7625,0.727672,0.00034009,0,0.271988,1,0.02115,-4.49829e-007,5.49946e-007,0.02115,141,0
113.314,-1.21619e-016,-8.67219e-017,1.46785e-016,0,1.945,29.7665,0.727631,0.000319742,0,0.27205,1,0.0213,-4.49829e-007,5.49946e-007,0.0213,142,0
113.381,-8.4667e-017,-5.87563e-017,1.25613e-016,0,1.94535,29.7678,0.727599,0.000302111,0,0.272099,1,0.02145,-4.49829e-007,5.49946e-007,0.02145,143,0
113.447,-4.51482e-017,-2.90122e-017,1.03117e-016,0,1.9457,29.7691,0.727568,0.000284621,0,0.272147,1,0.0216,-4.49829e-007,5.49946e-007,0.0216,144,0
113.514,-2.28495e-018,1.94765e-018,6.69548e-017,0,1.9461,29.7709,0.72753,0.000266591,0,0.272203,1,0.02175,-4.49829e-007,5.49946e-007,0.02175,145,0
113.581,4.85837e-017,3.5817e-017,-1.92819e-018,0,1.94663,29.774,0.727475,0.000247268,0,0.272278,1,0.0219,-4.49829e-007,5.49946e-007,0.0219,146,0
113.647,9.51672e-017,5.82141e-017,-5.77923e-017,0,1.94751,29.7812,0.727376,0.000223489,0,0.2724,1,0.02205,-4.49829e-007,5.49946e-007,0.02205,147,0
113.713,8.10091e-017,8.81423e-017,-6.86371e-017,0,1.94752,29.7776,0.727387,0.000210416,0,0.272402,1,0.0222,-4.49829e-007,5.49946e-007,0.0222,148,0
113.779,4.22104e-017,1.09124e-016,-2.07049e-017,0,1.94763,29.7745,0.727384,0.000197691,0,0.272418,1,0.02235,-4.49829e-007,5.49946e-007,0.02235,149,0
113.845,1.18574e-017,1.00673e-016,-1.00262e-017,0,1.94842,29.7792,0.727295,0.000177236,0,0.272528,1,0.0225,-4.49829e-007,5.49946e-007,0.0225,150,0
113.91,-1.6092e-017,8.38452e-017,-9.9493e-018,0,1.9494,29.7861,0.727181,0.000154581,0,0.272665,1,0.02265,-4.49829e-007,5.49946e-007,0.02265,151,0
113.976,-4.4041e-017,6.70177e-017,-9.87239e-018,0,1.95038,29.793,0.727066,0.000131926,0,0.272802,1,0.0228,-4.49829e-007,5.49946e-007,0.0228,152,0
114.041,-4.88441e-017,3.26987e-017,-1.76072e-017,0,1.95101,29.7969,0.726994,0.000115061,0,0.272891,1,0.02295,-4.49829e-007,5.49946e-007,0.02295,153,0
114.106,-2.58964e-017,-2.25913e-017,-3.47079e-017,0,1.95124,29.7973,0.726973,0.000105135,0,0.272922,1,0.0231,-4.49829e-007,5.49946e-007,0.0231,154,0
114.17,-6.28112e-018,-6.90229e-017,-4.32238e-017,0,1.95156,29.7982,0.726939,9.448e-005,0,0.272967,1,0.02325,-4.49829e-007,5.49946e-007,0.02325,155,0
114.235,7.03148e-018,-9.87005e-017,-3.55016e-017,0,1.95206,29.8001,0.72688,8.24437e-005,0,0.273037,1,0.0234,-4.49829e-007,5.49946e-007,0.0234,156,0
114.299,2.03439e-017,-1.28378e-016,-2.77796e-017,0,1.95257,29.802,0.726822,7.04075e-005,0,0.273108,1,0.02355,-4.49829e-007,5.49946e-007,0.02355,157,0
114.364,2.0162e-017,-1.40729e-016,-5.48931e-018,0,1.95277,29.8004,0.726802,6.27298e-005,0,0.273136,1,0.0237,-4.49829e-007,5.49946e-007,0.0237,158,0
114.428,1.089e-017,-1.29248e-016,2.69391e-017,0,1.95273,29.7961,0.726812,5.8357e-005,0,0.27313,1,0.02385,-4.49829e-007,5.49946e-007,0.02385,159,0
114.492,2.20249e-017,-6.50577e-017,3.94451e-017,0,1.95298,29.7958,0.726785,4.97884e-005,0,0.273165,1,0.024,-4.49829e-007,5.49946e-007,0.024,160,0
114.555,3.316e-017,-8.66442e-019,5.19512e-017,0,1.95322,29.7956,0.726759,4.12196e-005,0,0.2732,1,0.02415,-4.49829e-007,5.49946e-007,0.02415,161,0
114.619,4.42951e-017,6.33249e-017,6.44573e-017,0,1.95347,29.7953,0.726733,3.26509e-005,0,0.273234,1,0.0243,-4.49829e-007,5.49946e-007,0.0243,162,0
114.682,2.93207e-017,2.02445e-017,3.87047e-017,0,1.95396,29.7991,0.726671,2.6286e-005,0,0.273303,1,0.02445,-4.49829e-007,5.49946e-007,0.02445,163,0
114.745,1.04226e-017,-3.97626e-017,-1.65972e-018,0,1.95452,29.8043,0.7266,2.03378e-005,0,0.27338,1,0.0246,-4.49829e-007,5.49946e-007,0.0246,164,0
114.809,-3.52002e-018,-8.51016e-017,-7.44791e-017,0,1.95515,29.8122,0.726517,1.45177e-005,0,0.273468,1,0.02475,-4.49829e-007,5.49946e-007,0.02475,165,0
114.871,-1.07956e-017,-1.13948e-016,-2.14792e-017,0,1.95547,29.8135,0.726478,8.68822e-006,0,0.273513,1,0.0249,-4.49829e-007,5.49946e-007,0.0249,166,0
114.934,-3.22535e-017,-1.26133e-016,-1.0808e-017,0,1.95627,29.8213,0.72637,4.33076e-006,0,0.273625,1,0.02505,-4.49829e-007,5.49946e-007,0.02505,167,0
114.996,-2.7627e-017,-7.1237e-017,1.6864e-018,0,1.95675,29.8246,0.726304,3.46104e-006,0,0.273692,1,0.0252,-4.49829e-007,5.49946e-007,0.0252,168,0
115.058,-2.30006e-017,-1.63411e-017,1.41807e-017,0,1.95723,29.828,0.726238,2.59134e-006,0,0.273759,1,0.02535,-4.49829e-007,5.49946e-007,0.02535,169,0
115.12,-1.83741e-017,3.85554e-017,2.66751e-017,0,1.9577,29.8314,0.726172,1.72163e-006,0,0.273826,1,0.0255,-4.49829e-007,5.49946e-007,0.0255,170,0
115.182,-1.37477e-017,9.34512e-017,3.91694e-017,0,1.95818,29.8348,0.726106,8.51927e-007,0,0.273893,1,0.02565,-4.49829e-007,5.49946e-007,0.02565,171,0
115.244,-9.67936e-018,1.33655e-016,3.135e-017,0,1.95866,29.8381,0.72604,1.21126e-007,0,0.27396,1,0.0258,-4.49829e-007,5.49946e-007,0.0258,172,0
115.306,-1.06186e-017,1.38866e-016,1.02794e-017,0,1.95874,29.8364,0.726028,0,0,0.273972,1,0.02595,-4.49829e-007,5.49946e-007,0.02595,173,0
115.367,1.66765e-017,1.52113e-016,7.27739e-017,0,1.95857,29.8326,0.726053,0,0,0.273947,1,0.0261,-4.49829e-007,5.49946e-007,0.0261,174,0
115.428,3.29787e-017,1.15516e-016,5.09658e-017,0,1.95893,29.833,0.726002,0,0,0.273998,1,0.02625,-4.49829e-007,5.49946e-007,0.02625,175,0
115.488,4.6976e-017,7.50192e-017,2.13626e-017,0,1.95933,29.8336,0.725946,0,0,0.274054,1,0.0264,-4.49829e-007,5.49946e-007,0.0264,176,0
115.549,6.09732e-017,3.45232e-017,-8.24022e-018,0,1.95974,29.8342,0.725889,0,0,0.274111,1,0.02655,-4.49829e-007,5.49946e-007,0.02655,177,0
115.61,6.78054e-017,-4.53515e-018,-3.61401e-017,0,1.96011,29.8344,0.725837,0,0,0.274163,1,0.0267,-4.49829e-007,5.49946e-007,0.0267,178,0
115.671,7.18969e-017,-4.30434e-017,-6.33885e-017,0,1.96046,29.8345,0.725787,0,0,0.274213,1,0.02685,-4.49829e-007,5.49946e-007,0.02685,179,0
115.731,8.19744e-017,-4.96148e-017,-4.7204e-017,0,1.96043,29.8324,0.725792,0,0,0.274208,1,0.027,-4.49829e-007,5.49946e-007,0.027,180,0
115.791,8.38826e-017,-4.58585e-017,-2.95316e-017,0,1.96031,29.8306,0.725809,0,0,0.274191,1,0.02715,-4.49829e-007,5.49946e-007,0.02715,181,0
115.85,8.57908e-017,-4.21023e-017,-1.18595e-017,0,1.96019,29.8289,0.725826,0,0,0.274174,1,0.0273,-4.49829e-007,5.49946e-007,0.0273,182,0
115.91,8.76991e-017,-3.8346e-017,5.81283e-018,0,1.96006,29.8271,0.725844,0,0,0.274156,1,0.02745,-4.49829e-007,5.49946e-007,0.02745,183,0
115.97,5.77294e-017,-2.50343e-017,-1.07124e-017,0,1.96026,29.8281,0.725816,0,0,0.274184,1,0.0276,-4.49829e-007,5.49946e-007,0.0276,184,0
116.029,3.34549e-017,-5.13927e-018,-2.34866e-017,0,1.9602,29.8272,0.725824,0,0,0.274176,1,0.02775,-4.49829e-007,5.49946e-007,0.02775,185,0
116.088,3.48762e-017,1.58737e-017,-1.12044e-017,0,1.95968,29.8225,0.725897,0,0,0.274103,1,0.0279,-4.49829e-007,5.49946e-007,0.0279,186,0
116.147,3.62974e-017,3.68866e-017,1.07773e-018,0,1.95916,29.8177,0.72597,0,0,0.27403,1,0.02805,-4.49829e-007,5.49946e-007,0.02805,187,0
116.206,3.31181e-017,5.76039e-017,1.61329e-017,0,1.9591,29.8161,0.725978,0,0,0.274022,1,0.0282,-4.49829e-007,5.49946e-007,0.0282,188,0
116.265,2.5624e-017,7.69233e-017,1.89323e-017,0,1.9598,29.8192,0.725881,0,0,0.274119,1,0.02835,-4.49829e-007,5.49946e-007,0.02835,189,0
116.323,1.65386e-017,9.53287e-017,1.19341e-017,0,1.96088,29.8247,0.725729,0,0,0.274271,1,0.0285,-4.49829e-007,5.49946e-007,0.0285,190,0
116.381,4.60742e-018,7.72806e-017,-4.56793e-018,0,1.96051,29.8244,0.725781,0,0,0.274219,1,0.02865,-4.49829e-007,5.49946e-007,0.02865,191,0
116.439,-7.36491e-018,5.85048e-017,-2.12757e-017,0,1.96012,29.824,0.725837,0,0,0.274164,1,0.0288,-4.49829e-007,5.49946e-007,0.0288,192,0
116.496,-1.87758e-017,3.80864e-017,-3.36102e-017,0,1.95991,29.8238,0.725865,0,0,0.274135,1,0.02895,-4.49829e-007,5.49946e-007,0.02895,193,0
116.554,-2.92091e-017,1.4809e-017,-3.83313e-017,0,1.96005,29.8241,0.725846,0,0,0.274154,1,0.0291,-4.49829e-007,5.49946e-007,0.0291,194,0
116.612,-3.96425e-017,-8.46865e-018,-4.30524e-017,0,1.96018,29.8245,0.725828,0,0,0.274172,1,0.02925,-4.49829e-007,5.49946e-007,0.02925,195,0
116.669,-4.77089e-017,-2.73564e-017,-2.85116e-017,0,1.96059,29.8254,0.72577,0,0,0.27423,1,0.0294,-4.49829e-007,5.49946e-007,0.0294,196,0
116.726,-5.36533e-017,-4.23086e-017,3.29999e-018,0,1.96124,29.8268,0.725679,0,0,0.274321,1,0.02955,-4.49829e-007,5.49946e-007,0.02955,197,0
116.783,-1.8333e-017,-2.72687e-017,1.54007e-017,0,1.96186,29.832,0.725593,0,0,0.274407,1,0.0297,-4.49829e-007,5.49946e-007,0.0297,198,0
116.84,2.98596e-017,-2.87266e-018,2.13524e-017,0,1.96247,29.8383,0.725508,0,0,0.274492,1,0.02985,-4.49829e-007,5.49946e-007,0.02985,199,0
116.896,7.34354e-017,2.00879e-017,3.11879e-017,0,1.96298,29.8431,0.725437,0,0,0.274563,1,0.03,-4.49829e-007,5.49946e-007,0.03,200,0
116.953,8.45945e-017,1.47342e-017,4.23126e-017,0,1.96327,29.8447,0.725396,0,0,0.274604,1,0.03015,-4.49829e-007,5.49946e-007,0.03015,201,0
117.009,8.74306e-017,-4.07314e-018,4.49581e-017,0,1.96366,29.8477,0.725341,0,0,0.274659,1,0.0303,-4.49829e-007,5.49946e-007,0.0303,202,0
117.065,9.02668e-017,-2.28807e-017,4.76037e-017,0,1.96405,29.8508,0.725286,0,0,0.274714,1,0.03045,-4.49829e-007,5.49946e-007,0.03045,203,0
117.121,8.1395e-017,-4.64929e-017,5.57368e-017,0,1.96431,29.8529,0.725249,0,0,0.274751,1,0.0306,-4.49829e-007,5.49946e-007,0.0306,204,0
117.177,2.35631e-017,-4.31989e-017,2.03451e-017,0,1.96448,29.854,0.725226,0,0,0.274774,1,0.03075,-4.49829e-007,5.49946e-007,0.03075,205,0
117.232,-1.84225e-017,-5.7618e-017,-3.80526e-017,0,1.96475,29.8564,0.725189,0,0,0.274811,1,0.0309,-4.49829e-007,5.49946e-007,0.0309,206,0
117.287,-4.10406e-017,-8.32775e-017,-1.13996e-016,0,1.96513,29.8603,0.725136,0,0,0.274864,1,0.03105,-4.49829e-007,5.49946e-007,0.03105,207,0
117.342,-3.61938e-017,-7.36575e-017,-1.44165e-016,0,1.96545,29.8615,0.72509,0,0,0.27491,1,0.0312,-4.49829e-007,5.49946e-007,0.0312,208,0
117.397,-2.96427e-017,-6.18482e-017,-1.71493e-016,0,1.96577,29.8625,0.725045,0,0,0.274955,1,0.03135,-4.49829e-007,5.49946e-007,0.03135,209,0
117.451,-1.93893e-017,-5.25451e-017,-1.79223e-016,0,1.9662,29.8642,0.724986,0,0,0.275014,1,0.0315,-4.49829e-007,5.49946e-007,0.0315,210,0
117.506,-1.47108e-018,-4.84298e-017,-1.46382e-016,0,1.96684,29.8673,0.724896,0,0,0.275104,1,0.03165,-4.49829e-007,5.49946e-007,0.03165,211,0
117.56,1.28909e-017,-4.30308e-017,-1.08931e-016,0,1.96756,29.8706,0.724795,0,0,0.275205,1,0.0318,-4.49829e-007,5.49946e-007,0.0318,212,0
117.614,1.4684e-017,-3.30937e-017,-5.51803e-017,0,1.96857,29.8745,0.724654,0,0,0.275346,1,0.03195,-4.49829e-007,5.49946e-007,0.03195,213,0
117.668,1.6477e-017,-2.31565e-017,-1.42923e-018,0,1.96957,29.8785,0.724513,0,0,0.275487,1,0.0321,-4.49829e-007,5.49946e-007,0.0321,214,0
117.722,1.82702e-017,-1.32192e-017,5.23232e-017,0,1.97058,29.8824,0.724372,0,0,0.275628,1,0.03225,-4.49829e-007,5.49946e-007,0.03225,215,0
117.776,2.00632e-017,-3.28202e-018,1.06074e-016,0,1.97159,29.8863,0.724231,0,0,0.275769,1,0.0324,-4.49829e-007,5.49946e-007,0.0324,216,0
117.829,8.91375e-018,-1.45112e-017,1.13494e-016,0,1.9726,29.892,0.724089,0,0,0.275911,1,0.03255,-4.49829e-007,5.49946e-007,0.03255,217,0
117.883,4.32428e-018,-1.59904e-017,1.04587e-016,0,1.97291,29.8911,0.724047,0,0,0.275953,1,0.0327,-4.49829e-007,5.49946e-007,0.0327,218,0
117.935,1.03764e-017,-7.2907e-019,1.06816e-016,0,1.97273,29.8849,0.724072,0,0,0.275928,1,0.03285,-4.49829e-007,5.49946e-007,0.03285,219,0
117.988,1.64285e-017,1.45323e-017,1.09046e-016,0,1.97255,29.8788,0.724097,0,0,0.275903,1,0.033,-4.49829e-007,5.49946e-007,0.033,220,0
118.041,2.24807e-017,2.97941e-017,1.11275e-016,0,1.97237,29.8726,0.724122,0,0,0.275878,1,0.03315,-4.49829e-007,5.49946e-007,0.03315,221,0
118.093,2.85328e-017,4.50554e-017,1.13504e-016,0,1.9722,29.8665,0.724147,0,0,0.275853,1,0.0333,-4.49829e-007,5.49946e-007,0.0333,222,0
118.146,2.86017e-017,7.20431e-017,1.37737e-016,0,1.97208,29.8594,0.724163,0,0,0.275837,1,0.03345,-4.49829e-007,5.49946e-007,0.03345,223,0
118.198,2.23591e-017,5.0028e-017,9.68867e-017,0,1.97302,29.8683,0.724032,0,0,0.275968,1,0.0336,-4.49829e-007,5.49946e-007,0.0336,224,0
118.249,1.94772e-017,1.41363e-017,3.53418e-017,0,1.97455,29.8833,0.723817,0,0,0.276183,1,0.03375,-4.49829e-007,5.49946e-007,0.03375,225,0
118.301,1.65953e-017,-2.17554e-017,-2.62031e-017,0,1.97609,29.8984,0.723602,0,0,0.276398,1,0.0339,-4.49829e-007,5.49946e-007,0.0339,226,0
118.353,1.37132e-017,-5.7648e-017,-8.77495e-017,0,1.97762,29.9134,0.723387,0,0,0.276613,1,0.03405,-4.49829e-007,5.49946e-007,0.03405,227,0
118.404,1.34205e-017,-8.47894e-017,-1.33267e-016,0,1.97902,29.9265,0.723192,0,0,0.276808,1,0.0342,-4.49829e-007,5.49946e-007,0.0342,228,0
118.456,1.38157e-017,-7.41885e-017,-1.27358e-016,0,1.97857,29.9202,0.723254,0,0,0.276746,1,0.03435,-4.49829e-007,5.49946e-007,0.03435,229,0
118.506,3.60549e-018,-5.69337e-017,-1.15655e-016,0,1.9786,29.9195,0.72325,0,0,0.27675,1,0.0345,-4.49829e-007,5.49946e-007,0.0345,230,0
118.557,-9.56758e-018,-4.03039e-017,-8.63155e-017,0,1.9792,29.9222,0.723167,0,0,0.276833,1,0.03465,-4.49829e-007,5.49946e-007,0.03465,231,0
118.608,-2.27406e-017,-2.36741e-017,-5.69761e-017,0,1.97979,29.9249,0.723083,0,0,0.276917,1,0.0348,-4.49829e-007,5.49946e-007,0.0348,232,0
118.659,-3.5914e-017,-7.04385e-018,-2.76361e-017,0,1.98039,29.9276,0.723,0,0,0.277,1,0.03495,-4.49829e-007,5.49946e-007,0.03495,233,0
118.709,-4.90871e-017,9.58596e-018,1.70319e-018,0,1.98099,29.9303,0.722917,0,0,0.277083,1,0.0351,-4.49829e-007,5.49946e-007,0.0351,234,0
118.759,-5.35852e-017,1.26935e-017,2.24149e-017,0,1.98127,29.932,0.722878,0,0,0.277122,1,0.03525,-4.49829e-007,5.49946e-007,0.03525,235,0
118.809,-5.41904e-017,9.73284e-018,3.92554e-017,0,1.9814,29.9333,0.722859,0,0,0.277141,1,0.0354,-4.49829e-007,5.49946e-007,0.0354,236,0
118.859,-4.68379e-017,8.01288e-018,5.40351e-017,0,1.98111,29.9305,0.722899,0,0,0.277101,1,0.03555,-4.49829e-007,5.49946e-007,0.03555,237,0
118.908,-2.99901e-017,4.15782e-018,4.51715e-017,0,1.98091,29.9283,0.722928,0,0,0.277072,1,0.0357,-4.49829e-007,5.49946e-007,0.0357,238,0
118.957,-1.22374e-017,-2.04098e-019,3.2277e-017,0,1.98076,29.9267,0.722949,0,0,0.277051,1,0.03585,-4.49829e-007,5.49946e-007,0.03585,239,0
119.006,5.51578e-018,-4.56613e-018,1.93822e-017,0,1.98061,29.9252,0.722969,0,0,0.277031,1,0.036,-4.49829e-007,5.49946e-007,0.036,240,0
119.055,2.32685e-017,-8.92805e-018,6.48766e-018,0,1.98047,29.9236,0.72299,0,0,0.27701,1,0.03615,-4.49829e-007,5.49946e-007,0.03615,241,0
119.104,1.89027e-017,3.68232e-018,-1.96082e-017,0,1.98098,29.9268,0.722918,0,0,0.277082,1,0.0363,-4.49829e-007,5.49946e-007,0.0363,242,0
119.153,9.21027e-018,2.33645e-017,-4.91394e-017,0,1.98154,29.9299,0.722839,0,0,0.277161,1,0.03645,-4.49829e-007,5.49946e-007,0.03645,243,0
119.202,-2.0182e-018,2.6756e-017,-5.92654e-017,0,1.98149,29.9299,0.722847,0,0,0.277153,1,0.0366,-4.49829e-007,5.49946e-007,0.0366,244,0
119.25,-6.50884e-018,2.70909e-017,-7.98311e-017,0,1.98102,29.9268,0.722913,0,0,0.277087,1,0.03675,-4.49829e-007,5.49946e-007,0.03675,245,0
119.297,-2.55121e-018,1.94635e-017,-4.56184e-017,0,1.98093,29.927,0.722925,0,0,0.277075,1,0.0369,-4.49829e-007,5.49946e-007,0.0369,246,0
119.345,2.06937e-018,1.12114e-017,-7.10744e-018,0,1.98087,29.9274,0.722933,0,0,0.277067,1,0.03705,-4.49829e-007,5.49946e-007,0.03705,247,0
119.392,3.60853e-018,4.98219e-018,2.82732e-017,0,1.98098,29.9282,0.722918,0,0,0.277082,1,0.0372,-4.49829e-007,5.49946e-007,0.0372,248,0
119.44,1.07925e-018,1.42384e-018,5.95216e-017,0,1.98131,29.9297,0.722872,0,0,0.277128,1,0.03735,-4.49829e-007,5.49946e-007,0.03735,249,0
119.488,-1.44998e-018,-2.13442e-018,9.07692e-017,0,1.98164,29.9312,0.722827,0,0,0.277173,1,0.0375,-4.49829e-007,5.49946e-007,0.0375,250,0
119.535,-3.9792e-018,-5.69268e-018,1.22017e-016,0,1.98196,29.9327,0.722781,0,0,0.277219,1,0.03765,-4.49829e-007,5.49946e-007,0.03765,251,0
119.582,1.87111e-017,-7.35489e-018,1.11964e-016,0,1.98143,29.9294,0.722856,0,0,0.277144,1,0.0378,-4.49829e-007,5.49946e-007,0.0378,252,0
119.629,3.26466e-017,-9.11502e-018,7.78212e-017,0,1.98062,29.9231,0.722969,0,0,0.277031,1,0.03795,-4.49829e-007,5.49946e-007,0.03795,253,0
119.675,1.5183e-017,-1.94591e-017,7.01681e-017,0,1.98085,29.9258,0.722936,0,0,0.277064,1,0.0381,-4.49829e-007,5.49946e-007,0.0381,254,0
119.721,-2.28112e-018,-2.98035e-017,6.25147e-017,0,1.98109,29.9285,0.722903,0,0,0.277097,1,0.03825,-4.49829e-007,5.49946e-007,0.03825,255,0
119.767,-1.97448e-017,-4.01477e-017,5.48616e-017,0,1.98132,29.9311,0.72287,0,0,0.27713,1,0.0384,-4.49829e-007,5.49946e-007,0.0384,256,0
119.813,-3.34026e-017,-5.05091e-017,4.88404e-017,0,1.98149,29.9333,0.722847,0,0,0.277153,1,0.03855,-4.49829e-007,5.49946e-007,0.03855,257,0
119.859,-3.51449e-017,-5.93052e-017,4.1229e-017,0,1.98148,29.9332,0.722848,0,0,0.277151,1,0.0387,-4.49829e-007,5.49946e-007,0.0387,258,0
119.905,-4.01226e-017,-6.49925e-017,1.94352e-017,0,1.98156,29.9326,0.722837,0,0,0.277163,1,0.03885,-4.49829e-007,5.49946e-007,0.03885,259,0
119.95,-3.42419e-017,-5.78485e-017,9.38691e-018,0,1.98193,29.9344,0.722785,0,0,0.277215,1,0.039,-4.49829e-007,5.49946e-007,0.039,260,0
119.995,-3.22087e-017,-3.44868e-017,-4.3555e-019,0,1.9821,29.9335,0.722761,0,0,0.277239,1,0.03915,-4.49829e-007,5.49946e-007,0.03915,261,0
120.04,-3.28631e-017,-1.87017e-017,7.94356e-018,0,1.98176,29.9281,0.722808,0,0,0.277192,1,0.0393,-4.49829e-007,5.49946e-007,0.0393,262,0
120.085,-3.35176e-017,-2.91661e-018,1.63227e-017,0,1.98143,29.9228,0.722855,0,0,0.277145,1,0.03945,-4.49829e-007,5.49946e-007,0.03945,263,0
120.129,-3.4172e-017,1.28685e-017,2.47018e-017,0,1.98109,29.9175,0.722902,0,0,0.277098,1,0.0396,-4.49829e-007,5.49946e-007,0.0396,264,0
120.174,-3.48265e-017,2.8654e-017,3.30811e-017,0,1.98076,29.9121,0.722949,0,0,0.277051,1,0.03975,-4.49829e-007,5.49946e-007,0.03975,265,0
120.219,-4.51875e-017,3.5602e-017,3.83184e-017,0,1.98047,29.9086,0.72299,0,0,0.27701,1,0.0399,-4.49829e-007,5.49946e-007,0.0399,266,0
120.263,-4.58635e-017,2.22455e-017,3.73002e-017,0,1.98062,29.9092,0.722968,0,0,0.277032,1,0.04005,-4.49829e-007,5.49946e-007,0.04005,267,0
120.307,-2.48084e-017,-2.92345e-018,3.31275e-017,0,1.98122,29.9119,0.722885,0,0,0.277115,1,0.0402,-4.49829e-007,5.49946e-007,0.0402,268,0
120.351,4.29724e-018,-3.13617e-017,2.31346e-017,0,1.98243,29.921,0.722715,0,0,0.277285,1,0.04035,-4.49829e-007,5.49946e-007,0.04035,269,0
120.395,3.76597e-017,-6.15288e-017,1.00644e-017,0,1.98398,29.9336,0.722499,0,0,0.2775,1,0.0405,-4.49829e-007,5.49946e-007,0.0405,270,0
120.438,9.50571e-018,-4.29042e-017,-7.75457e-018,0,1.98444,29.9395,0.722435,0,0,0.277565,1,0.04065,-4.49829e-007,5.49946e-007,0.04065,271,0
120.481,-2.06364e-017,-2.27026e-017,-2.57266e-017,0,1.98487,29.9452,0.722375,0,0,0.277625,1,0.0408,-4.49829e-007,5.49946e-007,0.0408,272,0
120.524,-5.07784e-017,-2.50097e-018,-4.36986e-017,0,1.9853,29.9509,0.722314,0,0,0.277685,1,0.04095,-4.49829e-007,5.49946e-007,0.04095,273,0
120.566,-4.31012e-017,1.03048e-017,-3.65415e-017,0,1.98532,29.9502,0.722311,0,0,0.277689,1,0.0411,-4.49829e-007,5.49946e-007,0.0411,274,0
120.609,-2.51634e-017,1.20025e-017,-1.32236e-017,0,1.98525,29.9469,0.722321,0,0,0.277679,1,0.04125,-4.49829e-007,5.49946e-007,0.04125,275,0
120.652,-7.22566e-018,1.37002e-017,1.00942e-017,0,1.98518,29.9437,0.722331,0,0,0.277669,1,0.0414,-4.49829e-007,5.49946e-007,0.0414,276,0
120.694,4.80881e-018,1.01115e-017,3.51073e-017,0,1.98519,29.9406,0.72233,0,0,0.27767,1,0.04155,-4.49829e-007,5.49946e-007,0.04155,277,0
120.736,-3.47073e-018,-1.16669e-017,6.59508e-017,0,1.98548,29.9379,0.722288,0,0,0.277712,1,0.0417,-4.49829e-007,5.49946e-007,0.0417,278,0
120.778,1.01916e-017,-1.45429e-018,3.69405e-017,0,1.98561,29.9389,0.72227,0,0,0.27773,1,0.04185,-4.49829e-007,5.49946e-007,0.04185,279,0
120.82,3.39066e-017,2.34148e-017,-1.94915e-017,0,1.98567,29.9417,0.722261,0,0,0.277738,1,0.042,-4.49829e-007,5.49946e-007,0.042,280,0
120.861,5.7621e-017,4.82833e-017,-7.59221e-017,0,1.98573,29.9444,0.722253,0,0,0.277747,1,0.04215,-4.49829e-007,5.49946e-007,0.04215,281,0
120.902,6.43384e-017,5.07976e-017,-9.66885e-017,0,1.9859,29.9458,0.722229,0,0,0.27777,1,0.0423,-4.49829e-007,5.49946e-007,0.0423,282,0
120.943,5.97193e-017,3.8402e-017,-9.36679e-017,0,1.98614,29.9465,0.722196,0,0,0.277804,1,0.04245,-4.49829e-007,5.49946e-007,0.04245,283,0
120.984,5.02711e-017,1.98288e-017,-9.28704e-017,0,1.98639,29.9463,0.722162,0,0,0.277838,1,0.0426,-4.49829e-007,5.49946e-007,0.0426,284,0
121.025,2.9372e-017,-2.1446e-018,-7.72573e-017,0,1.98641,29.9445,0.722158,0,0,0.277842,1,0.04275,-4.49829e-007,5.49946e-007,0.04275,285,0
121.065,8.67047e-018,-8.49791e-018,-3.41112e-017,0,1.98616,29.9428,0.722194,0,0,0.277806,1,0.0429,-4.49829e-007,5.49946e-007,0.0429,286,0
121.105,-1.20305e-017,-1.48511e-017,9.03388e-018,0,1.9859,29.9411,0.722229,0,0,0.277771,1,0.04305,-4.49829e-007,5.49946e-007,0.04305,287,0
121.145,-3.27315e-017,-2.12042e-017,5.21789e-017,0,1.98565,29.9395,0.722265,0,0,0.277735,1,0.0432,-4.49829e-007,5.49946e-007,0.0432,288,0
121.186,-5.34325e-017,-2.75574e-017,9.53239e-017,0,1.98539,29.9378,0.722301,0,0,0.277699,1,0.04335,-4.49829e-007,5.49946e-007,0.04335,289,0
121.226,-7.4134e-017,-3.39107e-017,1.3847e-016,0,1.98514,29.9361,0.722337,0,0,0.277663,1,0.0435,-4.49829e-007,5.49946e-007,0.0435,290,0
121.266,-9.16589e-017,-1.24218e-017,1.72267e-016,0,1.98517,29.9375,0.722332,0,0,0.277668,1,0.04365,-4.49829e-007,5.49946e-007,0.04365,291,0
121.305,-9.11897e-017,-1.68693e-018,1.41304e-016,0,1.9858,29.944,0.722244,0,0,0.277756,1,0.0438,-4.49829e-007,5.49946e-007,0.0438,292,0
121.344,-8.31439e-017,-8.4243e-018,7.89654e-017,0,1.9861,29.947,0.722202,0,0,0.277798,1,0.04395,-4.49829e-007,5.49946e-007,0.04395,293,0
121.383,-7.10643e-017,-1.05777e-017,9.25521e-018,0,1.98639,29.9502,0.722161,0,0,0.277839,1,0.0441,-4.49829e-007,5.49946e-007,0.0441,294,0
121.422,-5.89847e-017,-1.27311e-017,-6.04549e-017,0,1.98668,29.9533,0.722121,0,0,0.277879,1,0.04425,-4.49829e-007,5.49946e-007,0.04425,295,0
121.461,-5.2736e-017,2.85989e-018,-9.43852e-017,0,1.98698,29.9571,0.722079,0,0,0.277921,1,0.0444,-4.49829e-007,5.49946e-007,0.0444,296,0
121.5,-5.62908e-017,2.18939e-017,-6.88338e-017,0,1.98712,29.9581,0.722059,0,0,0.277941,1,0.04455,-4.49829e-007,5.49946e-007,0.04455,297,0
121.538,-5.21131e-017,3.4716e-017,-4.92747e-017,0,1.98722,29.959,0.722044,0,0,0.277956,1,0.0447,-4.49829e-007,5.49946e-007,0.0447,298,0
121.575,-3.33162e-017,4.21607e-017,-3.95958e-017,0,1.9873,29.9608,0.722034,0,0,0.277966,1,0.04485,-4.49829e-007,5.49946e-007,0.04485,299,0
121.613,-1.45198e-017,4.96053e-017,-2.99171e-017,0,1.98737,29.9626,0.722024,0,0,0.277976,1,0.045,-4.49829e-007,5.49946e-007,0.045,300,0
121.651,3.58421e-018,5.11862e-017,-1.52311e-017,0,1.98727,29.9619,0.722039,0,0,0.277961,1,0.04515,-4.49829e-007,5.49946e-007,0.04515,301,0
121.688,2.12796e-017,4.93036e-017,2.4131e-018,0,1.98705,29.9597,0.722068,0,0,0.277932,1,0.0453,-4.49829e-007,5.49946e-007,0.0453,302,0
121.726,3.89745e-017,4.74209e-017,2.00569e-017,0,1.98684,29.9576,0.722098,0,0,0.277902,1,0.04545,-4.49829e-007,5.49946e-007,0.04545,303,0
121.764,5.05706e-017,3.85174e-017,1.75144e-017,0,1.98652,29.9539,0.722143,0,0,0.277857,1,0.0456,-4.49829e-007,5.49946e-007,0.0456,304,0
121.801,4.58055e-017,3.65816e-017,1.25733e-017,0,1.98569,29.9457,0.722259,0,0,0.277741,1,0.04575,-4.49829e-007,5.49946e-007,0.04575,305,0
121.837,3.68141e-017,4.05938e-017,1.53327e-017,0,1.9847,29.9364,0.722398,0,0,0.277602,1,0.0459,-4.49829e-007,5.49946e-007,0.0459,306,0
121.874,1.98113e-017,3.76913e-017,7.21847e-018,0,1.98423,29.9328,0.722464,0,0,0.277536,1,0.04605,-4.49829e-007,5.49946e-007,0.04605,307,0
121.91,3.37829e-019,3.26566e-017,-4.24867e-018,0,1.98392,29.931,0.722506,0,0,0.277494,1,0.0462,-4.49829e-007,5.49946e-007,0.0462,308,0
121.947,-1.91351e-017,2.76221e-017,-1.57155e-017,0,1.98362,29.9292,0.722549,0,0,0.277451,1,0.04635,-4.49829e-007,5.49946e-007,0.04635,309,0
121.983,-3.51991e-017,2.08055e-017,-2.42317e-017,0,1.98319,29.9255,0.722609,0,0,0.277391,1,0.0465,-4.49829e-007,5.49946e-007,0.0465,310,0
122.019,-2.25225e-017,1.77965e-017,-2.19459e-017,0,1.98331,29.9259,0.722593,0,0,0.277407,1,0.04665,-4.49829e-007,5.49946e-007,0.04665,311,0
122.054,-9.84615e-018,1.47877e-017,-1.96601e-017,0,1.98342,29.9263,0.722577,0,0,0.277423,1,0.0468,-4.49829e-007,5.49946e-007,0.0468,312,0
122.09,2.83018e-018,1.17788e-017,-1.73744e-017,0,1.98354,29.9268,0.722561,0,0,0.277439,1,0.04695,-4.49829e-007,5.49946e-007,0.04695,313,0
122.125,1.54409e-017,8.69621e-018,-1.31108e-017,0,1.98366,29.9276,0.722543,0,0,0.277457,1,0.0471,-4.49829e-007,5.49946e-007,0.0471,314,0
122.16,2.76333e-017,5.14263e-018,3.77497e-018,0,1.98387,29.9308,0.722514,0,0,0.277486,1,0.04725,-4.49829e-007,5.49946e-007,0.04725,315,0
122.195,3.98254e-017,1.58914e-018,2.06603e-017,0,1.98407,29.934,0.722485,0,0,0.277515,1,0.0474,-4.49829e-007,5.49946e-007,0.0474,316,0
122.229,5.20176e-017,-1.96435e-018,3.75456e-017,0,1.98428,29.9372,0.722457,0,0,0.277543,1,0.04755,-4.49829e-007,5.49946e-007,0.04755,317,0
122.264,6.30514e-017,-5.91791e-018,5.3734e-017,0,1.98456,29.9405,0.722417,0,0,0.277583,1,0.0477,-4.49829e-007,5.49946e-007,0.0477,318,0
122.299,6.64892e-017,-1.50256e-017,6.8072e-017,0,1.98497,29.9446,0.722359,0,0,0.277641,1,0.04785,-4.49829e-007,5.49946e-007,0.04785,319,0
122.333,7.03843e-017,-2.52876e-017,6.49737e-017,0,1.98583,29.953,0.722239,0,0,0.277761,1,0.048,-4.49829e-007,5.49946e-007,0.048,320,0
122.367,5.58697e-017,-1.40361e-017,7.25109e-017,0,1.98577,29.9485,0.722247,0,0,0.277753,1,0.04815,-4.49829e-007,5.49946e-007,0.04815,321,0
122.4,4.26799e-017,-1.04617e-017,6.51019e-017,0,1.98589,29.9455,0.722231,0,0,0.277769,1,0.0483,-4.49829e-007,5.49946e-007,0.0483,322,0
122.434,2.65537e-017,-8.32607e-018,4.98168e-017,0,1.98599,29.9424,0.722216,0,0,0.277784,1,0.04845,-4.49829e-007,5.49946e-007,0.04845,323,0
122.467,1.04271e-017,-6.19035e-018,3.45314e-017,0,1.9861,29.9393,0.722202,0,0,0.277798,1,0.0486,-4.49829e-007,5.49946e-007,0.0486,324,0
122.501,-5.69904e-018,-4.05469e-018,1.92463e-017,0,1.9862,29.9362,0.722188,0,0,0.277812,1,0.04875,-4.49829e-007,5.49946e-007,0.04875,325,0
122.534,-1.72779e-017,1.39264e-018,1.25942e-017,0,1.98627,29.9329,0.722178,0,0,0.277822,1,0.0489,-4.49829e-007,5.49946e-007,0.0489,326,0
122.567,-8.05439e-018,1.58454e-017,2.27792e-017,0,1.98657,29.9343,0.722136,0,0,0.277864,1,0.04905,-4.49829e-007,5.49946e-007,0.04905,327,0
122.6,-6.12343e-018,1.87058e-017,-4.04004e-018,0,1.98735,29.9423,0.722027,0,0,0.277973,1,0.0492,-4.49829e-007,5.49946e-007,0.0492,328,0
122.632,-4.19247e-018,2.15663e-017,-3.08592e-017,0,1.98813,29.9502,0.721918,0,0,0.278082,1,0.04935,-4.49829e-007,5.49946e-007,0.04935,329,0
122.665,-2.26147e-018,2.44269e-017,-5.76791e-017,0,1.98891,29.9581,0.721809,0,0,0.278191,1,0.0495,-4.49829e-007,5.49946e-007,0.0495,330,0
122.697,-1.36547e-017,1.73956e-017,-7.29254e-017,0,1.99013,29.9698,0.721637,0,0,0.278362,1,0.04965,-4.49829e-007,5.49946e-007,0.04965,331,0
122.729,-1.80031e-017,1.29384e-017,-5.62197e-017,0,1.98982,29.9596,0.721681,0,0,0.278319,1,0.0498,-4.49829e-007,5.49946e-007,0.0498,332,0
122.76,-1.98724e-017,1.48874e-017,-2.78525e-017,0,1.98982,29.9549,0.721681,0,0,0.278318,1,0.04995,-4.49829e-007,5.49946e-007,0.04995,333,0
122.792,-2.22807e-017,1.51709e-017,-2.05413e-018,0,1.98999,29.9515,0.721657,0,0,0.278343,1,0.0501,-4.49829e-007,5.49946e-007,0.0501,334,0
122.823,-2.47582e-017,1.52402e-017,2.3414e-017,0,1.99019,29.9483,0.72163,0,0,0.27837,1,0.05025,-4.49829e-007,5.49946e-007,0.05025,335,0
122.854,-2.72359e-017,1.53095e-017,4.88827e-017,0,1.99038,29.945,0.721602,0,0,0.278398,1,0.0504,-4.49829e-007,5.49946e-007,0.0504,336,0
122.886,-2.25104e-017,1.22757e-017,6.25095e-017,0,1.9911,29.9484,0.721502,0,0,0.278498,1,0.05055,-4.49829e-007,5.49946e-007,0.05055,337,0
122.916,1.29835e-018,1.0207e-018,4.47648e-017,0,1.99319,29.9696,0.72121,0,0,0.27879,1,0.0507,-4.49829e-007,5.49946e-007,0.0507,338,0
122.947,1.19463e-017,-1.07837e-017,2.76218e-017,0,1.99425,29.9782,0.721062,0,0,0.278938,1,0.05085,-4.49829e-007,5.49946e-007,0.05085,339,0
122.977,1.11161e-017,-1.71144e-017,4.53108e-018,0,1.99476,29.98,0.72099,0,0,0.27901,1,0.051,-4.49829e-007,5.49946e-007,0.051,340,0
123.007,9.92907e-018,-2.30182e-017,-1.90227e-017,0,1.99528,29.9819,0.720918,0,0,0.279082,1,0.05115,-4.49829e-007,5.49946e-007,0.05115,341,0
123.037,5.73503e-018,-2.23638e-017,-3.25907e-017,0,1.99593,29.9859,0.720827,0,0,0.279173,1,0.0513,-4.49829e-007,5.49946e-007,0.0513,342,0
123.067,-2.95664e-018,-1.19005e-017,-3.12234e-017,0,1.99677,29.9931,0.720709,0,0,0.279291,1,0.05145,-4.49829e-007,5.49946e-007,0.05145,343,0
123.097,-1.06908e-017,-9.8119e-019,-2.81866e-017,0,1.99761,30,0.720591,0,0,0.279409,1,0.0516,-4.49829e-007,5.49946e-007,0.0516,344,0
123.127,-1.4076e-017,1.16335e-017,-2.04619e-017,0,1.99839,30.0054,0.720483,0,0,0.279517,1,0.05175,-4.49829e-007,5.49946e-007,0.05175,345,0
123.156,-1.84536e-017,2.07646e-017,-3.7595e-017,0,1.99892,30.0075,0.720408,0,0,0.279592,1,0.0519,-4.49829e-007,5.49946e-007,0.0519,346,0
123.185,-1.3095e-017,2.21156e-017,-3.78484e-017,0,1.99951,30.0084,0.720327,0,0,0.279673,1,0.05205,-4.49829e-007,5.49946e-007,0.05205,347,0
123.214,-6.60564e-018,2.2563e-017,-3.61413e-017,0,2.00009,30.0092,0.720245,0,0,0.279756,1,0.0522,-4.49829e-007,5.49946e-007,0.0522,348,0
123.243,-1.16107e-019,2.30104e-017,-3.44341e-017,0,2.00068,30.0101,0.720162,0,0,0.279838,1,0.05235,-4.49829e-007,5.49946e-007,0.05235,349,0
123.271,-1.35389e-017,3.44588e-017,-4.27336e-017,0,2.00162,30.0151,0.720031,0,0,0.279969,1,0.0525,-4.49829e-007,5.49946e-007,0.0525,350,0
123.3,-2.72578e-017,4.51485e-017,-5.0878e-017,0,2.00255,30.0199,0.7199,0,0,0.2801,1,0.05265,-4.49829e-007,5.49946e-007,0.05265,351,0
123.328,-1.9654e-017,3.9908e-017,-4.69392e-017,0,2.00306,30.0198,0.71983,0,0,0.28017,1,0.0528,-4.49829e-007,5.49946e-007,0.0528,352,0
123.356,7.93261e-018,1.04331e-017,-3.23872e-017,0,2.00335,30.0199,0.719789,0,0,0.280211,1,0.05295,-4.49829e-007,5.49946e-007,0.05295,353,0
123.383,2.44483e-017,-8.97758e-018,-1.63405e-017,0,2.00384,30.0211,0.71972,0,0,0.28028,1,0.0531,-4.49829e-007,5.49946e-007,0.0531,354,0
123.411,2.58456e-017,-1.4454e-017,1.32914e-018,0,2.00458,30.0235,0.719617,0,0,0.280383,1,0.05325,-4.49829e-007,5.49946e-007,0.05325,355,0
123.438,2.72429e-017,-1.99302e-017,1.89983e-017,0,2.00532,30.0259,0.719513,0,0,0.280487,1,0.0534,-4.49829e-007,5.49946e-007,0.0534,356,0
123.466,2.86402e-017,-2.54065e-017,3.66675e-017,0,2.00606,30.0284,0.719409,0,0,0.280591,1,0.05355,-4.49829e-007,5.49946e-007,0.05355,357,0
123.493,2.95714e-017,2.20555e-018,4.46591e-017,0,2.0067,30.0292,0.71932,0,0,0.28068,1,0.0537,-4.49829e-007,5.49946e-007,0.0537,358,0
123.52,3.03054e-017,3.17409e-017,5.19456e-017,0,2.00733,30.03,0.719232,0,0,0.280768,1,0.05385,-4.49829e-007,5.49946e-007,0.05385,359,0
123.546,1.55129e-017,2.78427e-017,5.56521e-017,0,2.00821,30.0351,0.719109,0,0,0.280891,1,0.054,-4.49829e-007,5.49946e-007,0.054,360,0
123.572,7.6866e-018,1.43476e-017,5.56708e-017,0,2.00912,30.0407,0.718983,0,0,0.281017,1,0.05415,-4.49829e-007,5.49946e-007,0.05415,361,0
123.598,1.01614e-017,-1.33369e-017,5.02366e-017,0,2.01006,30.047,0.718851,0,0,0.281149,1,0.0543,-4.49829e-007,5.49946e-007,0.0543,362,0
123.625,1.74433e-017,-3.35499e-017,4.14683e-017,0,2.01089,30.0513,0.718735,0,0,0.281265,1,0.05445,-4.49829e-007,5.49946e-007,0.05445,363,0
123.651,3.11e-017,-4.38544e-017,2.82784e-017,0,2.01155,30.053,0.718642,0,0,0.281358,1,0.0546,-4.49829e-007,5.49946e-007,0.0546,364,0
123.677,4.47571e-017,-5.41591e-017,1.50883e-017,0,2.01222,30.0548,0.718549,0,0,0.281451,1,0.05475,-4.49829e-007,5.49946e-007,0.05475,365,0
123.703,3.72208e-017,-6.7587e-017,2.28978e-018,0,2.01326,30.0618,0.718404,0,0,0.281596,1,0.0549,-4.49829e-007,5.49946e-007,0.0549,366,0
123.728,1.67883e-017,-7.33873e-017,-3.4154e-018,0,2.01409,30.0671,0.718288,0,0,0.281712,1,0.05505,-4.49829e-007,5.49946e-007,0.05505,367,0
123.753,2.12716e-017,-5.95808e-017,1.88358e-018,0,2.01373,30.0578,0.718337,0,0,0.281663,1,0.0552,-4.49829e-007,5.49946e-007,0.0552,368,0
123.777,2.45677e-017,-4.4029e-017,7.77234e-018,0,2.01339,30.0486,0.718384,0,0,0.281616,1,0.05535,-4.49829e-007,5.49946e-007,0.05535,369,0
123.802,1.78046e-017,-1.36855e-017,1.86598e-017,0,2.01316,30.0404,0.718416,0,0,0.281584,1,0.0555,-4.49829e-007,5.49946e-007,0.0555,370,0
123.827,1.10414e-017,1.66588e-017,2.95475e-017,0,2.01293,30.0322,0.718448,0,0,0.281552,1,0.05565,-4.49829e-007,5.49946e-007,0.05565,371,0
123.851,8.82254e-018,2.65232e-017,3.21692e-017,0,2.01327,30.0318,0.7184,0,0,0.2816,1,0.0558,-4.49829e-007,5.49946e-007,0.0558,372,0
123.875,9.31228e-018,1.28097e-017,2.39314e-017,0,2.01434,30.0412,0.718251,0,0,0.281749,1,0.05595,-4.49829e-007,5.49946e-007,0.05595,373,0
123.899,9.5329e-018,1.65343e-018,1.60927e-017,0,2.01552,30.0519,0.718087,0,0,0.281913,1,0.0561,-4.49829e-007,5.49946e-007,0.0561,374,0
123.923,8.71461e-018,-6.63441e-018,8.28619e-018,0,2.01682,30.064,0.717904,0,0,0.282096,1,0.05625,-4.49829e-007,5.49946e-007,0.05625,375,0
123.947,7.89633e-018,-1.49223e-017,4.79674e-019,0,2.01813,30.0761,0.717722,0,0,0.282278,1,0.0564,-4.49829e-007,5.49946e-007,0.0564,376,0
123.971,1.35538e-017,-1.55572e-017,-5.39152e-018,0,2.01925,30.0857,0.717565,0,0,0.282434,1,0.05655,-4.49829e-007,5.49946e-007,0.05655,377,0
123.994,6.47105e-018,-1.97484e-017,-2.74576e-018,0,2.01964,30.0857,0.717511,0,0,0.282489,1,0.0567,-4.49829e-007,5.49946e-007,0.0567,378,0
124.016,-6.24788e-018,-2.74045e-017,1.64067e-018,0,2.01989,30.084,0.717476,0,0,0.282524,1,0.05685,-4.49829e-007,5.49946e-007,0.05685,379,0
124.039,-1.89671e-017,-3.50607e-017,6.02721e-018,0,2.02014,30.0823,0.717441,0,0,0.282559,1,0.057,-4.49829e-007,5.49946e-007,0.057,380,0
124.062,-3.01531e-017,-3.84325e-017,7.76655e-018,0,2.02043,30.0808,0.717401,0,0,0.282599,1,0.05715,-4.49829e-007,5.49946e-007,0.05715,381,0
124.084,-3.76861e-017,-3.11248e-017,3.03748e-018,0,2.02079,30.08,0.71735,0,0,0.28265,1,0.0573,-4.49829e-007,5.49946e-007,0.0573,382,0
124.107,-3.57494e-017,-3.14854e-017,7.81673e-018,0,2.0214,30.0827,0.717264,0,0,0.282736,1,0.05745,-4.49829e-007,5.49946e-007,0.05745,383,0
124.129,-2.74522e-017,-3.69968e-017,1.89825e-017,0,2.02219,30.0876,0.717154,0,0,0.282846,1,0.0576,-4.49829e-007,5.49946e-007,0.0576,384,0
124.151,-1.66257e-017,-3.24923e-017,1.84102e-017,0,2.02311,30.0937,0.717025,0,0,0.282975,1,0.05775,-4.49829e-007,5.49946e-007,0.05775,385,0
124.173,-2.79155e-018,-2.60253e-017,1.40718e-017,0,2.02411,30.1009,0.716885,0,0,0.283115,1,0.0579,-4.49829e-007,5.49946e-007,0.0579,386,0
124.194,1.10423e-017,-1.95586e-017,9.7334e-018,0,2.02512,30.1081,0.716745,0,0,0.283255,1,0.05805,-4.49829e-007,5.49946e-007,0.05805,387,0
124.216,9.36824e-018,-1.43455e-017,7.38604e-018,0,2.02585,30.1123,0.716642,0,0,0.283358,1,0.0582,-4.49829e-007,5.49946e-007,0.0582,388,0
124.237,-1.59222e-018,-9.88315e-018,6.23091e-018,0,2.02643,30.1147,0.716561,0,0,0.283439,1,0.05835,-4.49829e-007,5.49946e-007,0.05835,389,0
124.258,-1.59337e-017,-6.37043e-018,1.01152e-017,0,2.02699,30.1163,0.716482,0,0,0.283518,1,0.0585,-4.49829e-007,5.49946e-007,0.0585,390,0
124.279,-1.74872e-017,-4.44225e-018,1.1236e-018,0,2.02755,30.1182,0.716404,0,0,0.283596,1,0.05865,-4.49829e-007,5.49946e-007,0.05865,391,0
124.299,-2.00315e-017,-2.68126e-018,-8.43912e-018,0,2.02819,30.121,0.716315,0,0,0.283685,1,0.0588,-4.49829e-007,5.49946e-007,0.0588,392,0
124.32,-2.2576e-017,-9.20218e-019,-1.80021e-017,0,2.02883,30.1238,0.716225,0,0,0.283775,1,0.05895,-4.49829e-007,5.49946e-007,0.05895,393,0
124.34,-2.51203e-017,8.40774e-019,-2.75648e-017,0,2.02947,30.1266,0.716135,0,0,0.283865,1,0.0591,-4.49829e-007,5.49946e-007,0.0591,394,0
124.36,-1.94471e-017,-1.60389e-018,-1.60185e-017,0,2.02975,30.1256,0.716096,0,0,0.283904,1,0.05925,-4.49829e-007,5.49946e-007,0.05925,395,0
124.379,-1.31285e-017,-4.37886e-018,-2.81424e-018,0,2.03,30.1243,0.716061,0,0,0.283939,1,0.0594,-4.49829e-007,5.49946e-007,0.0594,396,0
124.399,-6.2822e-018,-7.07411e-018,9.87233e-018,0,2.03026,30.1229,0.716024,0,0,0.283976,1,0.05955,-4.49829e-007,5.49946e-007,0.05955,397,0
124.418,5.04214e-018,-9.09361e-018,1.81703e-017,0,2.03063,30.1217,0.715973,0,0,0.284027,1,0.0597,-4.49829e-007,5.49946e-007,0.0597,398,0
124.438,1.63668e-017,-1.11132e-017,2.64684e-017,0,2.03099,30.1205,0.715922,0,0,0.284078,1,0.05985,-4.49829e-007,5.49946e-007,0.05985,399,0
124.457,2.41746e-017,-9.89573e-018,3.32866e-017,0,2.03132,30.1196,0.715877,0,0,0.284123,1,0.06,-4.49829e-007,5.49946e-007,0.06,400,0
124.476,1.86293e-017,-8.57037e-018,2.2915e-017,0,2.03191,30.1237,0.715795,0,0,0.284205,1,0.06015,-4.49829e-007,5.49946e-007,0.06015,401,0
124.494,1.30838e-017,-7.24497e-018,1.25431e-017,0,2.03249,30.1278,0.715712,0,0,0.284288,1,0.0603,-4.49829e-007,5.49946e-007,0.0603,402,0
124.513,7.5385e-018,-5.91961e-018,2.17151e-018,0,2.03308,30.1319,0.71563,0,0,0.28437,1,0.06045,-4.49829e-007,5.49946e-007,0.06045,403,0
124.531,2.99182e-018,-3.44009e-018,-1.04421e-017,0,2.03375,30.1367,0.715537,0,0,0.284463,1,0.0606,-4.49829e-007,5.49946e-007,0.0606,404,0
124.55,-3.29204e-019,4.41659e-019,-2.59242e-017,0,2.0345,30.1424,0.715431,0,0,0.284569,1,0.06075,-4.49829e-007,5.49946e-007,0.06075,405,0
124.568,-3.71425e-018,2.9098e-018,-3.03275e-017,0,2.03512,30.1465,0.715345,0,0,0.284655,1,0.0609,-4.49829e-007,5.49946e-007,0.0609,406,0
124.586,-1.14434e-017,3.94423e-018,-1.27282e-017,0,2.03564,30.1494,0.715273,0,0,0.284727,1,0.06105,-4.49829e-007,5.49946e-007,0.06105,407,0
124.603,-1.20189e-017,-1.12274e-018,-8.99916e-018,0,2.03638,30.1552,0.715169,0,0,0.284831,1,0.0612,-4.49829e-007,5.49946e-007,0.0612,408,0
124.62,-1.3138e-017,-1.58896e-018,3.30906e-018,0,2.0369,30.1578,0.715096,0,0,0.284904,1,0.06135,-4.49829e-007,5.49946e-007,0.06135,409,0
124.638,-1.42571e-017,-2.05519e-018,1.56173e-017,0,2.03743,30.1603,0.715022,0,0,0.284978,1,0.0615,-4.49829e-007,5.49946e-007,0.0615,410,0
124.655,-1.53762e-017,-2.52142e-018,2.79258e-017,0,2.03795,30.1629,0.714949,0,0,0.285051,1,0.06165,-4.49829e-007,5.49946e-007,0.06165,411,0
124.672,-1.64953e-017,-2.98765e-018,4.0234e-017,0,2.03848,30.1655,0.714875,0,0,0.285125,1,0.0618,-4.49829e-007,5.49946e-007,0.0618,412,0
124.689,-1.62621e-017,-8.84424e-018,2.05187e-017,0,2.03956,30.1761,0.714724,0,0,0.285276,1,0.06195,-4.49829e-007,5.49946e-007,0.06195,413,0
124.706,-1.56594e-017,-1.61734e-017,-7.945e-018,0,2.0408,30.189,0.714551,0,0,0.285449,1,0.0621,-4.49829e-007,5.49946e-007,0.0621,414,0
124.721,-1.36512e-017,-1.61227e-017,-1.43648e-017,0,2.04133,30.1923,0.714477,0,0,0.285523,1,0.06225,-4.49829e-007,5.49946e-007,0.06225,415,0
124.737,-1.14119e-017,-1.42906e-017,-1.42061e-017,0,2.04166,30.193,0.71443,0,0,0.28557,1,0.0624,-4.49829e-007,5.49946e-007,0.0624,416,0
124.753,-9.17264e-018,-1.24585e-017,-1.40474e-017,0,2.042,30.1937,0.714383,0,0,0.285617,1,0.06255,-4.49829e-007,5.49946e-007,0.06255,417,0
124.768,-6.93332e-018,-1.06264e-017,-1.38887e-017,0,2.04233,30.1943,0.714337,0,0,0.285663,1,0.0627,-4.49829e-007,5.49946e-007,0.0627,418,0
124.784,1.95859e-019,-1.03251e-017,-1.16477e-017,0,2.04205,30.1868,0.714376,0,0,0.285624,1,0.06285,-4.49829e-007,5.49946e-007,0.06285,419,0
124.8,7.79528e-018,-1.00796e-017,-9.13923e-018,0,2.04171,30.1785,0.714424,0,0,0.285576,1,0.063,-4.49829e-007,5.49946e-007,0.063,420,0
124.815,1.06164e-017,-6.80948e-018,-7.29133e-018,0,2.04175,30.1752,0.714419,0,0,0.285581,1,0.06315,-4.49829e-007,5.49946e-007,0.06315,421,0
124.83,4.83697e-018,1.10031e-018,-1.01782e-017,0,2.04239,30.1797,0.714329,0,0,0.285671,1,0.0633,-4.49829e-007,5.49946e-007,0.0633,422,0
124.844,-1.06113e-018,3.40844e-018,-1.10753e-017,0,2.04287,30.1817,0.714261,0,0,0.285739,1,0.06345,-4.49829e-007,5.49946e-007,0.06345,423,0
124.859,-6.79875e-018,-2.76141e-019,-9.68325e-018,0,2.04315,30.1805,0.714222,0,0,0.285778,1,0.0636,-4.49829e-007,5.49946e-007,0.0636,424,0
124.873,-1.25361e-017,-3.96054e-018,-8.2913e-018,0,2.04344,30.1794,0.714182,0,0,0.285818,1,0.06375,-4.49829e-007,5.49946e-007,0.06375,425,0
124.887,-1.82737e-017,-7.64512e-018,-6.89929e-018,0,2.04372,30.1783,0.714142,0,0,0.285858,1,0.0639,-4.49829e-007,5.49946e-007,0.0639,426,0
124.901,-2.40113e-017,-1.13297e-017,-5.50727e-018,0,2.044,30.1772,0.714103,0,0,0.285897,1,0.06405,-4.49829e-007,5.49946e-007,0.06405,427,0
124.915,-1.96492e-017,-1.14138e-017,-6.66362e-018,0,2.04474,30.1824,0.714,0,0,0.286,1,0.0642,-4.49829e-007,5.49946e-007,0.0642,428,0
124.928,-1.05859e-017,-9.82195e-018,-9.00617e-018,0,2.04569,30.1904,0.713867,0,0,0.286133,1,0.06435,-4.49829e-007,5.49946e-007,0.06435,429,0
124.942,-8.88678e-019,-9.26362e-018,-1.03401e-017,0,2.04653,30.197,0.71375,0,0,0.28625,1,0.0645,-4.49829e-007,5.49946e-007,0.0645,430,0
124.956,1.13095e-017,-1.27835e-017,-7.6938e-018,0,2.04694,30.198,0.713692,0,0,0.286308,1,0.06465,-4.49829e-007,5.49946e-007,0.06465,431,0
124.969,1.70164e-017,-1.08671e-017,-6.22296e-018,0,2.04751,30.2009,0.713612,0,0,0.286388,1,0.0648,-4.49829e-007,5.49946e-007,0.0648,432,0
124.981,1.88699e-017,-5.72361e-018,-5.44996e-018,0,2.04818,30.205,0.713519,0,0,0.286481,1,0.06495,-4.49829e-007,5.49946e-007,0.06495,433,0
124.994,2.07232e-017,-5.80402e-019,-4.67699e-018,0,2.04884,30.2091,0.713427,0,0,0.286573,1,0.0651,-4.49829e-007,5.49946e-007,0.0651,434,0
125.006,1.61388e-017,3.04874e-018,-3.33807e-018,0,2.04946,30.2127,0.713339,0,0,0.286661,1,0.06525,-4.49829e-007,5.49946e-007,0.06525,435,0
125.018,5.26615e-018,5.87841e-018,-2.8762e-019,0,2.04983,30.2128,0.713288,0,0,0.286712,1,0.0654,-4.49829e-007,5.49946e-007,0.0654,436,0
125.031,-5.84119e-018,8.71731e-018,2.89364e-018,0,2.05017,30.2126,0.71324,0,0,0.28676,1,0.06555,-4.49829e-007,5.49946e-007,0.06555,437,0
125.043,-1.69491e-017,1.15564e-017,6.07507e-018,0,2.05051,30.2123,0.713192,0,0,0.286808,1,0.0657,-4.49829e-007,5.49946e-007,0.0657,438,0
125.054,-1.06531e-017,6.5691e-018,3.17836e-018,0,2.05071,30.2104,0.713164,0,0,0.286836,1,0.06585,-4.49829e-007,5.49946e-007,0.06585,439,0
125.065,-1.89513e-018,4.74798e-019,-5.78164e-019,0,2.05089,30.2083,0.713139,0,0,0.286861,1,0.066,-4.49829e-007,5.49946e-007,0.066,440,0
125.077,6.8633e-018,-5.61981e-018,-4.33487e-018,0,2.05108,30.2061,0.713114,0,0,0.286886,1,0.06615,-4.49829e-007,5.49946e-007,0.06615,441,0
125.088,1.32886e-017,-1.19706e-017,-6.68633e-018,0,2.05144,30.2061,0.713063,0,0,0.286937,1,0.0663,-4.49829e-007,5.49946e-007,0.0663,442,0
125.099,1.79798e-017,-1.83644e-017,-8.08746e-018,0,2.05193,30.2072,0.712995,0,0,0.287005,1,0.06645,-4.49829e-007,5.49946e-007,0.06645,443,0
125.11,1.65387e-017,-1.89433e-017,-7.19085e-018,0,2.05252,30.21,0.712913,0,0,0.287087,1,0.0666,-4.49829e-007,5.49946e-007,0.0666,444,0
125.12,1.13213e-017,-1.44448e-017,-2.82123e-018,0,2.05344,30.2176,0.712784,0,0,0.287216,1,0.06675,-4.49829e-007,5.49946e-007,0.06675,445,0
125.131,5.86068e-018,-9.61002e-018,1.63058e-018,0,2.05435,30.2251,0.712657,0,0,0.287343,1,0.0669,-4.49829e-007,5.49946e-007,0.0669,446,0
125.141,3.99751e-019,-4.77496e-018,6.08261e-018,0,2.05525,30.2325,0.71253,0,0,0.28747,1,0.06705,-4.49829e-007,5.49946e-007,0.06705,447,0
125.151,-5.06118e-018,6.00975e-020,1.05346e-017,0,2.05616,30.24,0.712403,0,0,0.287597,1,0.0672,-4.49829e-007,5.49946e-007,0.0672,448,0
125.161,-7.00949e-018,3.00402e-018,9.97908e-018,0,2.05655,30.2407,0.712348,0,0,0.287652,1,0.06735,-4.49829e-007,5.49946e-007,0.06735,449,0
125.171,-7.49048e-018,5.15809e-018,7.33146e-018,0,2.05673,30.2387,0.712323,0,0,0.287677,1,0.0675,-4.49829e-007,5.49946e-007,0.0675,450,0
125.18,-7.97147e-018,7.31217e-018,4.68385e-018,0,2.05691,30.2367,0.712298,0,0,0.287702,1,0.06765,-4.49829e-007,5.49946e-007,0.06765,451,0
125.189,-7.74272e-018,6.88066e-018,4.14444e-018,0,2.05735,30.2375,0.712236,0,0,0.287764,1,0.0678,-4.49829e-007,5.49946e-007,0.0678,452,0
125.198,-7.39926e-018,5.67624e-018,4.24085e-018,0,2.0579,30.2395,0.712159,0,0,0.287841,1,0.06795,-4.49829e-007,5.49946e-007,0.06795,453,0
125.207,-7.0558e-018,4.47183e-018,4.33725e-018,0,2.05845,30.2415,0.712083,0,0,0.287917,1,0.0681,-4.49829e-007,5.49946e-007,0.0681,454,0
125.216,-6.71236e-018,3.26747e-018,4.43366e-018,0,2.059,30.2434,0.712006,0,0,0.287994,1,0.06825,-4.49829e-007,5.49946e-007,0.06825,455,0
125.224,-5.81452e-018,2.01355e-018,5.20972e-018,0,2.0596,30.2456,0.711921,0,0,0.288079,1,0.0684,-4.49829e-007,5.49946e-007,0.0684,456,0
125.232,-4.22798e-018,6.98134e-019,6.83011e-018,0,2.06029,30.2481,0.711825,0,0,0.288175,1,0.06855,-4.49829e-007,5.49946e-007,0.06855,457,0
125.24,-2.64151e-018,-6.17222e-019,8.45043e-018,0,2.06098,30.2505,0.711729,0,0,0.288271,1,0.0687,-4.49829e-007,5.49946e-007,0.0687,458,0
125.248,-3.90352e-018,-3.93375e-018,2.75915e-018,0,2.06185,30.2555,0.711607,0,0,0.288393,1,0.06885,-4.49829e-007,5.49946e-007,0.06885,459,0
125.256,-4.21252e-018,-5.7058e-018,5.73626e-019,0,2.06271,30.2594,0.711486,0,0,0.288514,1,0.069,-4.49829e-007,5.49946e-007,0.069,460,0
125.263,-3.46713e-018,-6.10469e-018,1.86036e-018,0,2.06355,30.2622,0.711369,0,0,0.288631,1,0.06915,-4.49829e-007,5.49946e-007,0.06915,461,0
125.271,-2.72171e-018,-6.50359e-018,3.14716e-018,0,2.06438,30.265,0.711253,0,0,0.288747,1,0.0693,-4.49829e-007,5.49946e-007,0.0693,462,0
125.278,-2.15979e-018,-6.47178e-018,4.33606e-018,0,2.06526,30.2682,0.711129,0,0,0.288871,1,0.06945,-4.49829e-007,5.49946e-007,0.06945,463,0
125.285,-2.57194e-018,-4.15377e-018,5.00527e-018,0,2.06639,30.2733,0.710971,0,0,0.289029,1,0.0696,-4.49829e-007,5.49946e-007,0.0696,464,0
125.292,-1.03109e-018,-1.55256e-018,5.26123e-018,0,2.06764,30.2793,0.710797,0,0,0.289203,1,0.06975,-4.49829e-007,5.49946e-007,0.06975,465,0
125.298,1.33244e-018,1.1679e-018,5.34309e-018,0,2.06893,30.2858,0.710616,0,0,0.289384,1,0.0699,-4.49829e-007,5.49946e-007,0.0699,466,0
125.305,3.14365e-018,3.33715e-018,5.15965e-018,0,2.0703,30.2927,0.710424,0,0,0.289576,1,0.07005,-4.49829e-007,5.49946e-007,0.07005,467,0
125.311,2.50439e-018,3.06099e-018,3.79887e-018,0,2.07203,30.302,0.710183,0,0,0.289817,1,0.0702,-4.49829e-007,5.49946e-007,0.0702,468,0
125.317,1.86513e-018,2.78483e-018,2.43808e-018,0,2.07375,30.3112,0.709942,0,0,0.290058,1,0.07035,-4.49829e-007,5.49946e-007,0.07035,469,0
125.323,1.12116e-018,1.80254e-018,1.33852e-018,0,2.07547,30.3198,0.709702,0,0,0.290298,1,0.0705,-4.49829e-007,5.49946e-007,0.0705,470,0
125.328,5.93287e-019,5.75837e-019,2.10539e-018,0,2.07716,30.3266,0.709466,0,0,0.290535,1,0.07065,-4.49829e-007,5.49946e-007,0.07065,471,0
125.333,2.55336e-019,-4.15784e-019,3.87652e-018,0,2.07884,30.3326,0.70923,0,0,0.29077,1,0.0708,-4.49829e-007,5.49946e-007,0.0708,472,0
125.338,-4.74372e-019,-1.20157e-018,5.56483e-018,0,2.08039,30.3368,0.709014,0,0,0.290986,1,0.07095,-4.49829e-007,5.49946e-007,0.07095,473,0
125.344,-1.14821e-018,-1.89159e-018,7.0509e-018,0,2.0819,30.3406,0.708802,0,0,0.291198,1,0.0711,-4.49829e-007,5.49946e-007,0.0711,474,0
125.348,9.03279e-019,-2.52693e-018,6.57044e-018,0,2.08376,30.3475,0.708542,0,0,0.291458,1,0.07125,-4.49829e-007,5.49946e-007,0.07125,475,0
125.353,2.83964e-018,-2.40372e-018,5.2682e-018,0,2.08565,30.3542,0.708278,0,0,0.291722,1,0.0714,-4.49829e-007,5.49946e-007,0.0714,476,0
125.358,4.73591e-018,-2.01551e-018,3.6788e-018,0,2.08755,30.3607,0.708012,0,0,0.291988,1,0.07155,-4.49829e-007,5.49946e-007,0.07155,477,0
125.362,2.58463e-018,-4.51152e-019,3.05799e-018,0,2.08986,30.3713,0.707689,0,0,0.292311,1,0.0717,-4.49829e-007,5.49946e-007,0.0717,478,0
125.366,1.73547e-019,1.18875e-018,2.49929e-018,0,2.0922,30.3821,0.707362,0,0,0.292638,1,0.07185,-4.49829e-007,5.49946e-007,0.07185,479,0
125.37,-2.23753e-018,2.82865e-018,1.94058e-018,0,2.09454,30.393,0.707035,0,0,0.292965,1,0.072,-4.49829e-007,5.49946e-007,0.072,480,0
125.373,-4.11757e-018,3.48918e-018,1.31662e-018,0,2.09673,30.4019,0.706728,0,0,0.293272,1,0.07215,-4.49829e-007,5.49946e-007,0.07215,481,0
125.377,-5.60795e-018,3.43086e-018,6.447e-019,0,2.09881,30.4095,0.706437,0,0,0.293563,1,0.0723,-4.49829e-007,5.49946e-007,0.0723,482,0
125.381,-6.40101e-018,3.93585e-018,2.36453e-019,0,2.10087,30.4175,0.706149,0,0,0.293851,1,0.07245,-4.49829e-007,5.49946e-007,0.07245,483,0
125.384,-5.35533e-018,4.45306e-018,1.48095e-018,0,2.10299,30.4264,0.705853,0,0,0.294147,1,0.0726,-4.49829e-007,5.49946e-007,0.0726,484,0
125.386,-4.29554e-018,4.96852e-018,2.67555e-018,0,2.10514,30.4357,0.705552,0,0,0.294448,1,0.07275,-4.49829e-007,5.49946e-007,0.07275,485,0
125.389,-2.26686e-018,4.21338e-018,2.90621e-018,0,2.10697,30.4417,0.705296,0,0,0.294704,1,0.0729,-4.49829e-007,5.49946e-007,0.0729,486,0
125.392,-1.2438e-019,3.30891e-018,3.02355e-018,0,2.10876,30.4473,0.705045,0,0,0.294955,1,0.07305,-4.49829e-007,5.49946e-007,0.07305,487,0
125.395,2.0182e-018,2.4044e-018,3.1409e-018,0,2.11055,30.4529,0.704795,0,0,0.295205,1,0.0732,-4.49829e-007,5.49946e-007,0.0732,488,0
125.397,2.39022e-018,1.85344e-018,3.1474e-018,0,2.11235,30.4612,0.704543,0,0,0.295457,1,0.07335,-4.49829e-007,5.49946e-007,0.07335,489,0
125.398,1.75009e-018,1.5046e-018,3.09053e-018,0,2.11416,30.4712,0.70429,0,0,0.29571,1,0.0735,-4.49829e-007,5.49946e-007,0.0735,490,0
125.4,1.10992e-018,1.15575e-018,3.03366e-018,0,2.11596,30.4812,0.704038,0,0,0.295962,1,0.07365,-4.49829e-007,5.49946e-007,0.07365,491,0
125.401,5.83927e-019,6.85266e-019,2.58408e-018,0,2.11763,30.4899,0.703804,0,0,0.296196,1,0.0738,-4.49829e-007,5.49946e-007,0.0738,492,0
125.403,5.41246e-019,3.4363e-019,1.93395e-018,0,2.11915,30.4967,0.703592,0,0,0.296408,1,0.07395,-4.49829e-007,5.49946e-007,0.07395,493,0
125.405,1.15376e-018,4.83848e-019,1.7096e-018,0,2.12067,30.5023,0.703379,0,0,0.296621,1,0.0741,-4.49829e-007,5.49946e-007,0.0741,494,0
125.406,1.10719e-018,4.26827e-019,1.40902e-018,0,2.12152,30.5066,0.703261,0,0,0.296739,1,0.07425,-4.49829e-007,5.49946e-007,0.07425,495,0
125.406,8.40333e-019,3.03884e-019,1.08298e-018,0,2.12214,30.5104,0.703173,0,0,0.296827,1,0.0744,-4.49829e-007,5.49946e-007,0.0744,496,0
125.407,5.73464e-019,1.80934e-019,7.56916e-019,0,2.12277,30.5143,0.703086,0,0,0.296914,1,0.07455,-4.49829e-007,5.49946e-007,0.07455,497,0
125.408,3.06595e-019,5.79846e-020,4.30855e-019,0,2.12339,30.5181,0.702998,0,0,0.297002,1,0.0747,-4.49829e-007,5.49946e-007,0.0747,498,0
125.408,1.47178e-019,2.25076e-020,2.06835e-019,0,2.12405,30.522,0.702907,0,0,0.297093,1,0.07485,-4.49829e-007,5.49946e-007,0.07485,499,0
125.409,4.13997e-035,1.48076e-035,4.33051e-035,0,2.12471,30.5259,0.702814,0,0,0.297186,1,0.075,-4.49829e-007,5.49946e-007,0.075,500,0
