TemperatureC,Vitesse:0,Vitesse:1,Vitesse:2,FractionLiq,Concentration_carbon,Concentration_chromium,FractionBCC,FractionFCC,FractionM7C3,FractionCementite,vtkValidPointMask,arc_length,Points:0,Points:1,Points:2,vtkOriginalIndices,__vtkIsSelected__
101.667,2.83365e-032,6.25571e-032,3.5832e-032,0,1.98061,29.992,0.717738,0.00523127,0,0.27703,1,0,-0.00297761,-0.00304722,0,0,0
101.765,-7.00532e-018,-1.54653e-017,-8.85835e-018,0,1.97794,29.9652,0.718103,0.00524023,0,0.276657,1,0.00015,-0.00297761,-0.00304722,0.00015,1,0
101.863,-1.40106e-017,-3.09306e-017,-1.77167e-017,0,1.97527,29.9384,0.718467,0.0052492,0,0.276284,1,0.0003,-0.00297761,-0.00304722,0.0003,2,0
101.962,-1.43645e-017,-5.06542e-017,-3.5984e-017,0,1.97313,29.9188,0.718762,0.00525436,0,0.275983,1,0.00045,-0.00297761,-0.00304722,0.00045,3,0
102.06,-1.44278e-017,-7.05638e-017,-5.46623e-017,0,1.97101,29.8994,0.719054,0.00525936,0,0.275686,1,0.0006,-0.00297761,-0.00304722,0.0006,4,0
102.158,-1.03159e-017,-7.92112e-017,-6.11893e-017,0,1.96828,29.8728,0.719424,0.00526996,0,0.275306,1,0.00075,-0.00297761,-0.00304722,0.00075,5,0
102.256,-1.39422e-018,-7.48842e-017,-5.37176e-017,0,1.96487,29.8379,0.719884,0.00528701,0,0.274829,1,0.0009,-0.00297761,-0.00304722,0.0009,6,0
102.353,-9.66369e-018,-7.1514e-017,-3.08096e-017,0,1.96286,29.8216,0.72015,0.00530246,0,0.274547,1,0.00105,-0.00297761,-0.00304722,0.00105,7,0
102.45,-4.21963e-017,-6.94942e-017,1.38847e-017,0,1.96282,29.8315,0.720142,0.00531563,0,0.274542,1,0.0012,-0.00297761,-0.00304722,0.0012,8,0
102.546,-4.92493e-017,-5.22513e-017,4.1919e-017,0,1.96223,29.832,0.720238,0.00530235,0,0.274459,1,0.00135,-0.00297761,-0.00304722,0.00135,9,0
102.642,-5.14997e-017,-3.21392e-017,6.68133e-017,0,1.96154,29.8308,0.720354,0.00528407,0,0.274362,1,0.0015,-0.00297761,-0.00304722,0.0015,10,0
102.739,-4.34016e-017,-2.26338e-017,1.04768e-016,0,1.96078,29.8304,0.720465,0.00527925,0,0.274256,1,0.00165,-0.00297761,-0.00304722,0.00165,11,0
102.835,-3.49869e-017,-1.34529e-017,1.43122e-016,0,1.96002,29.83,0.720575,0.00527483,0,0.27415,1,0.0018,-0.00297761,-0.00304722,0.0018,12,0
102.931,-2.65723e-017,-4.27194e-018,1.81476e-016,0,1.95926,29.8297,0.720686,0.00527042,0,0.274044,1,0.00195,-0.00297761,-0.00304722,0.00195,13,0
103.026,-3.02895e-017,4.49576e-017,1.7824e-016,0,1.95908,29.8266,0.720801,0.00518032,0,0.274018,1,0.0021,-0.00297761,-0.00304722,0.0021,14,0
103.121,-3.56934e-017,9.97553e-017,1.69221e-016,0,1.95898,29.8232,0.720917,0.0050783,0,0.274005,1,0.00225,-0.00297761,-0.00304722,0.00225,15,0
103.215,-4.16645e-017,1.52237e-016,1.55552e-016,0,1.95895,29.8208,0.721022,0.00497745,0,0.274001,1,0.0024,-0.00297761,-0.00304722,0.0024,16,0
103.31,-5.20329e-017,1.86763e-016,1.05829e-016,0,1.95951,29.8267,0.721035,0.00488566,0,0.274079,1,0.00255,-0.00297761,-0.00304722,0.00255,17,0
103.405,-6.24013e-017,2.2129e-016,5.61064e-017,0,1.96007,29.8325,0.721049,0.00479386,0,0.274157,1,0.0027,-0.00297761,-0.00304722,0.0027,18,0
103.5,-5.46428e-017,2.35368e-016,3.98307e-018,0,1.95992,29.8303,0.721151,0.00471212,0,0.274137,1,0.00285,-0.00297761,-0.00304722,0.00285,19,0
103.593,-3.45417e-017,2.40013e-016,-3.04756e-018,0,1.95998,29.8333,0.7212,0.00465602,0,0.274144,1,0.003,-0.00297761,-0.00304722,0.003,20,0
103.687,1.20732e-017,2.15118e-016,2.19395e-017,0,1.96011,29.8326,0.721269,0.00456834,0,0.274163,1,0.00315,-0.00297761,-0.00304722,0.00315,21,0
103.78,5.86881e-017,1.90222e-016,4.69266e-017,0,1.96024,29.8319,0.721338,0.00448066,0,0.274181,1,0.0033,-0.00297761,-0.00304722,0.0033,22,0
103.873,9.75133e-017,1.50926e-016,6.19047e-017,0,1.96053,29.8336,0.721383,0.00439444,0,0.274222,1,0.00345,-0.00297761,-0.00304722,0.00345,23,0
103.967,1.27674e-016,9.56135e-017,6.57496e-017,0,1.96101,29.8378,0.721401,0.00430986,0,0.274289,1,0.0036,-0.00297761,-0.00304722,0.0036,24,0
104.06,1.40802e-016,5.41469e-017,6.53407e-017,0,1.9613,29.8404,0.721441,0.004229,0,0.274329,1,0.00375,-0.00297761,-0.00304722,0.00375,25,0
104.152,9.52536e-017,6.03797e-017,5.0278e-017,0,1.96094,29.8372,0.72156,0.00416099,0,0.274278,1,0.0039,-0.00297761,-0.00304722,0.0039,26,0
104.244,4.97057e-017,6.66125e-017,3.52153e-017,0,1.96057,29.834,0.72168,0.00409297,0,0.274227,1,0.00405,-0.00297761,-0.00304722,0.00405,27,0
104.336,3.10815e-018,7.10345e-017,2.09043e-017,0,1.9602,29.8307,0.7218,0.00402407,0,0.274176,1,0.0042,-0.00297761,-0.00304722,0.0042,28,0
104.427,-1.87845e-017,4.99169e-017,-3.50175e-018,0,1.96015,29.8323,0.72187,0.00396182,0,0.274168,1,0.00435,-0.00297761,-0.00304722,0.00435,29,0
104.519,-3.61798e-017,2.72706e-017,-3.00936e-017,0,1.96013,29.8346,0.721933,0.00390145,0,0.274165,1,0.0045,-0.00297761,-0.00304722,0.0045,30,0
104.61,-5.41541e-017,1.27515e-017,-5.59713e-017,0,1.96021,29.8361,0.721997,0.00382659,0,0.274177,1,0.00465,-0.00297761,-0.00304722,0.00465,31,0
104.701,-6.58728e-017,3.15667e-017,-6.56378e-017,0,1.96058,29.8336,0.72207,0.00370152,0,0.274228,1,0.0048,-0.00297761,-0.00304722,0.0048,32,0
104.791,-5.28148e-017,4.07327e-017,-3.90789e-017,0,1.96051,29.8316,0.722162,0.00361928,0,0.274219,1,0.00495,-0.00297761,-0.00304722,0.00495,33,0
104.881,-3.97568e-017,4.98988e-017,-1.252e-017,0,1.96045,29.8296,0.722254,0.00353704,0,0.274209,1,0.0051,-0.00297761,-0.00304722,0.0051,34,0
104.971,-2.66988e-017,5.90648e-017,1.4039e-017,0,1.96038,29.8276,0.722346,0.0034548,0,0.2742,1,0.00525,-0.00297761,-0.00304722,0.00525,35,0
105.061,-1.36409e-017,6.82308e-017,4.05978e-017,0,1.96031,29.8257,0.722438,0.00337256,0,0.27419,1,0.0054,-0.00297761,-0.00304722,0.0054,36,0
105.151,-4.48123e-018,6.5437e-017,6.95669e-017,0,1.96082,29.8295,0.722456,0.00328283,0,0.274261,1,0.00555,-0.00297761,-0.00304722,0.00555,37,0
105.241,1.85063e-017,4.23108e-017,7.66531e-017,0,1.96236,29.8438,0.722358,0.0031643,0,0.274478,1,0.0057,-0.00297761,-0.00304722,0.0057,38,0
105.33,-1.30266e-017,3.5452e-017,6.91627e-017,0,1.96298,29.8474,0.722347,0.00308961,0,0.274564,1,0.00585,-0.00297761,-0.00304722,0.00585,39,0
105.419,-3.30557e-017,6.99405e-018,4.12871e-017,0,1.96344,29.8516,0.722354,0.0030177,0,0.274628,1,0.006,-0.00297761,-0.00304722,0.006,40,0
105.507,-4.49525e-017,-3.27408e-017,4.15645e-018,0,1.96387,29.8565,0.722367,0.00294511,0,0.274688,1,0.00615,-0.00297761,-0.00304722,0.00615,41,0
105.596,-5.68493e-017,-7.24756e-017,-3.29742e-017,0,1.96429,29.8615,0.72238,0.00287253,0,0.274747,1,0.0063,-0.00297761,-0.00304722,0.0063,42,0
105.685,-6.87461e-017,-1.1221e-016,-7.01047e-017,0,1.96472,29.8665,0.722393,0.00279994,0,0.274807,1,0.00645,-0.00297761,-0.00304722,0.00645,43,0
105.773,-5.87826e-017,-1.34769e-016,-9.81387e-017,0,1.9647,29.8649,0.722456,0.00274021,0,0.274804,1,0.0066,-0.00297761,-0.00304722,0.0066,44,0
105.86,-3.49237e-017,-1.01501e-016,-5.10458e-017,0,1.9639,29.8551,0.722623,0.00268441,0,0.274692,1,0.00675,-0.00297761,-0.00304722,0.00675,45,0
105.947,-1.10648e-017,-6.82325e-017,-3.95266e-018,0,1.9631,29.8453,0.722791,0.00262861,0,0.27458,1,0.0069,-0.00297761,-0.00304722,0.0069,46,0
106.035,1.27941e-017,-3.49643e-017,4.31403e-017,0,1.9623,29.8355,0.722958,0.00257282,0,0.274469,1,0.00705,-0.00297761,-0.00304722,0.00705,47,0
106.122,3.6653e-017,-1.69587e-018,9.02334e-017,0,1.9615,29.8257,0.723126,0.00251702,0,0.274357,1,0.0072,-0.00297761,-0.00304722,0.0072,48,0
106.209,6.05969e-017,3.1279e-017,1.35604e-016,0,1.96074,29.8163,0.723287,0.00246142,0,0.274251,1,0.00735,-0.00297761,-0.00304722,0.00735,49,0
106.296,7.6122e-017,6.20886e-017,1.52099e-016,0,1.96064,29.8132,0.723365,0.0023987,0,0.274236,1,0.0075,-0.00297761,-0.00304722,0.0075,50,0
106.382,8.1418e-017,3.71168e-017,1.48271e-016,0,1.96049,29.8113,0.723436,0.00234807,0,0.274215,1,0.00765,-0.00297761,-0.00304722,0.00765,51,0
106.468,9.37736e-017,1.43276e-017,1.44685e-016,0,1.96144,29.8178,0.723359,0.00229193,0,0.274348,1,0.0078,-0.00297761,-0.00304722,0.0078,52,0
106.554,8.10644e-017,-1.36317e-017,8.96835e-017,0,1.96225,29.8245,0.723291,0.00224727,0,0.274462,1,0.00795,-0.00297761,-0.00304722,0.00795,53,0
106.64,6.83552e-017,-4.15908e-017,3.46822e-017,0,1.96306,29.8311,0.723222,0.0022026,0,0.274575,1,0.0081,-0.00297761,-0.00304722,0.0081,54,0
106.726,5.56459e-017,-6.955e-017,-2.03191e-017,0,1.96387,29.8378,0.723153,0.00215793,0,0.274689,1,0.00825,-0.00297761,-0.00304722,0.00825,55,0
106.811,4.15153e-017,-1.98003e-017,9.17936e-017,0,1.96436,29.8457,0.723153,0.00208919,0,0.274758,1,0.0084,-0.00297761,-0.00304722,0.0084,56,0
106.896,3.15093e-017,-8.32174e-017,1.72804e-017,0,1.96532,29.8512,0.723145,0.00196352,0,0.274892,1,0.00855,-0.00297761,-0.00304722,0.00855,57,0
106.98,3.57019e-017,-1.37449e-016,-5.952e-017,0,1.96596,29.8577,0.723144,0.00187621,0,0.27498,1,0.0087,-0.00297761,-0.00304722,0.0087,58,0
107.065,4.50135e-017,-1.86611e-016,-1.34222e-016,0,1.96646,29.8645,0.723146,0.00180358,0,0.275051,1,0.00885,-0.00297761,-0.00304722,0.00885,59,0
107.149,3.68673e-017,-2.20779e-016,-1.97231e-016,0,1.96704,29.8707,0.723136,0.00173216,0,0.275131,1,0.009,-0.00297761,-0.00304722,0.009,60,0
107.233,1.49534e-017,-1.5854e-016,-1.66482e-016,0,1.96747,29.8682,0.723147,0.00166085,0,0.275192,1,0.00915,-0.00297761,-0.00304722,0.00915,61,0
107.317,-1.25911e-018,-5.27795e-017,-8.94355e-017,0,1.96777,29.86,0.723182,0.00158337,0,0.275234,1,0.0093,-0.00297761,-0.00304722,0.0093,62,0
107.4,-8.68904e-018,4.11055e-017,-2.06131e-017,0,1.96806,29.8511,0.723226,0.00149919,0,0.275274,1,0.00945,-0.00297761,-0.00304722,0.00945,63,0
107.484,-1.61189e-017,1.3499e-016,4.82089e-017,0,1.96835,29.8422,0.72327,0.00141502,0,0.275315,1,0.0096,-0.00297761,-0.00304722,0.0096,64,0
107.567,-2.62281e-017,2.25766e-016,1.11292e-016,0,1.96885,29.837,0.723284,0.00133039,0,0.275386,1,0.00975,-0.00297761,-0.00304722,0.00975,65,0
107.649,-5.01453e-017,2.0207e-016,7.81928e-017,0,1.96999,29.8496,0.723193,0.00126186,0,0.275545,1,0.0099,-0.00297761,-0.00304722,0.0099,66,0
107.732,-7.65123e-017,1.7895e-016,5.29821e-017,0,1.97099,29.8617,0.723116,0.0011995,0,0.275685,1,0.01005,-0.00297761,-0.00304722,0.01005,67,0
107.814,-7.48252e-017,1.12471e-016,2.34185e-017,0,1.97197,29.8753,0.723034,0.00114468,0,0.275821,1,0.0102,-0.00297761,-0.00304722,0.0102,68,0
107.897,-5.41965e-017,2.00892e-017,-7.9248e-018,0,1.97271,29.8874,0.722975,0.00110131,0,0.275924,1,0.01035,-0.00297761,-0.00304722,0.01035,69,0
107.979,-3.35676e-017,-7.22928e-017,-3.92683e-017,0,1.97345,29.8996,0.722915,0.00105794,0,0.276028,1,0.0105,-0.00297761,-0.00304722,0.0105,70,0
108.061,4.51631e-018,-6.01448e-017,-1.61891e-016,0,1.97296,29.9005,0.723003,0.00103787,0,0.27596,1,0.01065,-0.00297761,-0.00304722,0.01065,71,0
108.142,-2.71277e-017,-3.48096e-017,-7.75505e-017,0,1.97236,29.8945,0.723126,0.000999056,0,0.275876,1,0.0108,-0.00297761,-0.00304722,0.0108,72,0
108.223,-5.68395e-017,1.42752e-017,-9.61652e-017,0,1.97186,29.8953,0.723216,0.000978303,0,0.275806,1,0.01095,-0.00297761,-0.00304722,0.01095,73,0
108.304,-6.98685e-017,4.86329e-017,-7.91339e-017,0,1.97094,29.8906,0.723368,0.00095443,0,0.275678,1,0.0111,-0.00297761,-0.00304722,0.0111,74,0
108.385,-5.90296e-017,6.19203e-017,-1.11051e-017,0,1.96942,29.8782,0.72361,0.000926092,0,0.275465,1,0.01125,-0.00297761,-0.00304722,0.01125,75,0
108.465,-4.81906e-017,7.52076e-017,5.69238e-017,0,1.96789,29.8658,0.723851,0.000897754,0,0.275251,1,0.0114,-0.00297761,-0.00304722,0.0114,76,0
108.546,-2.4172e-017,7.34102e-017,8.72434e-017,0,1.96704,29.8586,0.724003,0.000865486,0,0.275132,1,0.01155,-0.00297761,-0.00304722,0.01155,77,0
108.625,-3.58225e-018,5.39122e-017,5.68711e-017,0,1.9661,29.8538,0.724127,0.000873619,0,0.275,1,0.0117,-0.00297761,-0.00304722,0.0117,78,0
108.705,1.02297e-017,2.91522e-017,3.44449e-018,0,1.96486,29.8487,0.724266,0.000907483,0,0.274827,1,0.01185,-0.00297761,-0.00304722,0.01185,79,0
108.785,2.40416e-017,4.3921e-018,-4.99821e-017,0,1.96362,29.8436,0.724405,0.000941346,0,0.274654,1,0.012,-0.00297761,-0.00304722,0.012,80,0
108.864,6.91398e-017,5.20962e-017,-6.09247e-017,0,1.96299,29.8377,0.724542,0.000892966,0,0.274565,1,0.01215,-0.00297761,-0.00304722,0.01215,81,0
108.943,1.17143e-016,1.0653e-016,-6.79215e-017,0,1.96241,29.8317,0.724679,0.000836948,0,0.274484,1,0.0123,-0.00297761,-0.00304722,0.0123,82,0
109.022,1.61358e-016,1.56825e-016,-6.80975e-017,0,1.96176,29.8256,0.724825,0.000781474,0,0.274393,1,0.01245,-0.00297761,-0.00304722,0.01245,83,0
109.1,1.6784e-016,1.659e-016,-3.43999e-019,0,1.96042,29.8183,0.725062,0.00073142,0,0.274206,1,0.0126,-0.00297761,-0.00304722,0.0126,84,0
109.179,1.74322e-016,1.74975e-016,6.7409e-017,0,1.95909,29.8111,0.725299,0.000681367,0,0.274019,1,0.01275,-0.00297761,-0.00304722,0.01275,85,0
109.257,1.48051e-016,1.66893e-016,1.05571e-016,0,1.95901,29.8137,0.725354,0.000638032,0,0.274008,1,0.0129,-0.00297761,-0.00304722,0.0129,86,0
109.335,5.92697e-017,9.7425e-017,5.49843e-017,0,1.95992,29.8243,0.725267,0.0005971,0,0.274135,1,0.01305,-0.00297761,-0.00304722,0.01305,87,0
109.412,-2.95119e-017,2.79567e-017,4.39781e-018,0,1.96083,29.8349,0.725181,0.000556167,0,0.274262,1,0.0132,-0.00297761,-0.00304722,0.0132,88,0
109.49,-1.18293e-016,-4.15112e-017,-4.61884e-017,0,1.96174,29.8456,0.725095,0.000515235,0,0.27439,1,0.01335,-0.00297761,-0.00304722,0.01335,89,0
109.568,-1.9244e-016,-1.01016e-016,-1.0791e-016,0,1.96247,29.8544,0.725035,0.000471914,0,0.274493,1,0.0135,-0.00297761,-0.00304722,0.0135,90,0
109.645,-1.84427e-016,-1.1113e-016,-1.94924e-016,0,1.96222,29.8522,0.725123,0.000418808,0,0.274458,1,0.01365,-0.00297761,-0.00304722,0.01365,91,0
109.721,-2.0205e-016,-1.47941e-016,-1.82076e-016,0,1.96266,29.8573,0.725119,0.000361808,0,0.274519,1,0.0138,-0.00297761,-0.00304722,0.0138,92,0
109.797,-1.89252e-016,-1.32408e-016,-1.48801e-016,0,1.96254,29.8571,0.725173,0.000324639,0,0.274503,1,0.01395,-0.00297761,-0.00304722,0.01395,93,0
109.873,-1.59023e-016,-9.20856e-017,-1.07491e-016,0,1.96212,29.8538,0.725258,0.000297818,0,0.274444,1,0.0141,-0.00297761,-0.00304722,0.0141,94,0
109.949,-1.28795e-016,-5.17631e-017,-6.61806e-017,0,1.9617,29.8505,0.725344,0.000270997,0,0.274385,1,0.01425,-0.00297761,-0.00304722,0.01425,95,0
110.025,-9.85663e-017,-1.14408e-017,-2.48708e-017,0,1.96128,29.8472,0.72543,0.000244176,0,0.274326,1,0.0144,-0.00297761,-0.00304722,0.0144,96,0
110.102,-6.83378e-017,2.88815e-017,1.6439e-017,0,1.96086,29.8439,0.725515,0.000217355,0,0.274267,1,0.01455,-0.00297761,-0.00304722,0.01455,97,0
110.178,-6.46486e-017,6.18625e-017,4.31168e-017,0,1.96057,29.844,0.725588,0.00018613,0,0.274226,1,0.0147,-0.00297761,-0.00304722,0.0147,98,0
110.253,-7.94639e-017,7.04649e-017,2.99265e-017,0,1.96051,29.8468,0.725622,0.000160477,0,0.274217,1,0.01485,-0.00297761,-0.00304722,0.01485,99,0
110.327,-6.31795e-017,7.63068e-017,1.63797e-017,0,1.96038,29.8456,0.725655,0.000145086,0,0.2742,1,0.015,-0.00297761,-0.00304722,0.015,100,0
110.402,-4.68952e-017,8.21486e-017,2.83288e-018,0,1.96026,29.8445,0.725687,0.000129695,0,0.274183,1,0.01515,-0.00297761,-0.00304722,0.01515,101,0
110.477,-2.63112e-017,7.98855e-017,-5.88093e-018,0,1.96027,29.8432,0.725689,0.000126884,0,0.274184,1,0.0153,-0.00297761,-0.00304722,0.0153,102,0
110.552,-8.8479e-019,5.91834e-017,-1.00721e-017,0,1.96046,29.842,0.725641,0.000148248,0,0.27421,1,0.01545,-0.00297761,-0.00304722,0.01545,103,0
110.626,1.34754e-017,2.42597e-017,-3.01721e-017,0,1.96041,29.8423,0.725621,0.000174939,0,0.274204,1,0.0156,-0.00297761,-0.00304722,0.0156,104,0
110.701,3.98429e-017,4.15392e-017,-2.49656e-017,0,1.95958,29.833,0.725715,0.000197158,0,0.274088,1,0.01575,-0.00297761,-0.00304722,0.01575,105,0
110.774,1.52909e-017,6.29791e-017,-5.84092e-017,0,1.95909,29.8283,0.725783,0.000197363,0,0.274019,1,0.0159,-0.00297761,-0.00304722,0.0159,106,0
110.848,-8.28189e-018,7.12991e-017,-6.58817e-017,0,1.95924,29.8294,0.72578,0.000179445,0,0.27404,1,0.01605,-0.00297761,-0.00304722,0.01605,107,0
110.921,-1.20859e-017,8.20966e-017,-2.91401e-017,0,1.95966,29.8318,0.725751,0.000149299,0,0.274099,1,0.0162,-0.00297761,-0.00304722,0.0162,108,0
110.995,-1.589e-017,9.2894e-017,7.60143e-018,0,1.96008,29.8342,0.725722,0.000119153,0,0.274158,1,0.01635,-0.00297761,-0.00304722,0.01635,109,0
111.068,-1.9694e-017,1.03691e-016,4.43425e-017,0,1.9605,29.8366,0.725694,8.90073e-005,0,0.274217,1,0.0165,-0.00297761,-0.00304722,0.0165,110,0
111.141,-2.34981e-017,1.14489e-016,8.10841e-017,0,1.96092,29.839,0.725665,5.88613e-005,0,0.274276,1,0.01665,-0.00297761,-0.00304722,0.01665,111,0
111.214,-1.97912e-017,1.05196e-016,1.28808e-016,0,1.96199,29.8473,0.725547,2.78346e-005,0,0.274425,1,0.0168,-0.00297761,-0.00304722,0.0168,112,0
111.287,-7.15405e-018,8.02537e-017,1.85502e-016,0,1.96373,29.8616,0.725331,4.73875e-008,0,0.274669,1,0.01695,-0.00297761,-0.00304722,0.01695,113,0
111.359,-2.95202e-017,8.00435e-017,1.37317e-016,0,1.96418,29.8605,0.725269,1.10778e-007,0,0.274731,1,0.0171,-0.00297761,-0.00304722,0.0171,114,0
111.431,-5.09736e-017,7.87251e-017,8.81378e-017,0,1.96457,29.8593,0.725213,1.44855e-007,0,0.274787,1,0.01725,-0.00297761,-0.00304722,0.01725,115,0
111.503,-6.64396e-017,6.97977e-017,3.30126e-017,0,1.96473,29.857,0.72519,8.43206e-007,0,0.274809,1,0.0174,-0.00297761,-0.00304722,0.0174,116,0
111.575,-7.84863e-017,5.02107e-017,-1.48631e-017,0,1.96556,29.8578,0.725057,1.77977e-005,0,0.274925,1,0.01755,-0.00297761,-0.00304722,0.01755,117,0
111.647,-9.05329e-017,3.06237e-017,-6.27388e-017,0,1.9664,29.8585,0.724923,3.47522e-005,0,0.275042,1,0.0177,-0.00297761,-0.00304722,0.0177,118,0
111.719,-1.02344e-016,1.13153e-017,-1.07086e-016,0,1.96716,29.8592,0.724809,4.20067e-005,0,0.275149,1,0.01785,-0.00297761,-0.00304722,0.01785,119,0
111.79,-1.12153e-016,-5.70514e-018,-1.22916e-016,0,1.96767,29.8593,0.72478,0,0,0.27522,1,0.018,-0.00297761,-0.00304722,0.018,120,0
111.861,-1.03211e-016,-1.34132e-017,-7.07011e-017,0,1.96886,29.8591,0.724613,5.82042e-007,0,0.275386,1,0.01815,-0.00297761,-0.00304722,0.01815,121,0
111.932,-7.64574e-017,-1.59324e-017,-1.2748e-017,0,1.96991,29.8601,0.724465,1.9184e-006,0,0.275533,1,0.0183,-0.00297761,-0.00304722,0.0183,122,0
112.003,-4.97042e-017,-1.84517e-017,4.52051e-017,0,1.97096,29.8611,0.724316,3.25475e-006,0,0.275681,1,0.01845,-0.00297761,-0.00304722,0.01845,123,0
112.074,-2.29513e-017,-2.09709e-017,1.03157e-016,0,1.97202,29.8622,0.724167,4.59109e-006,0,0.275828,1,0.0186,-0.00297761,-0.00304722,0.0186,124,0
112.144,-1.76868e-018,-7.43643e-018,1.23841e-016,0,1.9731,29.867,0.724016,5.09165e-006,0,0.275979,1,0.01875,-0.00297761,-0.00304722,0.01875,125,0
112.214,3.06953e-018,3.7265e-017,5.96783e-017,0,1.9741,29.881,0.723877,3.14807e-006,0,0.27612,1,0.0189,-0.00297761,-0.00304722,0.0189,126,0
112.284,7.90768e-018,8.19659e-017,-4.48386e-018,0,1.97511,29.8949,0.723739,1.20452e-006,0,0.27626,1,0.01905,-0.00297761,-0.00304722,0.01905,127,0
112.354,3.33491e-017,1.04347e-016,-7.87655e-017,0,1.9766,29.9104,0.723532,0,0,0.276468,1,0.0192,-0.00297761,-0.00304722,0.0192,128,0
112.424,9.10983e-017,9.06184e-017,-1.67661e-016,0,1.97881,29.9279,0.723222,0,0,0.276778,1,0.01935,-0.00297761,-0.00304722,0.01935,129,0
112.493,6.89846e-017,8.43283e-017,-1.53704e-016,0,1.9777,29.9154,0.723377,0,0,0.276623,1,0.0195,-0.00297761,-0.00304722,0.0195,130,0
112.563,4.62344e-017,7.7967e-017,-1.39132e-016,0,1.97658,29.9029,0.723534,0,0,0.276466,1,0.01965,-0.00297761,-0.00304722,0.01965,131,0
112.632,3.03208e-017,5.62273e-017,-1.2128e-016,0,1.97586,29.8948,0.723635,0,0,0.276365,1,0.0198,-0.00297761,-0.00304722,0.0198,132,0
112.701,2.17876e-017,1.78847e-017,-9.98865e-017,0,1.97557,29.8914,0.723675,0,0,0.276325,1,0.01995,-0.00297761,-0.00304722,0.01995,133,0
112.769,4.25072e-017,1.57937e-017,-9.61398e-017,0,1.97558,29.8901,0.723673,0,0,0.276327,1,0.0201,-0.00297761,-0.00304722,0.0201,134,0
112.838,6.20272e-017,1.96865e-017,-9.07364e-017,0,1.9757,29.8903,0.723656,0,0,0.276344,1,0.02025,-0.00297761,-0.00304722,0.02025,135,0
112.906,4.64024e-017,9.40501e-018,-6.04615e-017,0,1.97593,29.8945,0.723624,0,0,0.276376,1,0.0204,-0.00297761,-0.00304722,0.0204,136,0
112.974,3.07776e-017,-8.76435e-019,-3.01865e-017,0,1.97616,29.8987,0.723592,0,0,0.276408,1,0.02055,-0.00297761,-0.00304722,0.02055,137,0
113.042,1.51531e-017,-1.11577e-017,8.8141e-020,0,1.97639,29.9028,0.723561,0,0,0.276439,1,0.0207,-0.00297761,-0.00304722,0.0207,138,0
113.11,-1.02359e-017,-1.67216e-017,2.6291e-017,0,1.97653,29.9054,0.72354,0,0,0.27646,1,0.02085,-0.00297761,-0.00304722,0.02085,139,0
113.178,-4.93868e-017,-1.56362e-017,4.67545e-017,0,1.97656,29.9057,0.723537,0,0,0.276463,1,0.021,-0.00297761,-0.00304722,0.021,140,0
113.245,-8.85372e-017,-1.45508e-017,6.72177e-017,0,1.97659,29.906,0.723533,0,0,0.276467,1,0.02115,-0.00297761,-0.00304722,0.02115,141,0
113.312,-1.11077e-016,-2.01167e-017,7.86125e-017,0,1.97683,29.9061,0.723499,0,0,0.276501,1,0.0213,-0.00297761,-0.00304722,0.0213,142,0
113.38,-1.12743e-016,-9.43344e-018,5.09313e-017,0,1.978,29.9136,0.723335,0,0,0.276665,1,0.02145,-0.00297761,-0.00304722,0.02145,143,0
113.447,-1.14409e-016,1.24973e-018,2.32505e-017,0,1.97917,29.9212,0.723172,0,0,0.276828,1,0.0216,-0.00297761,-0.00304722,0.0216,144,0
113.514,-1.16075e-016,1.1933e-017,-4.4307e-018,0,1.98034,29.9288,0.723008,0,0,0.276992,1,0.02175,-0.00297761,-0.00304722,0.02175,145,0
113.58,-9.70557e-017,2.25242e-017,-3.7495e-017,0,1.98143,29.9351,0.722856,0,0,0.277144,1,0.0219,-0.00297761,-0.00304722,0.0219,146,0
113.646,-3.9873e-017,2.65478e-017,-7.15272e-017,0,1.98228,29.9369,0.722737,0,0,0.277263,1,0.02205,-0.00297761,-0.00304722,0.02205,147,0
113.712,1.73096e-017,3.05714e-017,-1.05559e-016,0,1.98312,29.9388,0.722619,0,0,0.277381,1,0.0222,-0.00297761,-0.00304722,0.0222,148,0
113.778,3.41241e-017,2.34194e-017,-9.17436e-017,0,1.98432,29.9411,0.722451,0,0,0.277549,1,0.02235,-0.00297761,-0.00304722,0.02235,149,0
113.844,1.26529e-017,5.66808e-018,-3.25478e-017,0,1.98585,29.944,0.722237,0,0,0.277763,1,0.0225,-0.00297761,-0.00304722,0.0225,150,0
113.909,-8.81821e-018,-1.20832e-017,2.66481e-017,0,1.98738,29.9469,0.722023,0,0,0.277977,1,0.02265,-0.00297761,-0.00304722,0.02265,151,0
113.975,-3.01956e-017,-2.96333e-017,8.57851e-017,0,1.98891,29.9498,0.72181,0,0,0.27819,1,0.0228,-0.00297761,-0.00304722,0.0228,152,0
114.04,-4.70666e-017,-3.74953e-017,1.42121e-016,0,1.98991,29.9522,0.72167,0,0,0.27833,1,0.02295,-0.00297761,-0.00304722,0.02295,153,0
114.105,-5.00699e-017,-3.75847e-017,1.98389e-016,0,1.99082,29.9519,0.721542,0,0,0.278458,1,0.0231,-0.00297761,-0.00304722,0.0231,154,0
114.17,-4.20937e-017,-3.06824e-017,2.49747e-016,0,1.99162,29.9497,0.72143,0,0,0.27857,1,0.02325,-0.00297761,-0.00304722,0.02325,155,0
114.235,-5.37622e-017,-1.20248e-017,1.68657e-016,0,1.993,29.9606,0.721236,1.37376e-007,0,0.278764,1,0.0234,-0.00297761,-0.00304722,0.0234,156,0
114.299,-6.76092e-017,1.28294e-017,4.43027e-017,0,1.99478,29.9761,0.720987,3.39669e-007,0,0.279013,1,0.02355,-0.00297761,-0.00304722,0.02355,157,0
114.363,-8.14564e-017,3.7684e-017,-8.00528e-017,0,1.99656,29.9917,0.720738,5.41965e-007,0,0.279262,1,0.0237,-0.00297761,-0.00304722,0.0237,158,0
114.427,-9.52406e-017,6.22525e-017,-2.03989e-016,0,1.99834,30.007,0.720489,7.39175e-007,0,0.27951,1,0.02385,-0.00297761,-0.00304722,0.02385,159,0
114.491,-9.17352e-017,8.24867e-017,-2.13337e-016,0,1.99929,30.0104,0.720357,6.88929e-007,0,0.279643,1,0.024,-0.00297761,-0.00304722,0.024,160,0
114.555,-8.62963e-017,1.03569e-016,-2.09884e-016,0,2.00016,30.013,0.720234,6.31648e-007,0,0.279765,1,0.02415,-0.00297761,-0.00304722,0.02415,161,0
114.618,-8.08573e-017,1.24652e-016,-2.0643e-016,0,2.00104,30.0155,0.720112,5.74366e-007,0,0.279887,1,0.0243,-0.00297761,-0.00304722,0.0243,162,0
114.681,-5.87792e-017,1.08411e-016,-1.43979e-016,0,2.00145,30.0151,0.720055,4.56805e-007,0,0.279945,1,0.02445,-0.00297761,-0.00304722,0.02445,163,0
114.745,-3.66531e-017,9.20633e-017,-8.13587e-017,0,2.00186,30.0147,0.719997,3.39069e-007,0,0.280002,1,0.0246,-0.00297761,-0.00304722,0.0246,164,0
114.808,-1.4527e-017,7.57153e-017,-1.8738e-017,0,2.00227,30.0143,0.71994,2.21333e-007,0,0.280059,1,0.02475,-0.00297761,-0.00304722,0.02475,165,0
114.871,2.75829e-018,6.38274e-017,4.30066e-017,0,2.00287,30.0143,0.719856,1.35919e-007,0,0.280143,1,0.0249,-0.00297761,-0.00304722,0.0249,166,0
114.933,8.2426e-018,6.28123e-017,1.02618e-016,0,2.00393,30.0152,0.719708,1.29299e-007,0,0.280292,1,0.02505,-0.00297761,-0.00304722,0.02505,167,0
114.996,1.0614e-017,5.85604e-017,1.25558e-016,0,2.00522,30.019,0.719527,1.10314e-007,0,0.280472,1,0.0252,-0.00297761,-0.00304722,0.0252,168,0
115.058,1.06208e-017,5.18498e-017,1.20642e-016,0,2.00669,30.0248,0.719323,8.19363e-008,0,0.280677,1,0.02535,-0.00297761,-0.00304722,0.02535,169,0
115.12,1.06276e-017,4.51392e-017,1.15726e-016,0,2.00815,30.0307,0.719118,5.35583e-008,0,0.280882,1,0.0255,-0.00297761,-0.00304722,0.0255,170,0
115.182,1.137e-017,3.63809e-017,1.11217e-016,0,2.00958,30.0368,0.718917,2.43052e-008,0,0.281082,1,0.02565,-0.00297761,-0.00304722,0.02565,171,0
115.244,1.60528e-017,1.23134e-017,8.34346e-017,0,2.01101,30.0456,0.718718,0,0,0.281282,1,0.0258,-0.00297761,-0.00304722,0.0258,172,0
115.305,1.87689e-017,-1.61723e-017,-3.43257e-018,0,2.01286,30.0569,0.718459,0,0,0.281541,1,0.02595,-0.00297761,-0.00304722,0.02595,173,0
115.367,2.14849e-017,-4.46577e-017,-9.02986e-017,0,2.01471,30.0682,0.7182,0,0,0.2818,1,0.0261,-0.00297761,-0.00304722,0.0261,174,0
115.428,2.4201e-017,-7.31434e-017,-1.77166e-016,0,2.01656,30.0795,0.717942,0,0,0.282059,1,0.02625,-0.00297761,-0.00304722,0.02625,175,0
115.489,3.12529e-017,-7.18415e-017,-1.74176e-016,0,2.01824,30.0855,0.717706,0,0,0.282294,1,0.0264,-0.00297761,-0.00304722,0.0264,176,0
115.549,3.89377e-017,-6.61909e-017,-1.58068e-016,0,2.0199,30.0906,0.717475,0,0,0.282525,1,0.02655,-0.00297761,-0.00304722,0.02655,177,0
115.61,4.66226e-017,-6.05403e-017,-1.4196e-016,0,2.02155,30.0958,0.717243,0,0,0.282757,1,0.0267,-0.00297761,-0.00304722,0.0267,178,0
115.67,4.6874e-017,-5.07874e-017,-1.07094e-016,0,2.02317,30.0999,0.717017,0,0,0.282983,1,0.02685,-0.00297761,-0.00304722,0.02685,179,0
115.73,2.42226e-017,-2.07442e-017,-3.81487e-017,0,2.02433,30.1001,0.716855,0,0,0.283145,1,0.027,-0.00297761,-0.00304722,0.027,180,0
115.79,1.5708e-018,9.29933e-018,3.07974e-017,0,2.02548,30.1002,0.716693,0,0,0.283307,1,0.02715,-0.00297761,-0.00304722,0.02715,181,0
115.85,-2.10807e-017,3.93425e-017,9.97426e-017,0,2.02664,30.1004,0.716532,0,0,0.283468,1,0.0273,-0.00297761,-0.00304722,0.0273,182,0
115.91,-2.78688e-017,6.5088e-017,7.53999e-017,0,2.02733,30.0983,0.716436,0,0,0.283564,1,0.02745,-0.00297761,-0.00304722,0.02745,183,0
115.969,-2.67757e-017,6.82019e-017,4.35173e-017,0,2.02768,30.0982,0.716385,0,0,0.283615,1,0.0276,-0.00297761,-0.00304722,0.0276,184,0
116.028,-2.48144e-017,6.23155e-017,2.45205e-017,0,2.02821,30.1009,0.716312,0,0,0.283688,1,0.02775,-0.00297761,-0.00304722,0.02775,185,0
116.088,-1.22558e-017,3.77497e-017,-1.13316e-017,0,2.03091,30.1231,0.715934,0,0,0.284066,1,0.0279,-0.00297761,-0.00304722,0.0279,186,0
116.147,3.02818e-019,1.31838e-017,-4.71837e-017,0,2.03362,30.1452,0.715556,0,0,0.284444,1,0.02805,-0.00297761,-0.00304722,0.02805,187,0
116.206,1.28613e-017,-1.13818e-017,-8.30353e-017,0,2.03632,30.1674,0.715177,0,0,0.284823,1,0.0282,-0.00297761,-0.00304722,0.0282,188,0
116.265,1.60249e-018,-2.07618e-017,-7.5385e-017,0,2.03888,30.1808,0.714819,0,0,0.285181,1,0.02835,-0.00297761,-0.00304722,0.02835,189,0
116.323,-5.85305e-018,1.45918e-017,-5.53958e-017,0,2.03883,30.1735,0.714826,0,0,0.285174,1,0.0285,-0.00297761,-0.00304722,0.0285,190,0
116.381,-1.33085e-017,4.99449e-017,-3.54069e-017,0,2.03878,30.1662,0.714834,0,0,0.285166,1,0.02865,-0.00297761,-0.00304722,0.02865,191,0
116.439,-2.07641e-017,8.52984e-017,-1.54177e-017,0,2.03873,30.1589,0.714841,0,0,0.285159,1,0.0288,-0.00297761,-0.00304722,0.0288,192,0
116.496,-2.82196e-017,1.20652e-016,4.5715e-018,0,2.03868,30.1516,0.714848,0,0,0.285152,1,0.02895,-0.00297761,-0.00304722,0.02895,193,0
116.554,-4.10982e-017,1.24262e-016,4.18631e-017,0,2.03989,30.1538,0.714679,0,0,0.285321,1,0.0291,-0.00297761,-0.00304722,0.0291,194,0
116.612,-3.28633e-017,1.12708e-016,5.0473e-017,0,2.04152,30.1604,0.714451,0,0,0.285549,1,0.02925,-0.00297761,-0.00304722,0.02925,195,0
116.669,1.8769e-017,8.28339e-017,-3.45414e-018,0,2.04352,30.1721,0.714171,0,0,0.285829,1,0.0294,-0.00297761,-0.00304722,0.0294,196,0
116.726,6.15553e-017,5.40188e-017,-4.95228e-017,0,2.04518,30.1828,0.713938,0,0,0.286062,1,0.02955,-0.00297761,-0.00304722,0.02955,197,0
116.783,4.88732e-017,3.18454e-017,-4.63149e-017,0,2.04475,30.188,0.713999,0,0,0.286001,1,0.0297,-0.00297761,-0.00304722,0.0297,198,0
116.839,3.61913e-017,9.67226e-018,-4.31071e-017,0,2.04431,30.1931,0.71406,0,0,0.28594,1,0.02985,-0.00297761,-0.00304722,0.02985,199,0
116.896,2.35093e-017,-1.25012e-017,-3.98993e-017,0,2.04387,30.1983,0.714121,0,0,0.285879,1,0.03,-0.00297761,-0.00304722,0.03,200,0
116.952,7.53052e-019,2.3799e-018,9.43053e-018,0,2.0442,30.1961,0.714075,0,0,0.285925,1,0.03015,-0.00297761,-0.00304722,0.03015,201,0
117.008,-2.34771e-017,2.26832e-017,6.5509e-017,0,2.04465,30.1929,0.714013,0,0,0.285987,1,0.0303,-0.00297761,-0.00304722,0.0303,202,0
117.065,-4.30022e-017,3.71054e-017,1.09627e-016,0,2.04457,30.1869,0.714023,0,0,0.285977,1,0.03045,-0.00297761,-0.00304722,0.03045,203,0
117.121,-5.05741e-017,3.65868e-017,1.23358e-016,0,2.04319,30.1738,0.714216,0,0,0.285784,1,0.0306,-0.00297761,-0.00304722,0.0306,204,0
117.176,-4.03181e-017,2.52802e-017,8.10837e-017,0,2.04312,30.1733,0.714227,0,0,0.285773,1,0.03075,-0.00297761,-0.00304722,0.03075,205,0
117.231,-2.95198e-017,1.36452e-017,3.71051e-017,0,2.04308,30.1731,0.714232,0,0,0.285768,1,0.0309,-0.00297761,-0.00304722,0.0309,206,0
117.286,-1.87217e-017,2.01044e-018,-6.87287e-018,0,2.04304,30.1729,0.714237,0,0,0.285763,1,0.03105,-0.00297761,-0.00304722,0.03105,207,0
117.341,-6.88433e-018,-1.01302e-017,-4.58245e-017,0,2.04287,30.1713,0.714261,0,0,0.285739,1,0.0312,-0.00297761,-0.00304722,0.0312,208,0
117.396,1.31687e-017,-2.62696e-017,-4.50292e-017,0,2.04165,30.1585,0.714432,0,0,0.285568,1,0.03135,-0.00297761,-0.00304722,0.03135,209,0
117.451,-9.40018e-018,-3.92699e-017,-4.28676e-017,0,2.04169,30.1666,0.714426,0,0,0.285574,1,0.0315,-0.00297761,-0.00304722,0.0315,210,0
117.506,-3.05019e-017,-2.02343e-017,-3.11169e-017,0,2.03998,30.1686,0.714666,0,0,0.285334,1,0.03165,-0.00297761,-0.00304722,0.03165,211,0
117.56,-4.11763e-017,5.12736e-018,-1.06219e-017,0,2.03756,30.166,0.715004,0,0,0.284996,1,0.0318,-0.00297761,-0.00304722,0.0318,212,0
117.615,-4.61346e-017,2.92446e-017,1.44638e-017,0,2.03523,30.1639,0.715331,0,0,0.284669,1,0.03195,-0.00297761,-0.00304722,0.03195,213,0
117.669,-3.21066e-017,2.81223e-018,-2.26561e-017,0,2.03482,30.1676,0.715387,0,0,0.284613,1,0.0321,-0.00297761,-0.00304722,0.0321,214,0
117.722,-2.33521e-017,-3.6149e-017,-5.82854e-017,0,2.03516,30.1688,0.71534,0,0,0.28466,1,0.03225,-0.00297761,-0.00304722,0.03225,215,0
117.776,-3.56743e-017,-5.6758e-017,-4.72992e-017,0,2.03517,30.1623,0.715339,0,0,0.284661,1,0.0324,-0.00297761,-0.00304722,0.0324,216,0
117.829,-4.55049e-017,-7.48837e-017,-3.58043e-017,0,2.03506,30.1553,0.715354,0,0,0.284646,1,0.03255,-0.00297761,-0.00304722,0.03255,217,0
117.882,-3.2621e-017,-7.03693e-017,-1.96717e-017,0,2.0339,30.1447,0.715516,0,0,0.284484,1,0.0327,-0.00297761,-0.00304722,0.0327,218,0
117.935,-1.97374e-017,-6.58551e-017,-3.53952e-018,0,2.03275,30.1342,0.715677,0,0,0.284323,1,0.03285,-0.00297761,-0.00304722,0.03285,219,0
117.989,-1.02729e-017,-6.21124e-017,1.59115e-017,0,2.03176,30.1245,0.715816,0,0,0.284184,1,0.033,-0.00297761,-0.00304722,0.033,220,0
118.041,-2.64219e-017,-5.2979e-017,3.14285e-017,0,2.03229,30.1269,0.715741,0,0,0.284259,1,0.03315,-0.00297761,-0.00304722,0.03315,221,0
118.093,-2.72398e-017,-1.69349e-017,-2.83964e-017,0,2.03272,30.136,0.715681,0,0,0.284319,1,0.0333,-0.00297761,-0.00304722,0.0333,222,0
118.145,-2.80577e-017,1.91092e-017,-8.82213e-017,0,2.03315,30.1452,0.715621,0,0,0.284379,1,0.03345,-0.00297761,-0.00304722,0.03345,223,0
118.198,-3.05811e-017,5.1935e-017,-1.31772e-016,0,2.03325,30.1519,0.715606,0,0,0.284394,1,0.0336,-0.00297761,-0.00304722,0.0336,224,0
118.25,-3.37697e-017,8.35039e-017,-1.68972e-016,0,2.03323,30.1576,0.715609,0,0,0.28439,1,0.03375,-0.00297761,-0.00304722,0.03375,225,0
118.302,-3.90549e-017,1.06879e-016,-1.96981e-016,0,2.03319,30.1616,0.715615,0,0,0.284385,1,0.0339,-0.00297761,-0.00304722,0.0339,226,0
118.353,-3.74006e-017,9.56828e-017,-1.96117e-016,0,2.03318,30.1599,0.715616,0,0,0.284384,1,0.03405,-0.00297761,-0.00304722,0.03405,227,0
118.404,-2.06027e-017,8.32453e-017,-1.71503e-016,0,2.03301,30.1546,0.71564,0,0,0.28436,1,0.0342,-0.00297761,-0.00304722,0.0342,228,0
118.455,-7.07666e-018,7.74537e-017,-1.41054e-016,0,2.03274,30.1484,0.715679,0,0,0.284321,1,0.03435,-0.00297761,-0.00304722,0.03435,229,0
118.506,6.44975e-018,7.16619e-017,-1.10603e-016,0,2.03246,30.1421,0.715717,0,0,0.284283,1,0.0345,-0.00297761,-0.00304722,0.0345,230,0
118.557,1.65326e-017,6.26579e-017,-7.72397e-017,0,2.032,30.1355,0.715782,0,0,0.284218,1,0.03465,-0.00297761,-0.00304722,0.03465,231,0
118.607,1.96437e-017,4.71495e-017,-3.79779e-017,0,2.03116,30.1281,0.7159,0,0,0.2841,1,0.0348,-0.00297761,-0.00304722,0.0348,232,0
118.658,2.2755e-017,3.16408e-017,1.28493e-018,0,2.03032,30.1208,0.716017,0,0,0.283983,1,0.03495,-0.00297761,-0.00304722,0.03495,233,0
118.709,2.43187e-017,2.23567e-017,3.55344e-017,0,2.02962,30.1143,0.716115,0,0,0.283885,1,0.0351,-0.00297761,-0.00304722,0.0351,234,0
118.759,1.34535e-017,6.30634e-017,2.95262e-017,0,2.0301,30.1142,0.716048,0,0,0.283952,1,0.03525,-0.00297761,-0.00304722,0.03525,235,0
118.808,-8.99927e-019,1.00009e-016,2.56052e-017,0,2.03042,30.1142,0.716003,0,0,0.283997,1,0.0354,-0.00297761,-0.00304722,0.0354,236,0
118.858,-4.63141e-018,9.19372e-017,1.75857e-017,0,2.03103,30.1195,0.715918,0,0,0.284082,1,0.03555,-0.00297761,-0.00304722,0.03555,237,0
118.908,6.53396e-018,6.65274e-017,1.9869e-018,0,2.03219,30.128,0.715756,0,0,0.284244,1,0.0357,-0.00297761,-0.00304722,0.0357,238,0
118.957,1.76993e-017,4.11176e-017,-1.36119e-017,0,2.03334,30.1365,0.715594,0,0,0.284406,1,0.03585,-0.00297761,-0.00304722,0.03585,239,0
119.007,2.8865e-017,1.57072e-017,-2.9211e-017,0,2.0345,30.145,0.715433,0,0,0.284567,1,0.036,-0.00297761,-0.00304722,0.036,240,0
119.056,3.11814e-017,6.42372e-018,-3.98365e-017,0,2.03555,30.1502,0.715285,0,0,0.284715,1,0.03615,-0.00297761,-0.00304722,0.03615,241,0
119.104,2.81299e-017,7.31016e-018,-4.15181e-017,0,2.03595,30.1516,0.71523,0,0,0.28477,1,0.0363,-0.00297761,-0.00304722,0.0363,242,0
119.153,2.65794e-017,7.20296e-018,-3.72665e-017,0,2.03604,30.1523,0.715217,0,0,0.284783,1,0.03645,-0.00297761,-0.00304722,0.03645,243,0
119.201,2.7733e-017,8.46298e-018,-2.11702e-017,0,2.03629,30.1532,0.715183,0,0,0.284817,1,0.0366,-0.00297761,-0.00304722,0.0366,244,0
119.249,2.88866e-017,9.72299e-018,-5.07382e-018,0,2.03653,30.154,0.715149,0,0,0.284851,1,0.03675,-0.00297761,-0.00304722,0.03675,245,0
119.298,3.00402e-017,1.0983e-017,1.10229e-017,0,2.03677,30.1549,0.715115,0,0,0.284885,1,0.0369,-0.00297761,-0.00304722,0.0369,246,0
119.345,5.31165e-018,2.89811e-018,1.10422e-017,0,2.03697,30.1544,0.715087,0,0,0.284913,1,0.03705,-0.00297761,-0.00304722,0.03705,247,0
119.393,-2.71775e-017,-7.98885e-018,6.24078e-018,0,2.03716,30.1535,0.71506,0,0,0.28494,1,0.0372,-0.00297761,-0.00304722,0.0372,248,0
119.44,-5.17435e-017,-1.59375e-017,4.26411e-018,0,2.03721,30.1538,0.715053,0,0,0.284947,1,0.03735,-0.00297761,-0.00304722,0.03735,249,0
119.487,-7.33609e-017,-1.98686e-017,-3.21196e-018,0,2.03743,30.1551,0.715023,0,0,0.284977,1,0.0375,-0.00297761,-0.00304722,0.0375,250,0
119.534,-9.23786e-017,-1.78208e-017,-2.0995e-017,0,2.03799,30.1576,0.714944,0,0,0.285056,1,0.03765,-0.00297761,-0.00304722,0.03765,251,0
119.581,-1.07667e-016,-1.4583e-017,-3.69088e-017,0,2.03843,30.1599,0.714883,0,0,0.285117,1,0.0378,-0.00297761,-0.00304722,0.0378,252,0
119.628,-1.0888e-016,-4.91094e-018,-3.68806e-017,0,2.03861,30.1613,0.714857,0,0,0.285143,1,0.03795,-0.00297761,-0.00304722,0.03795,253,0
119.675,-9.36915e-017,1.71965e-017,4.30701e-018,0,2.03901,30.1622,0.714801,0,0,0.285199,1,0.0381,-0.00297761,-0.00304722,0.0381,254,0
119.721,-7.8503e-017,3.93044e-017,4.54956e-017,0,2.03941,30.1632,0.714745,0,0,0.285255,1,0.03825,-0.00297761,-0.00304722,0.03825,255,0
119.767,-5.90687e-017,6.25728e-017,8.80055e-017,0,2.03963,30.1636,0.714714,0,0,0.285286,1,0.0384,-0.00297761,-0.00304722,0.0384,256,0
119.813,-4.83958e-017,1.91459e-017,4.29552e-017,0,2.04098,30.1721,0.714525,0,0,0.285475,1,0.03855,-0.00297761,-0.00304722,0.03855,257,0
119.859,-3.24073e-017,-2.58362e-017,-4.61157e-018,0,2.04215,30.18,0.714361,0,0,0.285639,1,0.0387,-0.00297761,-0.00304722,0.0387,258,0
119.904,-1.64191e-017,-7.08172e-017,-5.21772e-017,0,2.04333,30.1878,0.714197,0,0,0.285803,1,0.03885,-0.00297761,-0.00304722,0.03885,259,0
119.95,-4.00816e-019,-1.1588e-016,-9.98132e-017,0,2.0445,30.1957,0.714033,0,0,0.285967,1,0.039,-0.00297761,-0.00304722,0.039,260,0
119.995,-1.69138e-018,-1.1418e-016,-1.06979e-016,0,2.04433,30.1905,0.714057,0,0,0.285943,1,0.03915,-0.00297761,-0.00304722,0.03915,261,0
120.04,1.15326e-017,-1.04225e-016,-6.13828e-017,0,2.04544,30.1943,0.713902,0,0,0.286098,1,0.0393,-0.00297761,-0.00304722,0.0393,262,0
120.085,-3.19485e-018,-8.07785e-017,-3.53837e-017,0,2.04563,30.195,0.713875,0,0,0.286125,1,0.03945,-0.00297761,-0.00304722,0.03945,263,0
120.13,-2.01247e-017,-5.24187e-017,-6.93665e-018,0,2.04531,30.1925,0.71392,0,0,0.28608,1,0.0396,-0.00297761,-0.00304722,0.0396,264,0
120.175,-1.93651e-017,-2.14832e-017,4.75353e-017,0,2.0445,30.1851,0.714033,0,0,0.285967,1,0.03975,-0.00297761,-0.00304722,0.03975,265,0
120.219,-1.86054e-017,9.45144e-018,1.02006e-016,0,2.04369,30.1777,0.714147,0,0,0.285853,1,0.0399,-0.00297761,-0.00304722,0.0399,266,0
120.263,-2.03783e-017,5.01975e-018,1.03799e-016,0,2.04406,30.1799,0.714095,0,0,0.285905,1,0.04005,-0.00297761,-0.00304722,0.04005,267,0
120.307,-5.69784e-018,2.47382e-019,6.78694e-017,0,2.04463,30.1859,0.714015,0,0,0.285985,1,0.0402,-0.00297761,-0.00304722,0.0402,268,0
120.351,1.68112e-017,6.56535e-019,2.28138e-017,0,2.04512,30.1922,0.713947,0,0,0.286053,1,0.04035,-0.00297761,-0.00304722,0.04035,269,0
120.394,3.26351e-017,-7.05609e-018,-1.8942e-018,0,2.04561,30.1969,0.713878,0,0,0.286122,1,0.0405,-0.00297761,-0.00304722,0.0405,270,0
120.438,4.36135e-017,-2.06561e-017,-1.18536e-017,0,2.04611,30.2005,0.713808,0,0,0.286192,1,0.04065,-0.00297761,-0.00304722,0.04065,271,0
120.481,3.7351e-017,-3.90588e-017,1.90838e-018,0,2.04664,30.1992,0.713735,0,0,0.286265,1,0.0408,-0.00297761,-0.00304722,0.0408,272,0
120.523,2.37373e-017,-5.95094e-017,2.57848e-017,0,2.04718,30.1958,0.713659,0,0,0.286341,1,0.04095,-0.00297761,-0.00304722,0.04095,273,0
120.566,4.09324e-018,-6.87744e-017,2.01507e-017,0,2.04756,30.1949,0.713606,0,0,0.286394,1,0.0411,-0.00297761,-0.00304722,0.0411,274,0
120.609,-1.71918e-017,-7.49942e-017,6.48378e-018,0,2.0479,30.1946,0.713558,0,0,0.286442,1,0.04125,-0.00297761,-0.00304722,0.04125,275,0
120.652,-3.84768e-017,-8.12141e-017,-7.18319e-018,0,2.04824,30.1944,0.713511,0,0,0.286489,1,0.0414,-0.00297761,-0.00304722,0.0414,276,0
120.694,-4.20799e-017,-6.64078e-017,-2.17278e-017,0,2.04856,30.197,0.713466,0,0,0.286534,1,0.04155,-0.00297761,-0.00304722,0.04155,277,0
120.736,-4.11245e-017,-5.59419e-017,-2.44409e-017,0,2.04957,30.2021,0.713325,0,0,0.286675,1,0.0417,-0.00297761,-0.00304722,0.0417,278,0
120.777,-3.91531e-017,-4.35688e-017,-2.75112e-017,0,2.05042,30.2065,0.713206,0,0,0.286794,1,0.04185,-0.00297761,-0.00304722,0.04185,279,0
120.819,-3.42641e-017,-2.57195e-017,-3.16074e-017,0,2.0508,30.2092,0.713153,0,0,0.286847,1,0.042,-0.00297761,-0.00304722,0.042,280,0
120.861,-2.93753e-017,-7.87064e-018,-3.57035e-017,0,2.05118,30.2118,0.713099,0,0,0.286901,1,0.04215,-0.00297761,-0.00304722,0.04215,281,0
120.902,-2.22862e-017,7.98723e-019,6.91827e-019,0,2.05102,30.2089,0.713121,0,0,0.286879,1,0.0423,-0.00297761,-0.00304722,0.0423,282,0
120.944,-1.13395e-017,4.33913e-018,2.85347e-017,0,2.05066,30.2056,0.713171,0,0,0.286829,1,0.04245,-0.00297761,-0.00304722,0.04245,283,0
120.984,-4.6451e-018,8.94507e-018,-2.89904e-017,0,2.0516,30.214,0.71304,0,0,0.28696,1,0.0426,-0.00297761,-0.00304722,0.0426,284,0
121.025,-1.71326e-018,1.80066e-017,-2.48202e-017,0,2.05211,30.2204,0.712969,0,0,0.287032,1,0.04275,-0.00297761,-0.00304722,0.04275,285,0
121.065,1.21865e-018,2.70683e-017,-2.065e-017,0,2.05263,30.2267,0.712897,0,0,0.287103,1,0.0429,-0.00297761,-0.00304722,0.0429,286,0
121.106,4.15049e-018,3.61298e-017,-1.64799e-017,0,2.05314,30.2331,0.712825,0,0,0.287175,1,0.04305,-0.00297761,-0.00304722,0.04305,287,0
121.146,6.52909e-018,4.36428e-017,-1.48114e-017,0,2.05352,30.2375,0.712772,0,0,0.287228,1,0.0432,-0.00297761,-0.00304722,0.0432,288,0
121.186,5.79201e-018,4.24351e-017,-2.72312e-017,0,2.05315,30.2307,0.712824,0,0,0.287176,1,0.04335,-0.00297761,-0.00304722,0.04335,289,0
121.226,4.68545e-019,4.27284e-017,-2.28815e-017,0,2.05366,30.2312,0.712752,0,0,0.287248,1,0.0435,-0.00297761,-0.00304722,0.0435,290,0
121.266,-8.37797e-018,4.4175e-017,-5.64934e-018,0,2.05484,30.2373,0.712587,0,0,0.287413,1,0.04365,-0.00297761,-0.00304722,0.04365,291,0
121.305,-1.59712e-017,4.4897e-017,7.14827e-018,0,2.05598,30.243,0.712429,0,0,0.287571,1,0.0438,-0.00297761,-0.00304722,0.0438,292,0
121.344,-1.91054e-017,3.44861e-017,7.82845e-018,0,2.05523,30.2362,0.712534,0,0,0.287466,1,0.04395,-0.00297761,-0.00304722,0.04395,293,0
121.384,-1.84976e-017,2.27832e-017,1.12295e-017,0,2.05391,30.2267,0.712718,0,0,0.287282,1,0.0441,-0.00297761,-0.00304722,0.0441,294,0
121.423,-1.69455e-017,1.23165e-017,1.47068e-017,0,2.05294,30.2195,0.712854,0,0,0.287146,1,0.04425,-0.00297761,-0.00304722,0.04425,295,0
121.461,-6.08261e-018,1.40397e-017,1.89372e-017,0,2.05538,30.2349,0.712512,0,0,0.287488,1,0.0444,-0.00297761,-0.00304722,0.0444,296,0
121.499,-8.44621e-018,8.96329e-018,7.24844e-018,0,2.05652,30.2411,0.712352,0,0,0.287648,1,0.04455,-0.00297761,-0.00304722,0.04455,297,0
121.537,-2.13868e-017,-1.55063e-018,-1.71708e-017,0,2.05662,30.2399,0.712338,0,0,0.287662,1,0.0447,-0.00297761,-0.00304722,0.0447,298,0
121.576,-3.33002e-017,-1.16518e-017,-4.00392e-017,0,2.05653,30.238,0.712351,0,0,0.287649,1,0.04485,-0.00297761,-0.00304722,0.04485,299,0
121.614,-3.80395e-017,-1.88687e-017,-5.20755e-017,0,2.05507,30.2305,0.712555,0,0,0.287445,1,0.045,-0.00297761,-0.00304722,0.045,300,0
121.651,-3.44765e-017,-1.67701e-017,-5.65161e-017,0,2.05479,30.2266,0.712594,0,0,0.287406,1,0.04515,-0.00297761,-0.00304722,0.04515,301,0
121.689,-2.49993e-017,-8.03543e-018,-5.5546e-017,0,2.05537,30.2253,0.712514,0,0,0.287486,1,0.0453,-0.00297761,-0.00304722,0.0453,302,0
121.726,-2.02654e-017,-4.64284e-018,-5.04006e-017,0,2.05589,30.2254,0.712441,0,0,0.287559,1,0.04545,-0.00297761,-0.00304722,0.04545,303,0
121.763,-1.62239e-017,-8.17577e-018,-3.12013e-017,0,2.05572,30.2256,0.712465,0,0,0.287535,1,0.0456,-0.00297761,-0.00304722,0.0456,304,0
121.8,3.49175e-018,-4.76028e-018,-2.38329e-018,0,2.05452,30.2207,0.712632,0,0,0.287368,1,0.04575,-0.00297761,-0.00304722,0.04575,305,0
121.837,1.27225e-017,-3.30238e-018,1.30421e-017,0,2.05357,30.2167,0.712764,0,0,0.287236,1,0.0459,-0.00297761,-0.00304722,0.0459,306,0
121.874,4.92668e-018,-5.02346e-018,6.71886e-018,0,2.05305,30.214,0.712838,0,0,0.287162,1,0.04605,-0.00297761,-0.00304722,0.04605,307,0
121.911,-4.43443e-019,-2.15792e-017,1.40134e-017,0,2.05228,30.2127,0.712945,0,0,0.287055,1,0.0462,-0.00297761,-0.00304722,0.0462,308,0
121.947,-5.37355e-018,-4.08244e-017,2.3777e-017,0,2.05148,30.2116,0.713057,0,0,0.286943,1,0.04635,-0.00297761,-0.00304722,0.04635,309,0
121.983,2.05326e-018,-3.00932e-017,7.07031e-018,0,2.05083,30.2085,0.713148,0,0,0.286852,1,0.0465,-0.00297761,-0.00304722,0.0465,310,0
122.019,1.21544e-017,-1.28745e-017,-1.53652e-017,0,2.05023,30.205,0.713233,0,0,0.286767,1,0.04665,-0.00297761,-0.00304722,0.04665,311,0
122.054,1.60643e-017,-1.09991e-017,-2.39356e-017,0,2.05035,30.2066,0.713215,0,0,0.286785,1,0.0468,-0.00297761,-0.00304722,0.0468,312,0
122.09,1.76785e-017,-1.48128e-017,-2.73652e-017,0,2.05076,30.2101,0.713158,0,0,0.286842,1,0.04695,-0.00297761,-0.00304722,0.04695,313,0
122.125,8.56258e-018,-7.56575e-018,-2.94808e-017,0,2.05032,30.2093,0.71322,0,0,0.28678,1,0.0471,-0.00297761,-0.00304722,0.0471,314,0
122.16,-2.51051e-018,1.69873e-018,-3.13567e-017,0,2.04973,30.2077,0.713303,0,0,0.286697,1,0.04725,-0.00297761,-0.00304722,0.04725,315,0
122.195,2.08234e-018,-2.92471e-018,-2.44111e-017,0,2.04931,30.2057,0.713361,0,0,0.286639,1,0.0474,-0.00297761,-0.00304722,0.0474,316,0
122.23,1.3338e-017,-6.37352e-018,-1.60037e-017,0,2.04881,30.2036,0.713431,0,0,0.286569,1,0.04755,-0.00297761,-0.00304722,0.04755,317,0
122.265,1.74969e-017,-4.71897e-018,-5.55212e-018,0,2.04776,30.198,0.713579,0,0,0.286421,1,0.0477,-0.00297761,-0.00304722,0.0477,318,0
122.299,6.64958e-018,1.52266e-018,9.33857e-018,0,2.04572,30.1864,0.713864,0,0,0.286136,1,0.04785,-0.00297761,-0.00304722,0.04785,319,0
122.333,-1.43097e-019,2.88965e-018,2.29372e-017,0,2.04398,30.1779,0.714107,0,0,0.285893,1,0.048,-0.00297761,-0.00304722,0.048,320,0
122.367,-8.82894e-018,-2.36642e-018,2.97319e-017,0,2.04342,30.1759,0.714185,0,0,0.285815,1,0.04815,-0.00297761,-0.00304722,0.04815,321,0
122.401,-1.91219e-017,-1.32459e-017,3.07491e-017,0,2.04385,30.1796,0.714124,0,0,0.285876,1,0.0483,-0.00297761,-0.00304722,0.0483,322,0
122.434,-2.94148e-017,-2.41254e-017,3.17663e-017,0,2.04429,30.1832,0.714063,0,0,0.285937,1,0.04845,-0.00297761,-0.00304722,0.04845,323,0
122.468,-3.9708e-017,-3.50052e-017,3.27836e-017,0,2.04472,30.1868,0.714002,0,0,0.285998,1,0.0486,-0.00297761,-0.00304722,0.0486,324,0
122.501,-3.12076e-017,-4.04263e-017,2.8652e-017,0,2.04343,30.1819,0.714183,0,0,0.285817,1,0.04875,-0.00297761,-0.00304722,0.04875,325,0
122.534,-2.6649e-017,-2.98293e-017,1.52985e-017,0,2.04226,30.1766,0.714346,0,0,0.285654,1,0.0489,-0.00297761,-0.00304722,0.0489,326,0
122.567,-3.34201e-017,-1.19661e-017,8.13814e-018,0,2.04148,30.1708,0.714456,0,0,0.285544,1,0.04905,-0.00297761,-0.00304722,0.04905,327,0
122.599,-3.83269e-017,-8.1214e-018,1.52854e-017,0,2.04067,30.1645,0.714569,0,0,0.285431,1,0.0492,-0.00297761,-0.00304722,0.0492,328,0
122.632,-2.56464e-017,-7.33665e-018,1.53372e-017,0,2.0394,30.1576,0.714747,0,0,0.285253,1,0.04935,-0.00297761,-0.00304722,0.04935,329,0
122.664,-1.29655e-017,-6.55188e-018,1.5389e-017,0,2.03813,30.1507,0.714925,0,0,0.285075,1,0.0495,-0.00297761,-0.00304722,0.0495,330,0
122.697,-5.91497e-019,7.86519e-020,8.32049e-018,0,2.03692,30.1449,0.715093,0,0,0.284907,1,0.04965,-0.00297761,-0.00304722,0.04965,331,0
122.729,1.28198e-017,1.58571e-018,3.20553e-018,0,2.036,30.1402,0.715222,0,0,0.284778,1,0.0498,-0.00297761,-0.00304722,0.0498,332,0
122.76,3.08866e-017,-1.95861e-017,6.38175e-018,0,2.03636,30.1397,0.715172,0,0,0.284828,1,0.04995,-0.00297761,-0.00304722,0.04995,333,0
122.791,4.62856e-017,-3.74631e-017,8.15123e-018,0,2.0368,30.1409,0.715111,0,0,0.284889,1,0.0501,-0.00297761,-0.00304722,0.0501,334,0
122.823,5.90131e-017,-5.20408e-017,8.51185e-018,0,2.03732,30.1437,0.715038,0,0,0.284963,1,0.05025,-0.00297761,-0.00304722,0.05025,335,0
122.854,6.56254e-017,-6.39183e-017,5.3227e-018,0,2.03747,30.1441,0.715016,0,0,0.284984,1,0.0504,-0.00297761,-0.00304722,0.0504,336,0
122.885,6.19681e-017,-7.00118e-017,-2.48741e-018,0,2.03707,30.1414,0.715073,0,0,0.284927,1,0.05055,-0.00297761,-0.00304722,0.05055,337,0
122.916,5.61283e-017,-5.94561e-017,1.41948e-017,0,2.03675,30.1386,0.715117,0,0,0.284883,1,0.0507,-0.00297761,-0.00304722,0.0507,338,0
122.946,5.01047e-017,-4.81662e-017,3.33628e-017,0,2.03641,30.1362,0.715164,0,0,0.284836,1,0.05085,-0.00297761,-0.00304722,0.05085,339,0
122.976,4.40809e-017,-3.68761e-017,5.25312e-017,0,2.03607,30.1337,0.715211,0,0,0.284789,1,0.051,-0.00297761,-0.00304722,0.051,340,0
123.007,3.20204e-017,-2.08798e-017,6.29135e-017,0,2.03553,30.1309,0.715287,0,0,0.284713,1,0.05115,-0.00297761,-0.00304722,0.05115,341,0
123.037,8.6825e-018,3.90885e-018,5.68833e-017,0,2.03462,30.1273,0.715415,0,0,0.284585,1,0.0513,-0.00297761,-0.00304722,0.0513,342,0
123.067,1.65985e-018,4.84791e-018,4.84706e-017,0,2.03505,30.1339,0.715355,0,0,0.284645,1,0.05145,-0.00297761,-0.00304722,0.05145,343,0
123.097,-3.06048e-019,-2.40339e-018,3.45282e-017,0,2.03596,30.1445,0.715227,0,0,0.284773,1,0.0516,-0.00297761,-0.00304722,0.0516,344,0
123.126,-1.03788e-017,-2.87429e-019,6.87219e-018,0,2.03639,30.1529,0.715167,0,0,0.284833,1,0.05175,-0.00297761,-0.00304722,0.05175,345,0
123.156,-2.04518e-017,1.82858e-018,-2.07845e-017,0,2.03683,30.1612,0.715106,0,0,0.284893,1,0.0519,-0.00297761,-0.00304722,0.0519,346,0
123.185,-2.82431e-017,1.68552e-018,-4.20758e-017,0,2.03716,30.1674,0.715059,0,0,0.284941,1,0.05205,-0.00297761,-0.00304722,0.05205,347,0
123.214,-3.30434e-017,3.66569e-018,-4.44772e-017,0,2.03752,30.1685,0.715009,0,0,0.284991,1,0.0522,-0.00297761,-0.00304722,0.0522,348,0
123.242,-3.75573e-017,5.47341e-018,-4.69031e-017,0,2.03786,30.1696,0.714962,0,0,0.285038,1,0.05235,-0.00297761,-0.00304722,0.05235,349,0
123.271,-4.10635e-017,7.17931e-018,-4.84541e-017,0,2.03814,30.1703,0.714923,0,0,0.285077,1,0.0525,-0.00297761,-0.00304722,0.0525,350,0
123.299,-3.56278e-017,1.21205e-017,-3.57069e-017,0,2.03782,30.1676,0.714968,0,0,0.285032,1,0.05265,-0.00297761,-0.00304722,0.05265,351,0
123.327,-2.94567e-017,1.69084e-017,-2.28622e-017,0,2.03746,30.1646,0.715018,0,0,0.284982,1,0.0528,-0.00297761,-0.00304722,0.0528,352,0
123.355,-2.32857e-017,2.16961e-017,-1.00179e-017,0,2.0371,30.1617,0.715068,0,0,0.284932,1,0.05295,-0.00297761,-0.00304722,0.05295,353,0
123.383,-1.71147e-017,2.64838e-017,2.82649e-018,0,2.03674,30.1587,0.715118,0,0,0.284882,1,0.0531,-0.00297761,-0.00304722,0.0531,354,0
123.411,-3.59601e-018,2.63235e-017,1.1689e-017,0,2.03694,30.1574,0.715091,0,0,0.284909,1,0.05325,-0.00297761,-0.00304722,0.05325,355,0
123.438,4.68714e-018,1.44749e-017,1.70235e-017,0,2.03733,30.1578,0.715036,0,0,0.284964,1,0.0534,-0.00297761,-0.00304722,0.0534,356,0
123.466,1.21121e-017,1.42787e-018,2.20799e-017,0,2.03773,30.1583,0.714981,0,0,0.285019,1,0.05355,-0.00297761,-0.00304722,0.05355,357,0
123.493,1.95372e-017,-1.16195e-017,2.71364e-017,0,2.03812,30.1589,0.714925,0,0,0.285075,1,0.0537,-0.00297761,-0.00304722,0.0537,358,0
123.52,1.58009e-017,-2.54894e-017,2.66629e-017,0,2.03863,30.1604,0.714854,0,0,0.285146,1,0.05385,-0.00297761,-0.00304722,0.05385,359,0
123.547,-1.0085e-017,-4.09923e-017,1.52152e-017,0,2.03938,30.1638,0.71475,0,0,0.28525,1,0.054,-0.00297761,-0.00304722,0.054,360,0
123.573,-2.8265e-017,-5.42419e-017,9.4163e-018,0,2.03992,30.1658,0.714673,0,0,0.285327,1,0.05415,-0.00297761,-0.00304722,0.05415,361,0
123.599,-1.48093e-017,-5.24271e-017,1.49614e-017,0,2.04012,30.1663,0.714646,0,0,0.285354,1,0.0543,-0.00297761,-0.00304722,0.0543,362,0
123.625,5.90766e-018,-4.45328e-017,1.77676e-017,0,2.04045,30.1684,0.7146,0,0,0.2854,1,0.05445,-0.00297761,-0.00304722,0.05445,363,0
123.651,2.66246e-017,-3.66385e-017,2.05739e-017,0,2.04078,30.1705,0.714555,0,0,0.285445,1,0.0546,-0.00297761,-0.00304722,0.0546,364,0
123.676,3.44989e-017,-2.44536e-017,9.59643e-018,0,2.04123,30.1724,0.714491,0,0,0.285509,1,0.05475,-0.00297761,-0.00304722,0.05475,365,0
123.702,3.94528e-017,-1.12935e-017,-4.51478e-018,0,2.04172,30.1743,0.714423,0,0,0.285577,1,0.0549,-0.00297761,-0.00304722,0.0549,366,0
123.727,4.44067e-017,1.86657e-018,-1.8626e-017,0,2.04221,30.1762,0.714355,0,0,0.285645,1,0.05505,-0.00297761,-0.00304722,0.05505,367,0
123.752,3.52255e-017,1.19805e-018,-2.83721e-017,0,2.04256,30.1773,0.714305,0,0,0.285695,1,0.0552,-0.00297761,-0.00304722,0.0552,368,0
123.777,2.4388e-017,-1.09121e-018,-3.76064e-017,0,2.0429,30.1782,0.714258,0,0,0.285742,1,0.05535,-0.00297761,-0.00304722,0.05535,369,0
123.802,1.62722e-017,-6.94364e-018,-1.97617e-017,0,2.04284,30.1773,0.714266,0,0,0.285734,1,0.0555,-0.00297761,-0.00304722,0.0555,370,0
123.826,8.37717e-018,-1.30856e-017,2.82684e-019,0,2.04275,30.1762,0.714279,0,0,0.285721,1,0.05565,-0.00297761,-0.00304722,0.05565,371,0
123.851,4.82387e-019,-1.92274e-017,2.03265e-017,0,2.04266,30.1751,0.714291,0,0,0.285709,1,0.0558,-0.00297761,-0.00304722,0.0558,372,0
123.875,-7.4124e-018,-2.53692e-017,4.03704e-017,0,2.04257,30.174,0.714304,0,0,0.285696,1,0.05595,-0.00297761,-0.00304722,0.05595,373,0
123.899,-1.099e-017,-3.15013e-017,4.23032e-017,0,2.04248,30.1725,0.714315,0,0,0.285685,1,0.0561,-0.00297761,-0.00304722,0.0561,374,0
123.923,-1.15474e-017,-3.77575e-017,3.70813e-017,0,2.04248,30.171,0.714315,0,0,0.285685,1,0.05625,-0.00297761,-0.00304722,0.05625,375,0
123.946,-1.21049e-017,-4.40137e-017,3.18593e-017,0,2.04248,30.1694,0.714316,0,0,0.285684,1,0.0564,-0.00297761,-0.00304722,0.0564,376,0
123.97,-1.26624e-017,-5.02701e-017,2.66372e-017,0,2.04248,30.1678,0.714316,0,0,0.285684,1,0.05655,-0.00297761,-0.00304722,0.05655,377,0
123.993,-1.34085e-017,-5.59879e-017,2.10919e-017,0,2.04248,30.1664,0.714316,0,0,0.285684,1,0.0567,-0.00297761,-0.00304722,0.0567,378,0
124.017,-1.1341e-017,-5.38076e-017,2.48219e-018,0,2.04252,30.1667,0.714311,0,0,0.285689,1,0.05685,-0.00297761,-0.00304722,0.05685,379,0
124.04,-7.5646e-018,-4.74422e-017,-1.29465e-017,0,2.04254,30.1667,0.714308,0,0,0.285692,1,0.057,-0.00297761,-0.00304722,0.057,380,0
124.062,-1.0969e-018,-3.68066e-017,-6.58064e-018,0,2.04265,30.166,0.714293,0,0,0.285707,1,0.05715,-0.00297761,-0.00304722,0.05715,381,0
124.084,5.11915e-018,-2.38884e-017,2.90711e-018,0,2.04277,30.166,0.714276,0,0,0.285724,1,0.0573,-0.00297761,-0.00304722,0.0573,382,0
124.107,8.84724e-018,-2.47621e-018,9.88425e-018,0,2.04262,30.1683,0.714297,0,0,0.285703,1,0.05745,-0.00297761,-0.00304722,0.05745,383,0
124.129,1.25752e-017,1.89355e-017,1.68612e-017,0,2.04247,30.1707,0.714318,0,0,0.285682,1,0.0576,-0.00297761,-0.00304722,0.0576,384,0
124.151,5.17075e-018,3.6531e-017,1.25213e-018,0,2.04256,30.1728,0.714306,0,0,0.285694,1,0.05775,-0.00297761,-0.00304722,0.05775,385,0
124.173,-1.15901e-017,3.00045e-017,-1.5804e-017,0,2.04308,30.1757,0.714233,0,0,0.285767,1,0.0579,-0.00297761,-0.00304722,0.0579,386,0
124.194,-2.55813e-017,1.10184e-017,-1.59992e-017,0,2.04369,30.179,0.714148,0,0,0.285852,1,0.05805,-0.00297761,-0.00304722,0.05805,387,0
124.215,-3.95726e-017,-7.96767e-018,-1.61943e-017,0,2.0443,30.1823,0.714062,0,0,0.285938,1,0.0582,-0.00297761,-0.00304722,0.0582,388,0
124.237,-5.35638e-017,-2.69538e-017,-1.63894e-017,0,2.04491,30.1857,0.713977,0,0,0.286023,1,0.05835,-0.00297761,-0.00304722,0.05835,389,0
124.258,-6.54063e-017,-4.29608e-017,-1.17348e-017,0,2.04549,30.1909,0.713895,0,0,0.286105,1,0.0585,-0.00297761,-0.00304722,0.0585,390,0
124.279,-5.76504e-017,-4.83745e-017,5.07024e-018,0,2.0458,30.1929,0.713852,0,0,0.286148,1,0.05865,-0.00297761,-0.00304722,0.05865,391,0
124.299,-4.53091e-017,-5.19965e-017,2.33893e-017,0,2.04604,30.1933,0.713818,0,0,0.286182,1,0.0588,-0.00297761,-0.00304722,0.0588,392,0
124.319,-3.43302e-017,-4.16033e-017,2.02079e-017,0,2.04627,30.1909,0.713786,0,0,0.286214,1,0.05895,-0.00297761,-0.00304722,0.05895,393,0
124.34,-2.22765e-017,-2.58073e-017,1.89534e-017,0,2.0465,30.1902,0.713755,0,0,0.286245,1,0.0591,-0.00297761,-0.00304722,0.0591,394,0
124.36,-1.02228e-017,-1.00114e-017,1.7699e-017,0,2.04672,30.1895,0.713723,0,0,0.286277,1,0.05925,-0.00297761,-0.00304722,0.05925,395,0
124.38,1.83118e-018,5.78491e-018,1.64445e-017,0,2.04695,30.1888,0.713692,0,0,0.286308,1,0.0594,-0.00297761,-0.00304722,0.0594,396,0
124.4,9.4417e-019,1.93087e-017,-2.35152e-018,0,2.04737,30.1916,0.713633,0,0,0.286367,1,0.05955,-0.00297761,-0.00304722,0.05955,397,0
124.419,-5.57033e-018,3.18445e-017,-2.87757e-017,0,2.04788,30.196,0.713562,0,0,0.286438,1,0.0597,-0.00297761,-0.00304722,0.0597,398,0
124.438,-1.2085e-017,4.43805e-017,-5.52005e-017,0,2.04838,30.2003,0.713491,0,0,0.286509,1,0.05985,-0.00297761,-0.00304722,0.05985,399,0
124.457,-1.82375e-017,4.39145e-017,-6.17217e-017,0,2.04903,30.2046,0.7134,0,0,0.2866,1,0.06,-0.00297761,-0.00304722,0.06,400,0
124.476,-2.39666e-017,2.82373e-017,-4.4958e-017,0,2.04984,30.2088,0.713288,0,0,0.286712,1,0.06015,-0.00297761,-0.00304722,0.06015,401,0
124.495,-2.96333e-017,1.20977e-017,-2.67119e-017,0,2.05061,30.2127,0.713179,0,0,0.286821,1,0.0603,-0.00297761,-0.00304722,0.0603,402,0
124.514,-2.96221e-017,1.72364e-018,-1.32835e-017,0,2.05137,30.2163,0.713072,0,0,0.286928,1,0.06045,-0.00297761,-0.00304722,0.06045,403,0
124.532,-2.41748e-017,-2.6325e-018,-2.26359e-018,0,2.05203,30.2191,0.712981,0,0,0.287019,1,0.0606,-0.00297761,-0.00304722,0.0606,404,0
124.55,-1.87274e-017,-6.98875e-018,8.7566e-018,0,2.05268,30.2219,0.71289,0,0,0.28711,1,0.06075,-0.00297761,-0.00304722,0.06075,405,0
124.568,-1.32801e-017,-1.13449e-017,1.97765e-017,0,2.05333,30.2248,0.712799,0,0,0.287201,1,0.0609,-0.00297761,-0.00304722,0.0609,406,0
124.586,-6.80915e-018,-1.09614e-017,2.51229e-017,0,2.05394,30.2269,0.712714,0,0,0.287286,1,0.06105,-0.00297761,-0.00304722,0.06105,407,0
124.603,2.5696e-018,2.8848e-018,1.43539e-017,0,2.05442,30.2272,0.712646,0,0,0.287354,1,0.0612,-0.00297761,-0.00304722,0.0612,408,0
124.621,7.32879e-018,1.17551e-017,6.89189e-018,0,2.05496,30.2283,0.712571,0,0,0.287429,1,0.06135,-0.00297761,-0.00304722,0.06135,409,0
124.638,2.7484e-018,1.05655e-017,6.1157e-018,0,2.05558,30.2314,0.712483,0,0,0.287517,1,0.0615,-0.00297761,-0.00304722,0.0615,410,0
124.655,-1.8321e-018,9.37581e-018,5.33948e-018,0,2.05621,30.2345,0.712395,0,0,0.287605,1,0.06165,-0.00297761,-0.00304722,0.06165,411,0
124.672,-3.40702e-018,2.79212e-018,-6.20165e-020,0,2.05702,30.238,0.712283,0,0,0.287717,1,0.0618,-0.00297761,-0.00304722,0.0618,412,0
124.688,-3.2951e-018,-6.81904e-018,-8.05949e-018,0,2.05791,30.2417,0.712157,0,0,0.287843,1,0.06195,-0.00297761,-0.00304722,0.06195,413,0
124.705,-3.18317e-018,-1.64302e-017,-1.6057e-017,0,2.05881,30.2454,0.712031,0,0,0.287969,1,0.0621,-0.00297761,-0.00304722,0.0621,414,0
124.722,-5.83658e-018,-2.2825e-017,-1.86405e-017,0,2.05958,30.2501,0.711923,0,0,0.288077,1,0.06225,-0.00297761,-0.00304722,0.06225,415,0
124.737,4.14824e-019,-2.29757e-017,-1.54936e-017,0,2.06036,30.2544,0.711815,0,0,0.288186,1,0.0624,-0.00297761,-0.00304722,0.0624,416,0
124.753,6.66623e-018,-2.31264e-017,-1.23468e-017,0,2.06114,30.2588,0.711706,0,0,0.288294,1,0.06255,-0.00297761,-0.00304722,0.06255,417,0
124.768,1.29178e-017,-2.32771e-017,-9.19993e-018,0,2.06192,30.2631,0.711597,0,0,0.288403,1,0.0627,-0.00297761,-0.00304722,0.0627,418,0
124.784,1.91693e-017,-2.34278e-017,-6.05303e-018,0,2.0627,30.2674,0.711488,0,0,0.288512,1,0.06285,-0.00297761,-0.00304722,0.06285,419,0
124.799,1.89271e-017,-1.69352e-017,-3.00924e-018,0,2.06342,30.2715,0.711387,0,0,0.288613,1,0.063,-0.00297761,-0.00304722,0.063,420,0
124.815,1.29987e-017,-5.05245e-018,-1.29188e-019,0,2.06407,30.2756,0.711297,0,0,0.288703,1,0.06315,-0.00297761,-0.00304722,0.06315,421,0
124.83,9.79282e-018,-1.19548e-018,2.44401e-018,0,2.06445,30.2776,0.711244,0,0,0.288756,1,0.0633,-0.00297761,-0.00304722,0.0633,422,0
124.845,9.70542e-018,-6.47487e-018,4.65178e-018,0,2.0645,30.2769,0.711236,0,0,0.288764,1,0.06345,-0.00297761,-0.00304722,0.06345,423,0
124.859,7.54306e-018,-4.79868e-018,6.88601e-018,0,2.0645,30.2731,0.711236,0,0,0.288764,1,0.0636,-0.00297761,-0.00304722,0.0636,424,0
124.873,5.3808e-018,-3.12259e-018,9.12013e-018,0,2.0645,30.2694,0.711236,0,0,0.288764,1,0.06375,-0.00297761,-0.00304722,0.06375,425,0
124.887,4.13999e-018,-2.02272e-018,1.12723e-017,0,2.06468,30.2665,0.711211,0,0,0.288789,1,0.0639,-0.00297761,-0.00304722,0.0639,426,0
124.901,4.54266e-018,-1.95067e-018,1.3278e-017,0,2.06517,30.2651,0.711142,0,0,0.288858,1,0.06405,-0.00297761,-0.00304722,0.06405,427,0
124.915,4.94532e-018,-1.87862e-018,1.52836e-017,0,2.06566,30.2638,0.711074,0,0,0.288926,1,0.0642,-0.00297761,-0.00304722,0.0642,428,0
124.928,2.77231e-019,-2.79661e-018,1.72834e-017,0,2.06636,30.2675,0.710975,0,0,0.289025,1,0.06435,-0.00297761,-0.00304722,0.06435,429,0
124.942,-6.23e-018,-4.07369e-018,1.9281e-017,0,2.06715,30.2731,0.710865,0,0,0.289135,1,0.0645,-0.00297761,-0.00304722,0.0645,430,0
124.955,1.32704e-019,-8.39677e-018,1.05079e-017,0,2.06807,30.2783,0.710737,0,0,0.289263,1,0.06465,-0.00297761,-0.00304722,0.06465,431,0
124.968,9.92437e-018,-1.35316e-017,-1.13507e-018,0,2.06903,30.2833,0.710603,0,0,0.289397,1,0.0648,-0.00297761,-0.00304722,0.0648,432,0
124.981,1.9716e-017,-1.86664e-017,-1.2778e-017,0,2.06998,30.2884,0.710469,0,0,0.289531,1,0.06495,-0.00297761,-0.00304722,0.06495,433,0
124.994,2.94399e-017,-2.33203e-017,-2.4251e-017,0,2.07094,30.2933,0.710336,0,0,0.289664,1,0.0651,-0.00297761,-0.00304722,0.0651,434,0
125.006,3.23595e-017,-2.3026e-017,-3.21335e-017,0,2.07186,30.2995,0.710206,0,0,0.289794,1,0.06525,-0.00297761,-0.00304722,0.06525,435,0
125.018,2.98982e-017,-2.36962e-017,-2.91805e-017,0,2.07251,30.3028,0.710115,0,0,0.289885,1,0.0654,-0.00297761,-0.00304722,0.0654,436,0
125.03,2.40554e-017,-2.28567e-017,-2.0309e-017,0,2.07282,30.3037,0.710073,0,0,0.289927,1,0.06555,-0.00297761,-0.00304722,0.06555,437,0
125.042,1.82124e-017,-2.20173e-017,-1.1437e-017,0,2.07312,30.3046,0.710031,0,0,0.289969,1,0.0657,-0.00297761,-0.00304722,0.0657,438,0
125.054,1.23694e-017,-2.11778e-017,-2.56504e-018,0,2.07342,30.3055,0.709989,0,0,0.290011,1,0.06585,-0.00297761,-0.00304722,0.06585,439,0
125.065,6.5267e-018,-2.03384e-017,6.3065e-018,0,2.07372,30.3064,0.709947,0,0,0.290053,1,0.066,-0.00297761,-0.00304722,0.066,440,0
125.077,6.8369e-019,-1.94989e-017,1.51785e-017,0,2.07402,30.3073,0.709905,0,0,0.290095,1,0.06615,-0.00297761,-0.00304722,0.06615,441,0
125.088,-3.60364e-019,-1.65269e-017,1.67432e-017,0,2.07467,30.3107,0.709814,0,0,0.290186,1,0.0663,-0.00297761,-0.00304722,0.0663,442,0
125.099,-1.70524e-018,-1.02034e-017,1.54734e-017,0,2.07529,30.3135,0.709727,0,0,0.290273,1,0.06645,-0.00297761,-0.00304722,0.06645,443,0
125.11,-2.62542e-018,-3.15872e-018,1.26611e-017,0,2.07597,30.3168,0.709632,0,0,0.290368,1,0.0666,-0.00297761,-0.00304722,0.0666,444,0
125.12,1.29106e-018,-6.16837e-018,1.14587e-017,0,2.07706,30.3253,0.709479,0,0,0.290521,1,0.06675,-0.00297761,-0.00304722,0.06675,445,0
125.131,4.86869e-019,-3.21329e-018,1.36289e-018,0,2.07737,30.3246,0.709436,0,0,0.290564,1,0.0669,-0.00297761,-0.00304722,0.0669,446,0
125.141,-3.17365e-019,-2.58071e-019,-8.7334e-018,0,2.07768,30.3239,0.709393,0,0,0.290607,1,0.06705,-0.00297761,-0.00304722,0.06705,447,0
125.151,1.41957e-018,1.66363e-018,-1.41005e-017,0,2.0784,30.3278,0.709292,0,0,0.290708,1,0.0672,-0.00297761,-0.00304722,0.0672,448,0
125.161,6.07206e-018,2.39941e-018,-1.40413e-017,0,2.07959,30.3369,0.709125,0,0,0.290875,1,0.06735,-0.00297761,-0.00304722,0.06735,449,0
125.17,9.82608e-018,2.38177e-018,-1.12117e-017,0,2.08073,30.344,0.708965,0,0,0.291035,1,0.0675,-0.00297761,-0.00304722,0.0675,450,0
125.18,1.28232e-017,1.72959e-018,-6.04899e-018,0,2.08183,30.3494,0.708812,0,0,0.291188,1,0.06765,-0.00297761,-0.00304722,0.06765,451,0
125.189,1.20868e-017,4.32286e-019,-2.12171e-018,0,2.08187,30.3458,0.708807,0,0,0.291193,1,0.0678,-0.00297761,-0.00304722,0.0678,452,0
125.198,1.12997e-017,-8.73836e-019,1.789e-018,0,2.08189,30.3421,0.708803,0,0,0.291197,1,0.06795,-0.00297761,-0.00304722,0.06795,453,0
125.207,9.60822e-018,-1.7434e-018,4.40301e-018,0,2.08212,30.3405,0.708772,0,0,0.291229,1,0.0681,-0.00297761,-0.00304722,0.0681,454,0
125.216,7.33407e-018,-2.33158e-018,6.18123e-018,0,2.08247,30.3403,0.708722,0,0,0.291278,1,0.06825,-0.00297761,-0.00304722,0.06825,455,0
125.225,4.53883e-018,-3.62816e-018,7.7712e-018,0,2.08328,30.3432,0.708608,0,0,0.291392,1,0.0684,-0.00297761,-0.00304722,0.0684,456,0
125.232,5.69688e-018,-4.08449e-018,8.00329e-018,0,2.08426,30.3467,0.708471,0,0,0.291529,1,0.06855,-0.00297761,-0.00304722,0.06855,457,0
125.24,8.12929e-018,-4.22325e-018,7.82631e-018,0,2.08526,30.3501,0.708332,0,0,0.291668,1,0.0687,-0.00297761,-0.00304722,0.0687,458,0
125.248,8.70435e-018,-3.45161e-018,7.05868e-018,0,2.08622,30.3535,0.708198,0,0,0.291802,1,0.06885,-0.00297761,-0.00304722,0.06885,459,0
125.256,7.52524e-018,-1.82021e-018,5.73323e-018,0,2.08714,30.3569,0.708069,0,0,0.291931,1,0.069,-0.00297761,-0.00304722,0.069,460,0
125.263,6.34619e-018,-1.88879e-019,4.40785e-018,0,2.08806,30.3603,0.70794,0,0,0.29206,1,0.06915,-0.00297761,-0.00304722,0.06915,461,0
125.271,7.02681e-018,-2.52377e-019,4.03686e-018,0,2.08903,30.3643,0.707805,0,0,0.292195,1,0.0693,-0.00297761,-0.00304722,0.0693,462,0
125.278,1.12788e-017,-3.86276e-018,6.16468e-018,0,2.09027,30.3707,0.707632,0,0,0.292368,1,0.06945,-0.00297761,-0.00304722,0.06945,463,0
125.285,1.23606e-017,-5.16133e-018,7.9818e-018,0,2.09181,30.3785,0.707416,0,0,0.292584,1,0.0696,-0.00297761,-0.00304722,0.0696,464,0
125.292,1.11339e-017,-5.56296e-018,9.14752e-018,0,2.09316,30.3839,0.707228,0,0,0.292772,1,0.06975,-0.00297761,-0.00304722,0.06975,465,0
125.298,8.55585e-018,-5.33173e-018,8.89069e-018,0,2.09456,30.3905,0.707032,0,0,0.292968,1,0.0699,-0.00297761,-0.00304722,0.0699,466,0
125.305,5.94036e-018,-4.98694e-018,7.66772e-018,0,2.09612,30.3996,0.706814,0,0,0.293186,1,0.07005,-0.00297761,-0.00304722,0.07005,467,0
125.311,3.32475e-018,-4.64214e-018,6.4447e-018,0,2.09768,30.4086,0.706596,0,0,0.293404,1,0.0702,-0.00297761,-0.00304722,0.0702,468,0
125.317,3.74378e-018,-3.05253e-018,6.1484e-018,0,2.09935,30.4162,0.706361,0,0,0.293639,1,0.07035,-0.00297761,-0.00304722,0.07035,469,0
125.323,3.48784e-018,-3.76162e-019,6.53326e-018,0,2.10048,30.4177,0.706204,0,0,0.293796,1,0.0705,-0.00297761,-0.00304722,0.0705,470,0
125.328,2.18931e-018,6.10781e-019,4.42783e-018,0,2.1018,30.4232,0.706019,0,0,0.293981,1,0.07065,-0.00297761,-0.00304722,0.07065,471,0
125.334,8.37881e-019,1.51201e-018,2.19605e-018,0,2.10314,30.4289,0.705832,0,0,0.294168,1,0.0708,-0.00297761,-0.00304722,0.0708,472,0
125.339,-5.1348e-019,2.41319e-018,-3.56165e-020,0,2.10447,30.4345,0.705645,0,0,0.294355,1,0.07095,-0.00297761,-0.00304722,0.07095,473,0
125.344,-1.68747e-018,3.02513e-018,-2.32691e-018,0,2.10591,30.4408,0.705444,0,0,0.294556,1,0.0711,-0.00297761,-0.00304722,0.0711,474,0
125.349,-1.31673e-018,1.11871e-018,-5.13623e-018,0,2.10826,30.4528,0.705116,0,0,0.294884,1,0.07125,-0.00297761,-0.00304722,0.07125,475,0
125.353,-3.43315e-019,-3.64979e-019,-5.88241e-018,0,2.1102,30.4601,0.704844,0,0,0.295156,1,0.0714,-0.00297761,-0.00304722,0.0714,476,0
125.358,6.45164e-019,-1.8381e-018,-6.57703e-018,0,2.11214,30.4673,0.704573,0,0,0.295427,1,0.07155,-0.00297761,-0.00304722,0.07155,477,0
125.362,1.63359e-018,-3.31114e-018,-7.27162e-018,0,2.11407,30.4745,0.704302,0,0,0.295698,1,0.0717,-0.00297761,-0.00304722,0.0717,478,0
125.366,2.29025e-018,-4.45008e-018,-7.71309e-018,0,2.11603,30.4819,0.704029,0,0,0.295971,1,0.07185,-0.00297761,-0.00304722,0.07185,479,0
125.37,1.50367e-018,-3.24464e-018,-6.10042e-018,0,2.11809,30.4903,0.70374,0,0,0.29626,1,0.072,-0.00297761,-0.00304722,0.072,480,0
125.373,7.18319e-019,-2.00173e-018,-4.43868e-018,0,2.12014,30.4986,0.703453,0,0,0.296547,1,0.07215,-0.00297761,-0.00304722,0.07215,481,0
125.376,-6.70726e-020,-7.58748e-019,-2.77687e-018,0,2.12219,30.507,0.703166,0,0,0.296833,1,0.0723,-0.00297761,-0.00304722,0.0723,482,0
125.38,-5.97996e-019,7.61472e-020,-9.30103e-019,0,2.12424,30.5153,0.70288,0,0,0.29712,1,0.07245,-0.00297761,-0.00304722,0.07245,483,0
125.383,-6.44812e-019,1.34697e-019,1.26841e-018,0,2.12629,30.5235,0.702593,0,0,0.297407,1,0.0726,-0.00297761,-0.00304722,0.0726,484,1
125.387,-6.9163e-019,1.93249e-019,3.46702e-018,0,2.12834,30.5318,0.702306,0,0,0.297694,1,0.07275,-0.00297761,-0.00304722,0.07275,485,0
125.39,-9.20078e-019,1.74016e-019,5.25017e-018,0,2.13039,30.54,0.70202,0,0,0.29798,1,0.0729,-0.00297761,-0.00304722,0.0729,486,0
125.393,-1.66085e-018,-9.87572e-020,5.09064e-018,0,2.13235,30.5477,0.701745,0,0,0.298255,1,0.07305,-0.00297761,-0.00304722,0.07305,487,0
125.395,-1.60204e-018,-1.07695e-019,4.98535e-018,0,2.13414,30.555,0.701496,0,0,0.298504,1,0.0732,-0.00297761,-0.00304722,0.0732,488,0
125.396,-1.59826e-018,4.68513e-019,4.54666e-018,0,2.13569,30.5607,0.701279,0,0,0.298721,1,0.07335,-0.00297761,-0.00304722,0.07335,489,0
125.398,-1.62942e-018,1.00918e-018,4.02835e-018,0,2.13721,30.5665,0.701065,0,0,0.298935,1,0.0735,-0.00297761,-0.00304722,0.0735,490,0
125.4,-1.90034e-018,6.11764e-019,3.18884e-018,0,2.13874,30.5741,0.700852,0,0,0.299148,1,0.07365,-0.00297761,-0.00304722,0.07365,491,0
125.402,-2.0999e-018,2.14508e-019,2.3865e-018,0,2.14025,30.5816,0.70064,0,0,0.29936,1,0.0738,-0.00297761,-0.00304722,0.0738,492,0
125.404,-1.97018e-018,-1.81978e-019,1.75576e-018,0,2.14167,30.5884,0.700442,0,0,0.299558,1,0.07395,-0.00297761,-0.00304722,0.07395,493,0
125.405,-1.77089e-018,-1.54407e-019,1.46411e-018,0,2.14272,30.5935,0.700296,0,0,0.299704,1,0.0741,-0.00297761,-0.00304722,0.0741,494,0
125.405,-1.15428e-018,-1.00974e-019,1.40768e-018,0,2.14363,30.5975,0.700168,0,0,0.299832,1,0.07425,-0.00297761,-0.00304722,0.07425,495,0
125.406,-4.86925e-019,-4.86969e-020,1.37681e-018,0,2.14453,30.6015,0.700042,0,0,0.299958,1,0.0744,-0.00297761,-0.00304722,0.0744,496,0
125.407,-1.42531e-019,-2.01924e-020,1.16113e-018,0,2.14539,30.6058,0.699921,0,0,0.300079,1,0.07455,-0.00297761,-0.00304722,0.07455,497,0
125.408,-8.39254e-020,-1.27244e-020,7.81947e-019,0,2.14624,30.6105,0.699803,0,0,0.300197,1,0.0747,-0.00297761,-0.00304722,0.0747,498,0
125.408,-2.53224e-020,-5.25678e-021,4.02779e-019,0,2.14708,30.6151,0.699685,0,0,0.300315,1,0.07485,-0.00297761,-0.00304722,0.07485,499,0
125.409,0,0,0,0,2.14791,30.6197,0.699568,0,0,0.300432,1,0.075,-0.00297761,-0.00304722,0.075,500,0
