d_interface_regular,Concentration,vtkValidPointMask,arc_length,Points:0,Points:1,Points:2,vtkOriginalIndices,__vtkIsSelected__
0.0927536,7.49495,1,0,0.0005,0,0,0,0
0.0926137,7.05809,1,0.00014,0.0005,0.00014,0,1,0
0.0924737,7.15409,1,0.00028,0.0005,0.00028,0,2,0
0.0923337,7.17302,1,0.00042,0.0005,0.00042,0,3,0
0.0921937,7.18335,1,0.00056,0.0005,0.00056,0,4,0
0.0920537,7.18992,1,0.0007,0.0005,0.0007,0,5,0
0.0919137,7.18307,1,0.00084,0.0005,0.00084,0,6,0
0.0917737,7.20603,1,0.00098,0.0005,0.00098,0,7,0
0.0916337,7.15662,1,0.00112,0.0005,0.00112,0,8,0
0.0914937,7.18848,1,0.00126,0.0005,0.00126,0,9,0
0.0913537,7.15581,1,0.0014,0.0005,0.0014,0,10,0
0.0912137,7.15272,1,0.00154,0.0005,0.00154,0,11,0
0.0910737,7.15293,1,0.00168,0.0005,0.00168,0,12,0
0.0909337,7.16663,1,0.00182,0.0005,0.00182,0,13,0
0.0907937,7.1616,1,0.00196,0.0005,0.00196,0,14,0
0.0906537,7.1371,1,0.0021,0.0005,0.0021,0,15,0
0.0905137,7.15008,1,0.00224,0.0005,0.00224,0,16,0
0.0903737,7.1215,1,0.00238,0.0005,0.00238,0,17,0
0.0902337,7.14037,1,0.00252,0.0005,0.00252,0,18,0
0.0900937,7.13433,1,0.00266,0.0005,0.00266,0,19,0
0.0899537,7.14065,1,0.0028,0.0005,0.0028,0,20,0
0.0898137,7.15665,1,0.00294,0.0005,0.00294,0,21,0
0.0896737,7.10756,1,0.00308,0.0005,0.00308,0,22,0
0.0895337,7.10789,1,0.00322,0.0005,0.00322,0,23,0
0.0893937,7.09769,1,0.00336,0.0005,0.00336,0,24,1
0.0892537,7.13123,1,0.0035,0.0005,0.0035,0,25,1
0.0891137,7.12145,1,0.00364,0.0005,0.00364,0,26,1
0.0889737,7.09762,1,0.00378,0.0005,0.00378,0,27,0
0.0888337,7.11465,1,0.00392,0.0005,0.00392,0,28,0
0.0886937,7.12412,1,0.00406,0.0005,0.00406,0,29,0
0.0885537,7.08797,1,0.0042,0.0005,0.0042,0,30,0
0.0884137,7.09038,1,0.00434,0.0005,0.00434,0,31,0
0.0882737,7.10007,1,0.00448,0.0005,0.00448,0,32,0
0.0881337,7.08724,1,0.00462,0.0005,0.00462,0,33,0
0.0879937,7.09638,1,0.00476,0.0005,0.00476,0,34,0
0.0878537,7.09207,1,0.0049,0.0005,0.0049,0,35,0
0.0877137,7.07978,1,0.00504,0.0005,0.00504,0,36,0
0.0875737,7.09061,1,0.00518,0.0005,0.00518,0,37,0
0.0874337,7.08664,1,0.00532,0.0005,0.00532,0,38,0
0.0872937,7.04094,1,0.00546,0.0005,0.00546,0,39,0
0.0871537,7.10332,1,0.0056,0.0005,0.0056,0,40,0
0.0870136,7.02242,1,0.00574,0.0005,0.00574,0,41,0
0.0868737,7.08598,1,0.00588,0.0005,0.00588,0,42,0
0.0867337,7.08918,1,0.00602,0.0005,0.00602,0,43,0
0.0865937,7.05996,1,0.00616,0.0005,0.00616,0,44,0
0.0864537,7.06252,1,0.0063,0.0005,0.0063,0,45,0
0.0863136,7.07042,1,0.00644,0.0005,0.00644,0,46,0
0.0861737,7.05654,1,0.00658,0.0005,0.00658,0,47,0
0.0860337,7.04871,1,0.00672,0.0005,0.00672,0,48,0
0.0858937,7.07264,1,0.00686,0.0005,0.00686,0,49,0
0.0857537,7.04869,1,0.007,0.0005,0.007,0,50,0
0.0856137,7.04933,1,0.00714,0.0005,0.00714,0,51,0
0.0854737,7.0201,1,0.00728,0.0005,0.00728,0,52,0
0.0853337,7.06559,1,0.00742,0.0005,0.00742,0,53,0
0.0851937,7.04642,1,0.00756,0.0005,0.00756,0,54,0
0.0850536,7.01747,1,0.0077,0.0005,0.0077,0,55,0
0.0849137,7.03363,1,0.00784,0.0005,0.00784,0,56,0
0.0847737,7.05916,1,0.00798,0.0005,0.00798,0,57,0
0.0846337,6.99108,1,0.00812,0.0005,0.00812,0,58,0
0.0844937,7.04943,1,0.00826,0.0005,0.00826,0,59,0
0.0843537,7.02445,1,0.0084,0.0005,0.0084,0,60,0
0.0842137,7.02074,1,0.00854,0.0005,0.00854,0,61,0
0.0840737,7.04293,1,0.00868,0.0005,0.00868,0,62,0
0.0839337,7.03633,1,0.00882,0.0005,0.00882,0,63,0
0.0837937,7.00908,1,0.00896,0.0005,0.00896,0,64,0
0.0836537,7.00731,1,0.0091,0.0005,0.0091,0,65,0
0.0835137,7.017,1,0.00924,0.0005,0.00924,0,66,0
0.0833738,7.02881,1,0.00938,0.0005,0.00938,0,67,0
0.0832337,7.00874,1,0.00952,0.0005,0.00952,0,68,0
0.0830937,6.97968,1,0.00966,0.0005,0.00966,0,69,0
0.0829537,6.9684,1,0.0098,0.0005,0.0098,0,70,0
0.0828137,7.02149,1,0.00994,0.0005,0.00994,0,71,0
0.0826737,7.0161,1,0.01008,0.0005,0.01008,0,72,0
0.0825337,7.0169,1,0.01022,0.0005,0.01022,0,73,0
0.0823937,7.03224,1,0.01036,0.0005,0.01036,0,74,0
0.0822537,7.00829,1,0.0105,0.0005,0.0105,0,75,0
0.0821137,6.96488,1,0.01064,0.0005,0.01064,0,76,0
0.0819737,7.02405,1,0.01078,0.0005,0.01078,0,77,0
0.0818336,7.00791,1,0.01092,0.0005,0.01092,0,78,0
0.0816937,6.95799,1,0.01106,0.0005,0.01106,0,79,0
0.0815537,7.01166,1,0.0112,0.0005,0.0112,0,80,0
0.0814137,6.99949,1,0.01134,0.0005,0.01134,0,81,0
0.0812737,7.02175,1,0.01148,0.0005,0.01148,0,82,0
0.0811337,6.98693,1,0.01162,0.0005,0.01162,0,83,0
0.0809937,6.99219,1,0.01176,0.0005,0.01176,0,84,0
0.0808537,6.98383,1,0.0119,0.0005,0.0119,0,85,0
0.0807137,6.98505,1,0.01204,0.0005,0.01204,0,86,0
0.0805737,6.97738,1,0.01218,0.0005,0.01218,0,87,0
0.0804336,6.95614,1,0.01232,0.0005,0.01232,0,88,0
0.0802937,6.99659,1,0.01246,0.0005,0.01246,0,89,0
0.0801537,6.98472,1,0.0126,0.0005,0.0126,0,90,0
0.0800137,6.98126,1,0.01274,0.0005,0.01274,0,91,0
0.0798738,6.95907,1,0.01288,0.0005,0.01288,0,92,0
0.0797337,6.97834,1,0.01302,0.0005,0.01302,0,93,0
0.0795937,6.98388,1,0.01316,0.0005,0.01316,0,94,0
0.0794537,7.00171,1,0.0133,0.0005,0.0133,0,95,0
0.0793137,6.96816,1,0.01344,0.0005,0.01344,0,96,0
0.0791737,6.954,1,0.01358,0.0005,0.01358,0,97,0
0.0790337,6.96779,1,0.01372,0.0005,0.01372,0,98,0
0.0788937,6.99159,1,0.01386,0.0005,0.01386,0,99,0
0.0787537,6.96858,1,0.014,0.0005,0.014,0,100,0
0.0786137,6.94862,1,0.01414,0.0005,0.01414,0,101,0
0.0784737,6.99074,1,0.01428,0.0005,0.01428,0,102,0
0.0783337,6.96702,1,0.01442,0.0005,0.01442,0,103,0
0.0781937,6.97477,1,0.01456,0.0005,0.01456,0,104,0
0.0780537,6.96976,1,0.0147,0.0005,0.0147,0,105,0
0.0779137,6.97587,1,0.01484,0.0005,0.01484,0,106,0
0.0777737,6.96438,1,0.01498,0.0005,0.01498,0,107,0
0.0776337,6.96754,1,0.01512,0.0005,0.01512,0,108,0
0.0774937,6.96915,1,0.01526,0.0005,0.01526,0,109,0
0.0773536,6.96035,1,0.0154,0.0005,0.0154,0,110,0
0.0772137,6.97991,1,0.01554,0.0005,0.01554,0,111,0
0.0770737,6.93378,1,0.01568,0.0005,0.01568,0,112,0
0.0769337,6.95141,1,0.01582,0.0005,0.01582,0,113,0
0.0767938,6.96126,1,0.01596,0.0005,0.01596,0,114,0
0.0766537,6.95446,1,0.0161,0.0005,0.0161,0,115,0
0.0765137,6.95753,1,0.01624,0.0005,0.01624,0,116,0
0.0763737,6.9749,1,0.01638,0.0005,0.01638,0,117,0
0.0762337,6.9666,1,0.01652,0.0005,0.01652,0,118,0
0.0760936,6.93352,1,0.01666,0.0005,0.01666,0,119,0
0.0759538,6.97516,1,0.0168,0.0005,0.0168,0,120,0
0.0758137,6.94761,1,0.01694,0.0005,0.01694,0,121,0
0.0756737,6.93974,1,0.01708,0.0005,0.01708,0,122,0
0.0755337,6.98131,1,0.01722,0.0005,0.01722,0,123,0
0.0753937,6.96363,1,0.01736,0.0005,0.01736,0,124,0
0.0752537,6.93806,1,0.0175,0.0005,0.0175,0,125,0
0.0751137,6.95186,1,0.01764,0.0005,0.01764,0,126,0
0.0749737,6.95391,1,0.01778,0.0005,0.01778,0,127,0
0.0748337,6.93954,1,0.01792,0.0005,0.01792,0,128,0
0.0746937,6.95296,1,0.01806,0.0005,0.01806,0,129,0
0.0745537,6.93621,1,0.0182,0.0005,0.0182,0,130,0
0.0744137,6.94274,1,0.01834,0.0005,0.01834,0,131,0
0.0742737,6.96261,1,0.01848,0.0005,0.01848,0,132,0
0.0741337,6.95991,1,0.01862,0.0005,0.01862,0,133,0
0.0739937,6.94546,1,0.01876,0.0005,0.01876,0,134,0
0.0738537,6.95977,1,0.0189,0.0005,0.0189,0,135,0
0.0737137,6.97588,1,0.01904,0.0005,0.01904,0,136,0
0.0735737,6.9658,1,0.01918,0.0005,0.01918,0,137,0
0.0734337,6.95586,1,0.01932,0.0005,0.01932,0,138,0
0.0732937,6.98021,1,0.01946,0.0005,0.01946,0,139,0
0.0731537,6.95333,1,0.0196,0.0005,0.0196,0,140,0
0.0730137,6.9433,1,0.01974,0.0005,0.01974,0,141,0
0.0728737,6.96495,1,0.01988,0.0005,0.01988,0,142,0
0.0727337,6.96414,1,0.02002,0.0005,0.02002,0,143,0
0.0725937,6.97804,1,0.02016,0.0005,0.02016,0,144,0
0.0724537,6.97022,1,0.0203,0.0005,0.0203,0,145,0
0.0723137,6.94844,1,0.02044,0.0005,0.02044,0,146,0
0.0721737,6.96457,1,0.02058,0.0005,0.02058,0,147,0
0.0720337,6.98355,1,0.02072,0.0005,0.02072,0,148,0
0.0718938,6.96439,1,0.02086,0.0005,0.02086,0,149,0
0.0717537,6.96871,1,0.021,0.0005,0.021,0,150,0
0.0716137,6.94523,1,0.02114,0.0005,0.02114,0,151,0
0.0714737,6.96536,1,0.02128,0.0005,0.02128,0,152,0
0.0713337,6.96868,1,0.02142,0.0005,0.02142,0,153,0
0.0711938,6.97754,1,0.02156,0.0005,0.02156,0,154,0
0.0710537,6.97434,1,0.0217,0.0005,0.0217,0,155,0
0.0709137,6.96921,1,0.02184,0.0005,0.02184,0,156,0
0.0707737,6.96747,1,0.02198,0.0005,0.02198,0,157,0
0.0706337,6.96733,1,0.02212,0.0005,0.02212,0,158,0
0.0704937,6.96966,1,0.02226,0.0005,0.02226,0,159,0
0.0703537,6.95418,1,0.0224,0.0005,0.0224,0,160,0
0.0702137,6.95323,1,0.02254,0.0005,0.02254,0,161,0
0.0700737,6.96993,1,0.02268,0.0005,0.02268,0,162,0
0.0699337,6.92347,1,0.02282,0.0005,0.02282,0,163,0
0.0697937,6.96802,1,0.02296,0.0005,0.02296,0,164,0
0.0696537,6.98465,1,0.0231,0.0005,0.0231,0,165,0
0.0695137,6.97082,1,0.02324,0.0005,0.02324,0,166,0
0.0693737,6.96391,1,0.02338,0.0005,0.02338,0,167,0
0.0692337,6.96956,1,0.02352,0.0005,0.02352,0,168,0
0.0690937,6.95156,1,0.02366,0.0005,0.02366,0,169,0
0.0689537,6.9596,1,0.0238,0.0005,0.0238,0,170,0
0.0688137,6.9537,1,0.02394,0.0005,0.02394,0,171,0
0.0686737,6.97186,1,0.02408,0.0005,0.02408,0,172,0
0.0685337,6.94089,1,0.02422,0.0005,0.02422,0,173,0
0.0683937,6.972,1,0.02436,0.0005,0.02436,0,174,0
0.0682537,6.96044,1,0.0245,0.0005,0.0245,0,175,0
0.0681137,6.9547,1,0.02464,0.0005,0.02464,0,176,0
0.0679737,6.96126,1,0.02478,0.0005,0.02478,0,177,0
0.0678337,6.94787,1,0.02492,0.0005,0.02492,0,178,0
0.0676937,6.95005,1,0.02506,0.0005,0.02506,0,179,0
0.0675537,6.95439,1,0.0252,0.0005,0.0252,0,180,0
0.0674137,6.96222,1,0.02534,0.0005,0.02534,0,181,0
0.0672737,6.94736,1,0.02548,0.0005,0.02548,0,182,0
0.0671337,6.9732,1,0.02562,0.0005,0.02562,0,183,0
0.0669937,6.96293,1,0.02576,0.0005,0.02576,0,184,0
0.0668537,6.95799,1,0.0259,0.0005,0.0259,0,185,0
0.0667137,6.96995,1,0.02604,0.0005,0.02604,0,186,0
0.0665737,6.93609,1,0.02618,0.0005,0.02618,0,187,0
0.0664337,6.95548,1,0.02632,0.0005,0.02632,0,188,0
0.0662937,6.97376,1,0.02646,0.0005,0.02646,0,189,0
0.0661537,6.94892,1,0.0266,0.0005,0.0266,0,190,0
0.0660137,6.97299,1,0.02674,0.0005,0.02674,0,191,0
0.0658736,6.95168,1,0.02688,0.0005,0.02688,0,192,0
0.0657337,6.95557,1,0.02702,0.0005,0.02702,0,193,0
0.0655938,6.94473,1,0.02716,0.0005,0.02716,0,194,0
0.0654537,6.97048,1,0.0273,0.0005,0.0273,0,195,0
0.0653137,6.9635,1,0.02744,0.0005,0.02744,0,196,0
0.0651737,6.95579,1,0.02758,0.0005,0.02758,0,197,0
0.0650337,6.96305,1,0.02772,0.0005,0.02772,0,198,0
0.0648937,6.94822,1,0.02786,0.0005,0.02786,0,199,0
0.0647538,6.96492,1,0.028,0.0005,0.028,0,200,0
0.0646138,6.97067,1,0.02814,0.0005,0.02814,0,201,0
0.0644737,6.95599,1,0.02828,0.0005,0.02828,0,202,0
0.0643337,6.96105,1,0.02842,0.0005,0.02842,0,203,0
0.0641938,6.97445,1,0.02856,0.0005,0.02856,0,204,0
0.0640537,6.97241,1,0.0287,0.0005,0.0287,0,205,0
0.0639137,6.96342,1,0.02884,0.0005,0.02884,0,206,0
0.0637737,6.96647,1,0.02898,0.0005,0.02898,0,207,0
0.0636337,6.95623,1,0.02912,0.0005,0.02912,0,208,0
0.0634937,6.95702,1,0.02926,0.0005,0.02926,0,209,0
0.0633537,6.92473,1,0.0294,0.0005,0.0294,0,210,0
0.0632137,6.95115,1,0.02954,0.0005,0.02954,0,211,0
0.0630737,6.96817,1,0.02968,0.0005,0.02968,0,212,0
0.0629336,6.94259,1,0.02982,0.0005,0.02982,0,213,0
0.0627937,6.94661,1,0.02996,0.0005,0.02996,0,214,0
0.0626537,6.96484,1,0.0301,0.0005,0.0301,0,215,0
0.0625137,6.94577,1,0.03024,0.0005,0.03024,0,216,0
0.0623737,6.96763,1,0.03038,0.0005,0.03038,0,217,0
0.0622337,6.951,1,0.03052,0.0005,0.03052,0,218,0
0.0620938,6.97701,1,0.03066,0.0005,0.03066,0,219,0
0.0619537,6.9701,1,0.0308,0.0005,0.0308,0,220,0
0.0618137,6.96952,1,0.03094,0.0005,0.03094,0,221,0
0.0616737,6.9678,1,0.03108,0.0005,0.03108,0,222,0
0.0615337,6.95637,1,0.03122,0.0005,0.03122,0,223,0
0.0613937,6.95078,1,0.03136,0.0005,0.03136,0,224,0
0.0612537,6.97086,1,0.0315,0.0005,0.0315,0,225,0
0.0611137,6.95609,1,0.03164,0.0005,0.03164,0,226,0
0.0609737,6.95486,1,0.03178,0.0005,0.03178,0,227,0
0.0608337,6.97655,1,0.03192,0.0005,0.03192,0,228,0
0.0606937,6.95351,1,0.03206,0.0005,0.03206,0,229,0
0.0605537,6.96289,1,0.0322,0.0005,0.0322,0,230,0
0.0604137,6.96627,1,0.03234,0.0005,0.03234,0,231,0
0.0602737,6.93861,1,0.03248,0.0005,0.03248,0,232,0
0.0601337,6.97205,1,0.03262,0.0005,0.03262,0,233,0
0.0599937,6.9725,1,0.03276,0.0005,0.03276,0,234,0
0.0598537,6.97209,1,0.0329,0.0005,0.0329,0,235,0
0.0597137,6.959,1,0.03304,0.0005,0.03304,0,236,0
0.0595738,6.97087,1,0.03318,0.0005,0.03318,0,237,0
0.0594337,6.97794,1,0.03332,0.0005,0.03332,0,238,0
0.0592938,6.96978,1,0.03346,0.0005,0.03346,0,239,0
0.0591537,6.9593,1,0.0336,0.0005,0.0336,0,240,0
0.0590137,6.97001,1,0.03374,0.0005,0.03374,0,241,0
0.0588738,6.97619,1,0.03388,0.0005,0.03388,0,242,0
0.0587337,6.97724,1,0.03402,0.0005,0.03402,0,243,0
0.0585937,6.93795,1,0.03416,0.0005,0.03416,0,244,0
0.0584537,6.96489,1,0.0343,0.0005,0.0343,0,245,0
0.0583137,6.96626,1,0.03444,0.0005,0.03444,0,246,0
0.0581737,6.9537,1,0.03458,0.0005,0.03458,0,247,0
0.0580337,6.94664,1,0.03472,0.0005,0.03472,0,248,0
0.0578937,6.9741,1,0.03486,0.0005,0.03486,0,249,0
0.0577537,6.93675,1,0.035,0.0005,0.035,0,250,0
0.0576137,6.95917,1,0.03514,0.0005,0.03514,0,251,0
0.0574737,6.97787,1,0.03528,0.0005,0.03528,0,252,0
0.0573337,6.92102,1,0.03542,0.0005,0.03542,0,253,0
0.0571937,6.97507,1,0.03556,0.0005,0.03556,0,254,0
0.0570537,6.97199,1,0.0357,0.0005,0.0357,0,255,0
0.0569137,6.97079,1,0.03584,0.0005,0.03584,0,256,0
0.0567738,6.96495,1,0.03598,0.0005,0.03598,0,257,0
0.0566337,6.97896,1,0.03612,0.0005,0.03612,0,258,0
0.0564937,6.97488,1,0.03626,0.0005,0.03626,0,259,0
0.0563537,6.98306,1,0.0364,0.0005,0.0364,0,260,0
0.0562137,6.98323,1,0.03654,0.0005,0.03654,0,261,0
0.0560737,6.95802,1,0.03668,0.0005,0.03668,0,262,0
0.0559337,6.93931,1,0.03682,0.0005,0.03682,0,263,0
0.0557937,6.97015,1,0.03696,0.0005,0.03696,0,264,0
0.0556537,6.95951,1,0.0371,0.0005,0.0371,0,265,0
0.0555138,6.95346,1,0.03724,0.0005,0.03724,0,266,0
0.0553737,6.97618,1,0.03738,0.0005,0.03738,0,267,0
0.0552337,6.94914,1,0.03752,0.0005,0.03752,0,268,0
0.0550937,6.97821,1,0.03766,0.0005,0.03766,0,269,0
0.0549537,6.96606,1,0.0378,0.0005,0.0378,0,270,0
0.0548137,6.95432,1,0.03794,0.0005,0.03794,0,271,0
0.0546737,6.95402,1,0.03808,0.0005,0.03808,0,272,0
0.0545337,6.95539,1,0.03822,0.0005,0.03822,0,273,0
0.0543937,6.97633,1,0.03836,0.0005,0.03836,0,274,0
0.0542537,6.96796,1,0.0385,0.0005,0.0385,0,275,0
0.0541137,6.95795,1,0.03864,0.0005,0.03864,0,276,0
0.0539737,6.96887,1,0.03878,0.0005,0.03878,0,277,0
0.0538338,6.97792,1,0.03892,0.0005,0.03892,0,278,0
0.0536938,6.95441,1,0.03906,0.0005,0.03906,0,279,0
0.0535537,6.97295,1,0.0392,0.0005,0.0392,0,280,0
0.0534138,6.96527,1,0.03934,0.0005,0.03934,0,281,0
0.0532737,6.96452,1,0.03948,0.0005,0.03948,0,282,0
0.0531337,6.97725,1,0.03962,0.0005,0.03962,0,283,0
0.0529937,6.94821,1,0.03976,0.0005,0.03976,0,284,0
0.0528537,6.97333,1,0.0399,0.0005,0.0399,0,285,0
0.0527137,6.95797,1,0.04004,0.0005,0.04004,0,286,0
0.0525738,6.96485,1,0.04018,0.0005,0.04018,0,287,0
0.0524337,6.95175,1,0.04032,0.0005,0.04032,0,288,0
0.0522937,6.98193,1,0.04046,0.0005,0.04046,0,289,0
0.0521537,6.98108,1,0.0406,0.0005,0.0406,0,290,0
0.0520137,6.95552,1,0.04074,0.0005,0.04074,0,291,0
0.0518738,6.95061,1,0.04088,0.0005,0.04088,0,292,0
0.0517337,6.96705,1,0.04102,0.0005,0.04102,0,293,0
0.0515937,6.95427,1,0.04116,0.0005,0.04116,0,294,0
0.0514537,6.97342,1,0.0413,0.0005,0.0413,0,295,0
0.0513137,6.97541,1,0.04144,0.0005,0.04144,0,296,0
0.0511738,6.9681,1,0.04158,0.0005,0.04158,0,297,0
0.0510338,6.9533,1,0.04172,0.0005,0.04172,0,298,0
0.0508937,6.97312,1,0.04186,0.0005,0.04186,0,299,0
0.0507537,6.96445,1,0.042,0.0005,0.042,0,300,0
0.0506138,6.95346,1,0.04214,0.0005,0.04214,0,301,0
0.0504737,6.97352,1,0.04228,0.0005,0.04228,0,302,0
0.0503337,6.95409,1,0.04242,0.0005,0.04242,0,303,0
0.0501937,6.9803,1,0.04256,0.0005,0.04256,0,304,0
0.0500537,6.94912,1,0.0427,0.0005,0.0427,0,305,0
0.0499137,6.93594,1,0.04284,0.0005,0.04284,0,306,0
0.0497737,6.9516,1,0.04298,0.0005,0.04298,0,307,0
0.0496337,6.97541,1,0.04312,0.0005,0.04312,0,308,0
0.0494938,6.95827,1,0.04326,0.0005,0.04326,0,309,0
0.0493538,6.94801,1,0.0434,0.0005,0.0434,0,310,0
0.0492137,6.95152,1,0.04354,0.0005,0.04354,0,311,0
0.0490737,6.95714,1,0.04368,0.0005,0.04368,0,312,0
0.0489337,6.97541,1,0.04382,0.0005,0.04382,0,313,0
0.0487938,6.96719,1,0.04396,0.0005,0.04396,0,314,0
0.0486537,6.96492,1,0.0441,0.0005,0.0441,0,315,0
0.0485137,6.95463,1,0.04424,0.0005,0.04424,0,316,0
0.0483737,6.96074,1,0.04438,0.0005,0.04438,0,317,0
0.0482337,6.95225,1,0.04452,0.0005,0.04452,0,318,0
0.0480938,6.95939,1,0.04466,0.0005,0.04466,0,319,0
0.0479537,6.9792,1,0.0448,0.0005,0.0448,0,320,0
0.0478137,6.95941,1,0.04494,0.0005,0.04494,0,321,0
0.0476738,6.94269,1,0.04508,0.0005,0.04508,0,322,0
0.0475337,6.96771,1,0.04522,0.0005,0.04522,0,323,0
0.0473937,6.98381,1,0.04536,0.0005,0.04536,0,324,0
0.0472537,6.965,1,0.0455,0.0005,0.0455,0,325,0
0.0471137,6.95546,1,0.04564,0.0005,0.04564,0,326,0
0.0469737,6.973,1,0.04578,0.0005,0.04578,0,327,0
0.0468337,6.98562,1,0.04592,0.0005,0.04592,0,328,0
0.0466937,6.96529,1,0.04606,0.0005,0.04606,0,329,0
0.0465537,6.96247,1,0.0462,0.0005,0.0462,0,330,0
0.0464138,6.96507,1,0.04634,0.0005,0.04634,0,331,0
0.0462737,6.9446,1,0.04648,0.0005,0.04648,0,332,0
0.0461337,6.96911,1,0.04662,0.0005,0.04662,0,333,0
0.0459937,6.96958,1,0.04676,0.0005,0.04676,0,334,0
0.0458537,6.98189,1,0.0469,0.0005,0.0469,0,335,0
0.0457137,6.97783,1,0.04704,0.0005,0.04704,0,336,0
0.0455737,6.95672,1,0.04718,0.0005,0.04718,0,337,0
0.0454337,6.98422,1,0.04732,0.0005,0.04732,0,338,0
0.0452937,6.96147,1,0.04746,0.0005,0.04746,0,339,0
0.0451537,6.95148,1,0.0476,0.0005,0.0476,0,340,0
0.0450137,6.96513,1,0.04774,0.0005,0.04774,0,341,0
0.0448738,6.98731,1,0.04788,0.0005,0.04788,0,342,0
0.0447337,6.95084,1,0.04802,0.0005,0.04802,0,343,0
0.0445937,6.96238,1,0.04816,0.0005,0.04816,0,344,0
0.0444537,6.96014,1,0.0483,0.0005,0.0483,0,345,0
0.0443137,6.98043,1,0.04844,0.0005,0.04844,0,346,0
0.0441737,6.9623,1,0.04858,0.0005,0.04858,0,347,0
0.0440337,6.97363,1,0.04872,0.0005,0.04872,0,348,0
0.0438938,6.97654,1,0.04886,0.0005,0.04886,0,349,0
0.0437538,6.96441,1,0.049,0.0005,0.049,0,350,0
0.0436137,6.95729,1,0.04914,0.0005,0.04914,0,351,0
0.0434737,6.97286,1,0.04928,0.0005,0.04928,0,352,0
0.0433338,6.94944,1,0.04942,0.0005,0.04942,0,353,0
0.0431938,6.96054,1,0.04956,0.0005,0.04956,0,354,0
0.0430537,6.96532,1,0.0497,0.0005,0.0497,0,355,0
0.0429137,6.97513,1,0.04984,0.0005,0.04984,0,356,0
0.0427738,6.96546,1,0.04998,0.0005,0.04998,0,357,0
0.0426338,6.97067,1,0.05012,0.0005,0.05012,0,358,0
0.0424937,6.96385,1,0.05026,0.0005,0.05026,0,359,0
0.0423537,6.95252,1,0.0504,0.0005,0.0504,0,360,0
0.0422137,6.95972,1,0.05054,0.0005,0.05054,0,361,0
0.0420737,6.97828,1,0.05068,0.0005,0.05068,0,362,0
0.0419338,6.98315,1,0.05082,0.0005,0.05082,0,363,0
0.0417937,6.97286,1,0.05096,0.0005,0.05096,0,364,0
0.0416537,6.95866,1,0.0511,0.0005,0.0511,0,365,0
0.0415138,6.97756,1,0.05124,0.0005,0.05124,0,366,0
0.0413738,6.96208,1,0.05138,0.0005,0.05138,0,367,0
0.0412338,6.96136,1,0.05152,0.0005,0.05152,0,368,0
0.0410938,6.9723,1,0.05166,0.0005,0.05166,0,369,0
0.0409537,6.96446,1,0.0518,0.0005,0.0518,0,370,0
0.0408138,6.97882,1,0.05194,0.0005,0.05194,0,371,0
0.0406738,6.9718,1,0.05208,0.0005,0.05208,0,372,0
0.0405338,6.97368,1,0.05222,0.0005,0.05222,0,373,0
0.0403938,6.95318,1,0.05236,0.0005,0.05236,0,374,0
0.0402537,6.95502,1,0.0525,0.0005,0.0525,0,375,0
0.0401137,6.98148,1,0.05264,0.0005,0.05264,0,376,0
0.0399738,6.98133,1,0.05278,0.0005,0.05278,0,377,0
0.0398337,6.96534,1,0.05292,0.0005,0.05292,0,378,0
0.0396938,6.96693,1,0.05306,0.0005,0.05306,0,379,0
0.0395538,6.96742,1,0.0532,0.0005,0.0532,0,380,0
0.0394138,6.9693,1,0.05334,0.0005,0.05334,0,381,0
0.0392737,6.96733,1,0.05348,0.0005,0.05348,0,382,0
0.0391337,6.96294,1,0.05362,0.0005,0.05362,0,383,0
0.0389938,6.96241,1,0.05376,0.0005,0.05376,0,384,0
0.0388537,6.96706,1,0.0539,0.0005,0.0539,0,385,0
0.0387138,6.97769,1,0.05404,0.0005,0.05404,0,386,0
0.0385737,6.94614,1,0.05418,0.0005,0.05418,0,387,0
0.0384337,6.96168,1,0.05432,0.0005,0.05432,0,388,0
0.0382938,6.94808,1,0.05446,0.0005,0.05446,0,389,0
0.0381537,6.97653,1,0.0546,0.0005,0.0546,0,390,0
0.0380138,6.96727,1,0.05474,0.0005,0.05474,0,391,0
0.0378737,6.98091,1,0.05488,0.0005,0.05488,0,392,0
0.0377337,6.95531,1,0.05502,0.0005,0.05502,0,393,0
0.0375937,6.95647,1,0.05516,0.0005,0.05516,0,394,0
0.0374537,6.95625,1,0.0553,0.0005,0.0553,0,395,0
0.0373137,6.9764,1,0.05544,0.0005,0.05544,0,396,0
0.0371738,6.97125,1,0.05558,0.0005,0.05558,0,397,0
0.0370337,6.9618,1,0.05572,0.0005,0.05572,0,398,0
0.0368938,6.96048,1,0.05586,0.0005,0.05586,0,399,0
0.0367537,6.97835,1,0.056,0.0005,0.056,0,400,0
0.0366138,6.95934,1,0.05614,0.0005,0.05614,0,401,0
0.0364738,6.96435,1,0.05628,0.0005,0.05628,0,402,0
0.0363338,6.96229,1,0.05642,0.0005,0.05642,0,403,0
0.0361937,6.97366,1,0.05656,0.0005,0.05656,0,404,0
0.0360538,6.96317,1,0.0567,0.0005,0.0567,0,405,0
0.0359138,6.95916,1,0.05684,0.0005,0.05684,0,406,0
0.0357737,6.98781,1,0.05698,0.0005,0.05698,0,407,0
0.0356338,6.95391,1,0.05712,0.0005,0.05712,0,408,0
0.0354938,6.96324,1,0.05726,0.0005,0.05726,0,409,0
0.0353538,6.97177,1,0.0574,0.0005,0.0574,0,410,0
0.0352138,6.94662,1,0.05754,0.0005,0.05754,0,411,0
0.0350737,6.9675,1,0.05768,0.0005,0.05768,0,412,0
0.0349337,6.97247,1,0.05782,0.0005,0.05782,0,413,0
0.0347937,6.96482,1,0.05796,0.0005,0.05796,0,414,0
0.0346537,6.9517,1,0.0581,0.0005,0.0581,0,415,0
0.0345137,6.96702,1,0.05824,0.0005,0.05824,0,416,0
0.0343737,6.97013,1,0.05838,0.0005,0.05838,0,417,0
0.0342337,6.95883,1,0.05852,0.0005,0.05852,0,418,0
0.0340938,6.96302,1,0.05866,0.0005,0.05866,0,419,0
0.0339537,6.95385,1,0.0588,0.0005,0.0588,0,420,0
0.0338137,6.97372,1,0.05894,0.0005,0.05894,0,421,0
0.0336737,6.97071,1,0.05908,0.0005,0.05908,0,422,0
0.0335338,6.97396,1,0.05922,0.0005,0.05922,0,423,0
0.0333937,6.93598,1,0.05936,0.0005,0.05936,0,424,0
0.0332538,6.98129,1,0.0595,0.0005,0.0595,0,425,0
0.0331138,6.98224,1,0.05964,0.0005,0.05964,0,426,0
0.0329738,6.96876,1,0.05978,0.0005,0.05978,0,427,0
0.0328338,6.97614,1,0.05992,0.0005,0.05992,0,428,0
0.0326938,6.96604,1,0.06006,0.0005,0.06006,0,429,0
0.0325537,6.97303,1,0.0602,0.0005,0.0602,0,430,0
0.0324138,6.95694,1,0.06034,0.0005,0.06034,0,431,0
0.0322738,6.96974,1,0.06048,0.0005,0.06048,0,432,0
0.0321338,6.95037,1,0.06062,0.0005,0.06062,0,433,0
0.0319938,6.96373,1,0.06076,0.0005,0.06076,0,434,0
0.0318538,6.98031,1,0.0609,0.0005,0.0609,0,435,0
0.0317138,6.96486,1,0.06104,0.0005,0.06104,0,436,0
0.0315738,6.96897,1,0.06118,0.0005,0.06118,0,437,0
0.0314337,6.96119,1,0.06132,0.0005,0.06132,0,438,0
0.0312938,6.95982,1,0.06146,0.0005,0.06146,0,439,0
0.0311538,6.95676,1,0.0616,0.0005,0.0616,0,440,0
0.0310137,6.95624,1,0.06174,0.0005,0.06174,0,441,0
0.0308737,6.98637,1,0.06188,0.0005,0.06188,0,442,0
0.0307338,6.96241,1,0.06202,0.0005,0.06202,0,443,0
0.0305938,6.97454,1,0.06216,0.0005,0.06216,0,444,0
0.0304537,6.9699,1,0.0623,0.0005,0.0623,0,445,0
0.0303137,6.97637,1,0.06244,0.0005,0.06244,0,446,0
0.0301738,6.96538,1,0.06258,0.0005,0.06258,0,447,0
0.0300338,6.9619,1,0.06272,0.0005,0.06272,0,448,0
0.0298938,6.97296,1,0.06286,0.0005,0.06286,0,449,0
0.0297538,6.9754,1,0.063,0.0005,0.063,0,450,0
0.0296138,6.97932,1,0.06314,0.0005,0.06314,0,451,0
0.0294738,6.97514,1,0.06328,0.0005,0.06328,0,452,0
0.0293338,6.96639,1,0.06342,0.0005,0.06342,0,453,0
0.0291938,6.96962,1,0.06356,0.0005,0.06356,0,454,0
0.0290538,6.97444,1,0.0637,0.0005,0.0637,0,455,0
0.0289138,6.99367,1,0.06384,0.0005,0.06384,0,456,0
0.0287738,6.97832,1,0.06398,0.0005,0.06398,0,457,0
0.0286337,6.97935,1,0.06412,0.0005,0.06412,0,458,0
0.0284938,6.97982,1,0.06426,0.0005,0.06426,0,459,0
0.0283537,6.97458,1,0.0644,0.0005,0.0644,0,460,0
0.0282137,6.96731,1,0.06454,0.0005,0.06454,0,461,0
0.0280737,6.97267,1,0.06468,0.0005,0.06468,0,462,0
0.0279337,6.97324,1,0.06482,0.0005,0.06482,0,463,0
0.0277938,6.9703,1,0.06496,0.0005,0.06496,0,464,0
0.0276537,6.97935,1,0.0651,0.0005,0.0651,0,465,0
0.0275137,6.98087,1,0.06524,0.0005,0.06524,0,466,0
0.0273738,6.96746,1,0.06538,0.0005,0.06538,0,467,0
0.0272338,6.97578,1,0.06552,0.0005,0.06552,0,468,0
0.0270938,6.97441,1,0.06566,0.0005,0.06566,0,469,0
0.0269537,6.97433,1,0.0658,0.0005,0.0658,0,470,0
0.0268137,6.98403,1,0.06594,0.0005,0.06594,0,471,0
0.0266738,6.98958,1,0.06608,0.0005,0.06608,0,472,0
0.0265337,6.98008,1,0.06622,0.0005,0.06622,0,473,0
0.0263937,6.99507,1,0.06636,0.0005,0.06636,0,474,0
0.0262537,6.97981,1,0.0665,0.0005,0.0665,0,475,0
0.0261138,6.98024,1,0.06664,0.0005,0.06664,0,476,0
0.0259737,6.98379,1,0.06678,0.0005,0.06678,0,477,0
0.0258337,6.97665,1,0.06692,0.0005,0.06692,0,478,0
0.0256938,6.9838,1,0.06706,0.0005,0.06706,0,479,0
0.0255538,6.98158,1,0.0672,0.0005,0.0672,0,480,0
0.0254138,6.97549,1,0.06734,0.0005,0.06734,0,481,0
0.0252737,6.97699,1,0.06748,0.0005,0.06748,0,482,0
0.0251338,6.97352,1,0.06762,0.0005,0.06762,0,483,0
0.0249938,6.97451,1,0.06776,0.0005,0.06776,0,484,0
0.0248538,6.98212,1,0.0679,0.0005,0.0679,0,485,0
0.0247137,6.99297,1,0.06804,0.0005,0.06804,0,486,0
0.0245737,6.97673,1,0.06818,0.0005,0.06818,0,487,0
0.0244337,6.97744,1,0.06832,0.0005,0.06832,0,488,0
0.0242938,6.98113,1,0.06846,0.0005,0.06846,0,489,0
0.0241538,6.97929,1,0.0686,0.0005,0.0686,0,490,0
0.0240137,6.97705,1,0.06874,0.0005,0.06874,0,491,0
0.0238737,6.97582,1,0.06888,0.0005,0.06888,0,492,0
0.0237338,6.99516,1,0.06902,0.0005,0.06902,0,493,0
0.0235938,6.98995,1,0.06916,0.0005,0.06916,0,494,0
0.0234538,6.98711,1,0.0693,0.0005,0.0693,0,495,0
0.0233138,6.98493,1,0.06944,0.0005,0.06944,0,496,0
0.0231738,6.98112,1,0.06958,0.0005,0.06958,0,497,0
0.0230337,6.97639,1,0.06972,0.0005,0.06972,0,498,0
0.0228938,6.99567,1,0.06986,0.0005,0.06986,0,499,0
0.0227538,6.99033,1,0.07,0.0005,0.07,0,500,0
0.0226138,6.98446,1,0.07014,0.0005,0.07014,0,501,0
0.0224738,6.98182,1,0.07028,0.0005,0.07028,0,502,0
0.0223338,6.99433,1,0.07042,0.0005,0.07042,0,503,0
0.0221938,6.99974,1,0.07056,0.0005,0.07056,0,504,0
0.0220537,6.99575,1,0.0707,0.0005,0.0707,0,505,0
0.0219138,6.99894,1,0.07084,0.0005,0.07084,0,506,0
0.0217738,6.98832,1,0.07098,0.0005,0.07098,0,507,0
0.0216338,6.9905,1,0.07112,0.0005,0.07112,0,508,0
0.0214938,6.99097,1,0.07126,0.0005,0.07126,0,509,0
0.0213538,6.9845,1,0.0714,0.0005,0.0714,0,510,0
0.0212138,6.99538,1,0.07154,0.0005,0.07154,0,511,0
0.0210738,7.00768,1,0.07168,0.0005,0.07168,0,512,0
0.0209338,6.99812,1,0.07182,0.0005,0.07182,0,513,0
0.0207937,6.99638,1,0.07196,0.0005,0.07196,0,514,0
0.0206537,6.98793,1,0.0721,0.0005,0.0721,0,515,0
0.0205138,7.00041,1,0.07224,0.0005,0.07224,0,516,0
0.0203738,7.01749,1,0.07238,0.0005,0.07238,0,517,0
0.0202337,7.00191,1,0.07252,0.0005,0.07252,0,518,0
0.0200938,6.9938,1,0.07266,0.0005,0.07266,0,519,0
0.0199538,6.99361,1,0.0728,0.0005,0.0728,0,520,0
0.0198138,6.99749,1,0.07294,0.0005,0.07294,0,521,0
0.0196738,7.0056,1,0.07308,0.0005,0.07308,0,522,0
0.0195337,7.00616,1,0.07322,0.0005,0.07322,0,523,0
0.0193938,7.01241,1,0.07336,0.0005,0.07336,0,524,0
0.0192538,7.0121,1,0.0735,0.0005,0.0735,0,525,0
0.0191138,7.01362,1,0.07364,0.0005,0.07364,0,526,0
0.0189738,7.01839,1,0.07378,0.0005,0.07378,0,527,0
0.0188338,7.01214,1,0.07392,0.0005,0.07392,0,528,0
0.0186938,7.01685,1,0.07406,0.0005,0.07406,0,529,0
0.0185538,7.01231,1,0.0742,0.0005,0.0742,0,530,0
0.0184137,7.01451,1,0.07434,0.0005,0.07434,0,531,0
0.0182738,7.01263,1,0.07448,0.0005,0.07448,0,532,0
0.0181337,7.01628,1,0.07462,0.0005,0.07462,0,533,0
0.0179938,6.99246,1,0.07476,0.0005,0.07476,0,534,0
0.0178537,7.01797,1,0.0749,0.0005,0.0749,0,535,0
0.0177138,7.00594,1,0.07504,0.0005,0.07504,0,536,0
0.0175738,7.03077,1,0.07518,0.0005,0.07518,0,537,0
0.0174338,7.02118,1,0.07532,0.0005,0.07532,0,538,0
0.0172937,7.01951,1,0.07546,0.0005,0.07546,0,539,0
0.0171537,7.02892,1,0.0756,0.0005,0.0756,0,540,0
0.0170138,7.01864,1,0.07574,0.0005,0.07574,0,541,0
0.0168737,7.02766,1,0.07588,0.0005,0.07588,0,542,0
0.0167338,7.02193,1,0.07602,0.0005,0.07602,0,543,0
0.0165938,7.02182,1,0.07616,0.0005,0.07616,0,544,0
0.0164538,7.01421,1,0.0763,0.0005,0.0763,0,545,0
0.0163138,7.02381,1,0.07644,0.0005,0.07644,0,546,0
0.0161738,7.01983,1,0.07658,0.0005,0.07658,0,547,0
0.0160338,7.03122,1,0.07672,0.0005,0.07672,0,548,0
0.0158937,7.023,1,0.07686,0.0005,0.07686,0,549,0
0.0157538,7.03369,1,0.077,0.0005,0.077,0,550,0
0.0156137,7.03053,1,0.07714,0.0005,0.07714,0,551,0
0.0154738,7.03493,1,0.07728,0.0005,0.07728,0,552,0
0.0153338,7.029,1,0.07742,0.0005,0.07742,0,553,0
0.0151937,7.03237,1,0.07756,0.0005,0.07756,0,554,0
0.0150538,7.03798,1,0.0777,0.0005,0.0777,0,555,0
0.0149138,7.0358,1,0.07784,0.0005,0.07784,0,556,0
0.0147738,7.04091,1,0.07798,0.0005,0.07798,0,557,0
0.0146338,7.04179,1,0.07812,0.0005,0.07812,0,558,0
0.0144938,7.04354,1,0.07826,0.0005,0.07826,0,559,0
0.0143538,7.03866,1,0.0784,0.0005,0.0784,0,560,0
0.0142138,7.042,1,0.07854,0.0005,0.07854,0,561,0
0.0140738,7.04423,1,0.07868,0.0005,0.07868,0,562,0
0.0139338,7.04875,1,0.07882,0.0005,0.07882,0,563,0
0.0137938,7.04841,1,0.07896,0.0005,0.07896,0,564,0
0.0136538,7.03797,1,0.0791,0.0005,0.0791,0,565,0
0.0135138,7.03911,1,0.07924,0.0005,0.07924,0,566,0
0.0133738,7.03898,1,0.07938,0.0005,0.07938,0,567,0
0.0132337,7.04294,1,0.07952,0.0005,0.07952,0,568,0
0.0130938,7.05222,1,0.07966,0.0005,0.07966,0,569,0
0.0129538,7.04767,1,0.0798,0.0005,0.0798,0,570,0
0.0128137,7.05612,1,0.07994,0.0005,0.07994,0,571,0
0.0126738,7.05537,1,0.08008,0.0005,0.08008,0,572,0
0.0125338,7.05753,1,0.08022,0.0005,0.08022,0,573,0
0.0123938,7.05621,1,0.08036,0.0005,0.08036,0,574,0
0.0122538,7.05449,1,0.0805,0.0005,0.0805,0,575,0
0.0121138,7.05393,1,0.08064,0.0005,0.08064,0,576,0
0.0119738,7.0599,1,0.08078,0.0005,0.08078,0,577,0
0.0118338,7.05792,1,0.08092,0.0005,0.08092,0,578,0
0.0116938,7.0555,1,0.08106,0.0005,0.08106,0,579,0
0.0115538,7.07138,1,0.0812,0.0005,0.0812,0,580,0
0.0114138,7.07463,1,0.08134,0.0005,0.08134,0,581,0
0.0112737,7.06893,1,0.08148,0.0005,0.08148,0,582,0
0.0111338,7.06644,1,0.08162,0.0005,0.08162,0,583,0
0.0109938,7.0652,1,0.08176,0.0005,0.08176,0,584,0
0.0108538,7.05574,1,0.0819,0.0005,0.0819,0,585,0
0.0107138,7.07675,1,0.08204,0.0005,0.08204,0,586,0
0.0105737,7.06961,1,0.08218,0.0005,0.08218,0,587,0
0.0104338,7.07487,1,0.08232,0.0005,0.08232,0,588,0
0.0102938,7.082,1,0.08246,0.0005,0.08246,0,589,0
0.0101538,7.06966,1,0.0826,0.0005,0.0826,0,590,0
0.0100138,7.07317,1,0.08274,0.0005,0.08274,0,591,0
0.00987382,7.07982,1,0.08288,0.0005,0.08288,0,592,0
0.00973376,7.08307,1,0.08302,0.0005,0.08302,0,593,0
0.00959381,7.08247,1,0.08316,0.0005,0.08316,0,594,0
0.00945379,7.08809,1,0.0833,0.0005,0.0833,0,595,0
0.0093138,7.08723,1,0.08344,0.0005,0.08344,0,596,0
0.0091738,7.09164,1,0.08358,0.0005,0.08358,0,597,0
0.00903377,7.09956,1,0.08372,0.0005,0.08372,0,598,0
0.00889377,7.08985,1,0.08386,0.0005,0.08386,0,599,0
0.00875379,7.09255,1,0.084,0.0005,0.084,0,600,0
0.00861379,7.09717,1,0.08414,0.0005,0.08414,0,601,0
0.00847377,7.09843,1,0.08428,0.0005,0.08428,0,602,0
0.00833374,7.09826,1,0.08442,0.0005,0.08442,0,603,0
0.00819379,7.10332,1,0.08456,0.0005,0.08456,0,604,0
0.0080538,7.10114,1,0.0847,0.0005,0.0847,0,605,0
0.00791376,7.10116,1,0.08484,0.0005,0.08484,0,606,0
0.0077738,7.10799,1,0.08498,0.0005,0.08498,0,607,0
0.00763376,7.10686,1,0.08512,0.0005,0.08512,0,608,0
0.00749377,7.10852,1,0.08526,0.0005,0.08526,0,609,0
0.00735379,7.11101,1,0.0854,0.0005,0.0854,0,610,0
0.00721378,7.11556,1,0.08554,0.0005,0.08554,0,611,0
0.00707376,7.11316,1,0.08568,0.0005,0.08568,0,612,0
0.00693381,7.11871,1,0.08582,0.0005,0.08582,0,613,0
0.0067938,7.12082,1,0.08596,0.0005,0.08596,0,614,0
0.0066538,7.1193,1,0.0861,0.0005,0.0861,0,615,0
0.00651377,7.11246,1,0.08624,0.0005,0.08624,0,616,0
0.00637377,7.11896,1,0.08638,0.0005,0.08638,0,617,0
0.00623376,7.11776,1,0.08652,0.0005,0.08652,0,618,0
0.00609378,7.13061,1,0.08666,0.0005,0.08666,0,619,0
0.00595377,7.13191,1,0.0868,0.0005,0.0868,0,620,0
0.00581379,7.1262,1,0.08694,0.0005,0.08694,0,621,0
0.00567381,7.13073,1,0.08708,0.0005,0.08708,0,622,0
0.00553381,7.13175,1,0.08722,0.0005,0.08722,0,623,0
0.0053938,7.12377,1,0.08736,0.0005,0.08736,0,624,0
0.00525381,7.13913,1,0.0875,0.0005,0.0875,0,625,0
0.00511376,7.14097,1,0.08764,0.0005,0.08764,0,626,0
0.00497376,7.14049,1,0.08778,0.0005,0.08778,0,627,0
0.00483378,7.14334,1,0.08792,0.0005,0.08792,0,628,0
0.0046938,7.13176,1,0.08806,0.0005,0.08806,0,629,0
0.00455379,7.13699,1,0.0882,0.0005,0.0882,0,630,0
0.0044138,7.12837,1,0.08834,0.0005,0.08834,0,631,0
0.0042738,7.13783,1,0.08848,0.0005,0.08848,0,632,0
0.00413382,7.147,1,0.08862,0.0005,0.08862,0,633,0
0.0039938,7.14075,1,0.08876,0.0005,0.08876,0,634,0
0.00385378,7.13625,1,0.0889,0.0005,0.0889,0,635,0
0.00371377,7.1427,1,0.08904,0.0005,0.08904,0,636,0
0.00357379,7.14262,1,0.08918,0.0005,0.08918,0,637,0
0.00343382,7.14287,1,0.08932,0.0005,0.08932,0,638,0
0.00329376,7.13623,1,0.08946,0.0005,0.08946,0,639,0
0.0031538,7.1341,1,0.0896,0.0005,0.0896,0,640,0
0.00301382,7.12344,1,0.08974,0.0005,0.08974,0,641,0
0.00287381,7.12684,1,0.08988,0.0005,0.08988,0,642,0
0.00273376,7.13155,1,0.09002,0.0005,0.09002,0,643,0
0.00259379,7.12598,1,0.09016,0.0005,0.09016,0,644,0
0.0024538,7.11407,1,0.0903,0.0005,0.0903,0,645,0
0.00231383,7.11681,1,0.09044,0.0005,0.09044,0,646,0
0.00217376,7.10071,1,0.09058,0.0005,0.09058,0,647,0
0.00203378,7.09826,1,0.09072,0.0005,0.09072,0,648,0
0.00189378,7.09066,1,0.09086,0.0005,0.09086,0,649,0
0.00175379,7.0863,1,0.091,0.0005,0.091,0,650,0
0.00161381,7.07595,1,0.09114,0.0005,0.09114,0,651,0
0.00147377,7.06891,1,0.09128,0.0005,0.09128,0,652,0
0.0013338,7.05382,1,0.09142,0.0005,0.09142,0,653,0
0.00119382,7.03817,1,0.09156,0.0005,0.09156,0,654,0
0.0010538,7.02455,1,0.0917,0.0005,0.0917,0,655,0
0.000913787,7.00939,1,0.09184,0.0005,0.09184,0,656,0
0.000773789,6.98663,1,0.09198,0.0005,0.09198,0,657,0
0.000633829,6.96254,1,0.09212,0.0005,0.09212,0,658,0
0.000493767,6.92949,1,0.09226,0.0005,0.09226,0,659,0
0.0003538,6.88955,1,0.0924,0.0005,0.0924,0,660,0
0.000213777,6.7963,1,0.09254,0.0005,0.09254,0,661,0
7.38055e-005,6.50094,1,0.09268,0.0005,0.09268,0,662,0
-6.62367e-005,6.59039,1,0.09282,0.0005,0.09282,0,663,0
-0.000206248,6.80013,1,0.09296,0.0005,0.09296,0,664,0
-0.000346239,6.93917,1,0.0931,0.0005,0.0931,0,665,0
-0.000486225,6.97852,1,0.09324,0.0005,0.09324,0,666,0
-0.000626182,7.00859,1,0.09338,0.0005,0.09338,0,667,0
-0.000766208,7.0254,1,0.09352,0.0005,0.09352,0,668,0
-0.000906212,7.03721,1,0.09366,0.0005,0.09366,0,669,0
-0.00104639,7.0423,1,0.0938,0.0005,0.0938,0,670,0
-0.00118622,7.0428,1,0.09394,0.0005,0.09394,0,671,0
-0.00132619,7.04312,1,0.09408,0.0005,0.09408,0,672,0
-0.00146617,7.04329,1,0.09422,0.0005,0.09422,0,673,0
-0.00160616,7.0432,1,0.09436,0.0005,0.09436,0,674,0
-0.0017462,7.04286,1,0.0945,0.0005,0.0945,0,675,0
-0.00188616,7.04209,1,0.09464,0.0005,0.09464,0,676,0
-0.00202616,7.041,1,0.09478,0.0005,0.09478,0,677,0
-0.00216617,7.03959,1,0.09492,0.0005,0.09492,0,678,0
-0.00230623,7.03777,1,0.09506,0.0005,0.09506,0,679,0
-0.00244625,7.03567,1,0.0952,0.0005,0.0952,0,680,0
-0.00258619,7.03336,1,0.09534,0.0005,0.09534,0,681,0
-0.00272619,7.03086,1,0.09548,0.0005,0.09548,0,682,0
-0.00286619,7.02828,1,0.09562,0.0005,0.09562,0,683,0
-0.00300617,7.02563,1,0.09576,0.0005,0.09576,0,684,0
-0.00314616,7.02302,1,0.0959,0.0005,0.0959,0,685,0
-0.00328617,7.02046,1,0.09604,0.0005,0.09604,0,686,0
-0.0034262,7.01802,1,0.09618,0.0005,0.09618,0,687,0
-0.0035662,7.01576,1,0.09632,0.0005,0.09632,0,688,0
-0.00370624,7.01359,1,0.09646,0.0005,0.09646,0,689,0
-0.00384621,7.01169,1,0.0966,0.0005,0.0966,0,690,0
-0.00398616,7.00988,1,0.09674,0.0005,0.09674,0,691,0
-0.00412619,7.00834,1,0.09688,0.0005,0.09688,0,692,0
-0.00426619,7.00691,1,0.09702,0.0005,0.09702,0,693,0
-0.00440618,7.00573,1,0.09716,0.0005,0.09716,0,694,0
-0.00454629,7.00463,1,0.0973,0.0005,0.0973,0,695,0
-0.00468617,7.00378,1,0.09744,0.0005,0.09744,0,696,0
-0.00482617,7.00302,1,0.09758,0.0005,0.09758,0,697,0
-0.00496627,7.00237,1,0.09772,0.0005,0.09772,0,698,0
-0.0051062,7.00187,1,0.09786,0.0005,0.09786,0,699,0
-0.00524618,7.00144,1,0.098,0.0005,0.098,0,700,0
-0.00538625,7.0011,1,0.09814,0.0005,0.09814,0,701,0
-0.00552624,7.00084,1,0.09828,0.0005,0.09828,0,702,0
-0.00566622,7.00062,1,0.09842,0.0005,0.09842,0,703,0
-0.00580624,7.00046,1,0.09856,0.0005,0.09856,0,704,0
-0.00594622,7.00034,1,0.0987,0.0005,0.0987,0,705,0
-0.00608621,7.00024,1,0.09884,0.0005,0.09884,0,706,0
-0.00622621,7.00017,1,0.09898,0.0005,0.09898,0,707,0
-0.00636619,7.00012,1,0.09912,0.0005,0.09912,0,708,0
-0.0065062,7.00008,1,0.09926,0.0005,0.09926,0,709,0
-0.00664621,7.00006,1,0.0994,0.0005,0.0994,0,710,0
-0.00678622,7.00004,1,0.09954,0.0005,0.09954,0,711,0
-0.00692627,7.00003,1,0.09968,0.0005,0.09968,0,712,0
-0.0070662,7.00002,1,0.09982,0.0005,0.09982,0,713,0
-0.00720604,7.00001,1,0.09996,0.0005,0.09996,0,714,0
-0.00734625,7,1,0.1001,0.0005,0.1001,0,715,0
-0.00748633,7,1,0.10024,0.0005,0.10024,0,716,0
-0.00762616,7,1,0.10038,0.0005,0.10038,0,717,0
-0.00776606,7,1,0.10052,0.0005,0.10052,0,718,0
-0.00790588,7,1,0.10066,0.0005,0.10066,0,719,0
-0.00804584,7,1,0.1008,0.0005,0.1008,0,720,0
-0.00818634,7,1,0.10094,0.0005,0.10094,0,721,0
-0.00832642,7,1,0.10108,0.0005,0.10108,0,722,0
-0.00846611,7,1,0.10122,0.0005,0.10122,0,723,0
-0.00860641,7,1,0.10136,0.0005,0.10136,0,724,0
-0.00874634,7,1,0.1015,0.0005,0.1015,0,725,0
-0.00888597,7,1,0.10164,0.0005,0.10164,0,726,0
-0.00902625,7,1,0.10178,0.0005,0.10178,0,727,0
-0.00916649,7,1,0.10192,0.0005,0.10192,0,728,0
-0.00930665,7,1,0.10206,0.0005,0.10206,0,729,0
-0.00944653,7,1,0.1022,0.0005,0.1022,0,730,0
-0.00958649,7,1,0.10234,0.0005,0.10234,0,731,0
-0.00972625,7,1,0.10248,0.0005,0.10248,0,732,0
-0.00986605,7,1,0.10262,0.0005,0.10262,0,733,0
-0.0100059,7,1,0.10276,0.0005,0.10276,0,734,0
-0.0101463,7,1,0.1029,0.0005,0.1029,0,735,0
-0.0102861,7,1,0.10304,0.0005,0.10304,0,736,0
-0.0104258,7,1,0.10318,0.0005,0.10318,0,737,0
-0.0105659,7,1,0.10332,0.0005,0.10332,0,738,0
-0.010706,7,1,0.10346,0.0005,0.10346,0,739,0
-0.0108459,7,1,0.1036,0.0005,0.1036,0,740,0
-0.0109859,7,1,0.10374,0.0005,0.10374,0,741,0
-0.0111262,7,1,0.10388,0.0005,0.10388,0,742,0
-0.011266,7,1,0.10402,0.0005,0.10402,0,743,0
-0.011406,7,1,0.10416,0.0005,0.10416,0,744,0
-0.011546,7,1,0.1043,0.0005,0.1043,0,745,0
-0.011686,7,1,0.10444,0.0005,0.10444,0,746,0
-0.0118261,7,1,0.10458,0.0005,0.10458,0,747,0
-0.0119665,7,1,0.10472,0.0005,0.10472,0,748,0
-0.0121063,7,1,0.10486,0.0005,0.10486,0,749,0
-0.0122464,7,1,0.105,0.0005,0.105,0,750,0
-0.0123861,7,1,0.10514,0.0005,0.10514,0,751,0
-0.0125259,7,1,0.10528,0.0005,0.10528,0,752,0
-0.012666,7,1,0.10542,0.0005,0.10542,0,753,0
-0.0128059,7,1,0.10556,0.0005,0.10556,0,754,0
-0.0129458,7,1,0.1057,0.0005,0.1057,0,755,0
-0.013086,7,1,0.10584,0.0005,0.10584,0,756,0
-0.013226,7,1,0.10598,0.0005,0.10598,0,757,0
-0.0133662,7,1,0.10612,0.0005,0.10612,0,758,0
-0.0135064,7,1,0.10626,0.0005,0.10626,0,759,0
-0.0136465,7,1,0.1064,0.0005,0.1064,0,760,0
-0.0137865,7,1,0.10654,0.0005,0.10654,0,761,0
-0.0139265,7,1,0.10668,0.0005,0.10668,0,762,0
-0.0140663,7,1,0.10682,0.0005,0.10682,0,763,0
-0.014206,7,1,0.10696,0.0005,0.10696,0,764,0
-0.0143459,7,1,0.1071,0.0005,0.1071,0,765,0
-0.0144863,7,1,0.10724,0.0005,0.10724,0,766,0
-0.0146262,7,1,0.10738,0.0005,0.10738,0,767,0
-0.0147663,7,1,0.10752,0.0005,0.10752,0,768,0
-0.0149062,7,1,0.10766,0.0005,0.10766,0,769,0
-0.0150462,7,1,0.1078,0.0005,0.1078,0,770,0
-0.0151864,7,1,0.10794,0.0005,0.10794,0,771,0
-0.0153262,7,1,0.10808,0.0005,0.10808,0,772,0
-0.0154661,7,1,0.10822,0.0005,0.10822,0,773,0
-0.0156061,7,1,0.10836,0.0005,0.10836,0,774,0
-0.0157461,7,1,0.1085,0.0005,0.1085,0,775,0
-0.0158863,7,1,0.10864,0.0005,0.10864,0,776,0
-0.0160265,7,1,0.10878,0.0005,0.10878,0,777,0
-0.0161664,7,1,0.10892,0.0005,0.10892,0,778,0
-0.0163064,7,1,0.10906,0.0005,0.10906,0,779,0
-0.0164462,7,1,0.1092,0.0005,0.1092,0,780,0
-0.0165859,7,1,0.10934,0.0005,0.10934,0,781,0
-0.0167262,7,1,0.10948,0.0005,0.10948,0,782,0
-0.0168666,7,1,0.10962,0.0005,0.10962,0,783,0
-0.0170064,7,1,0.10976,0.0005,0.10976,0,784,0
-0.0171462,7,1,0.1099,0.0005,0.1099,0,785,0
-0.0172864,7,1,0.11004,0.0005,0.11004,0,786,0
-0.0174264,7,1,0.11018,0.0005,0.11018,0,787,0
-0.0175666,7,1,0.11032,0.0005,0.11032,0,788,0
-0.0177065,7,1,0.11046,0.0005,0.11046,0,789,0
-0.0178466,7,1,0.1106,0.0005,0.1106,0,790,0
-0.0179867,7,1,0.11074,0.0005,0.11074,0,791,0
-0.0181266,7,1,0.11088,0.0005,0.11088,0,792,0
-0.018266,7,1,0.11102,0.0005,0.11102,0,793,0
-0.0184061,7,1,0.11116,0.0005,0.11116,0,794,0
-0.0185465,7,1,0.1113,0.0005,0.1113,0,795,0
-0.0186863,7,1,0.11144,0.0005,0.11144,0,796,0
-0.0188261,7,1,0.11158,0.0005,0.11158,0,797,0
-0.018966,7,1,0.11172,0.0005,0.11172,0,798,0
-0.0191059,7,1,0.11186,0.0005,0.11186,0,799,0
-0.0192462,7,1,0.112,0.0005,0.112,0,800,0
-0.019386,7,1,0.11214,0.0005,0.11214,0,801,0
-0.0195261,7,1,0.11228,0.0005,0.11228,0,802,0
-0.0196663,7,1,0.11242,0.0005,0.11242,0,803,0
-0.0198064,7,1,0.11256,0.0005,0.11256,0,804,0
-0.0199461,7,1,0.1127,0.0005,0.1127,0,805,0
-0.0200861,7,1,0.11284,0.0005,0.11284,0,806,0
-0.0202266,7,1,0.11298,0.0005,0.11298,0,807,0
-0.0203664,7,1,0.11312,0.0005,0.11312,0,808,0
-0.0205061,7,1,0.11326,0.0005,0.11326,0,809,0
-0.0206459,7,1,0.1134,0.0005,0.1134,0,810,0
-0.020786,7,1,0.11354,0.0005,0.11354,0,811,0
-0.0209259,7,1,0.11368,0.0005,0.11368,0,812,0
-0.0210658,7,1,0.11382,0.0005,0.11382,0,813,0
-0.0212059,7,1,0.11396,0.0005,0.11396,0,814,0
-0.0213462,7,1,0.1141,0.0005,0.1141,0,815,0
-0.0214866,7,1,0.11424,0.0005,0.11424,0,816,0
-0.0216262,7,1,0.11438,0.0005,0.11438,0,817,0
-0.0217663,7,1,0.11452,0.0005,0.11452,0,818,0
-0.0219065,7,1,0.11466,0.0005,0.11466,0,819,0
-0.0220461,7,1,0.1148,0.0005,0.1148,0,820,0
-0.0221861,7,1,0.11494,0.0005,0.11494,0,821,0
-0.0223263,7,1,0.11508,0.0005,0.11508,0,822,0
-0.0224662,7,1,0.11522,0.0005,0.11522,0,823,0
-0.0226061,7,1,0.11536,0.0005,0.11536,0,824,0
-0.022746,7,1,0.1155,0.0005,0.1155,0,825,0
-0.022886,7,1,0.11564,0.0005,0.11564,0,826,0
-0.0230263,7,1,0.11578,0.0005,0.11578,0,827,0
-0.0231664,7,1,0.11592,0.0005,0.11592,0,828,0
-0.0233063,7,1,0.11606,0.0005,0.11606,0,829,0
-0.0234464,7,1,0.1162,0.0005,0.1162,0,830,0
-0.0235864,7,1,0.11634,0.0005,0.11634,0,831,0
-0.0237265,7,1,0.11648,0.0005,0.11648,0,832,0
-0.0238666,7,1,0.11662,0.0005,0.11662,0,833,0
-0.0240064,7,1,0.11676,0.0005,0.11676,0,834,0
-0.0241461,7,1,0.1169,0.0005,0.1169,0,835,0
-0.0242862,7,1,0.11704,0.0005,0.11704,0,836,0
-0.0244261,7,1,0.11718,0.0005,0.11718,0,837,0
-0.0245659,7,1,0.11732,0.0005,0.11732,0,838,0
-0.0247059,7,1,0.11746,0.0005,0.11746,0,839,0
-0.024846,7,1,0.1176,0.0005,0.1176,0,840,0
-0.0249861,7,1,0.11774,0.0005,0.11774,0,841,0
-0.0251262,7,1,0.11788,0.0005,0.11788,0,842,0
-0.0252662,7,1,0.11802,0.0005,0.11802,0,843,0
-0.0254062,7,1,0.11816,0.0005,0.11816,0,844,0
-0.0255463,7,1,0.1183,0.0005,0.1183,0,845,0
-0.0256862,7,1,0.11844,0.0005,0.11844,0,846,0
-0.0258262,7,1,0.11858,0.0005,0.11858,0,847,0
-0.0259663,7,1,0.11872,0.0005,0.11872,0,848,0
-0.0261063,7,1,0.11886,0.0005,0.11886,0,849,0
-0.0262463,7,1,0.119,0.0005,0.119,0,850,0
-0.0263862,7,1,0.11914,0.0005,0.11914,0,851,0
-0.0265263,7,1,0.11928,0.0005,0.11928,0,852,0
-0.0266664,7,1,0.11942,0.0005,0.11942,0,853,0
-0.0268063,7,1,0.11956,0.0005,0.11956,0,854,0
-0.0269462,7,1,0.1197,0.0005,0.1197,0,855,0
-0.0270863,7,1,0.11984,0.0005,0.11984,0,856,0
-0.0272261,7,1,0.11998,0.0005,0.11998,0,857,0
-0.027366,7,1,0.12012,0.0005,0.12012,0,858,0
-0.0275062,7,1,0.12026,0.0005,0.12026,0,859,0
-0.0276466,7,1,0.1204,0.0005,0.1204,0,860,0
-0.027786,7,1,0.12054,0.0005,0.12054,0,861,0
-0.0279258,7,1,0.12068,0.0005,0.12068,0,862,0
-0.0280659,7,1,0.12082,0.0005,0.12082,0,863,0
-0.0282062,7,1,0.12096,0.0005,0.12096,0,864,0
-0.0283463,7,1,0.1211,0.0005,0.1211,0,865,0
-0.0284861,7,1,0.12124,0.0005,0.12124,0,866,0
-0.028626,7,1,0.12138,0.0005,0.12138,0,867,0
-0.0287658,7,1,0.12152,0.0005,0.12152,0,868,0
-0.0289059,7,1,0.12166,0.0005,0.12166,0,869,0
-0.0290461,7,1,0.1218,0.0005,0.1218,0,870,0
-0.0291863,7,1,0.12194,0.0005,0.12194,0,871,0
-0.0293263,7,1,0.12208,0.0005,0.12208,0,872,0
-0.0294663,7,1,0.12222,0.0005,0.12222,0,873,0
-0.0296062,7,1,0.12236,0.0005,0.12236,0,874,0
-0.0297462,7,1,0.1225,0.0005,0.1225,0,875,0
-0.0298864,7,1,0.12264,0.0005,0.12264,0,876,0
-0.0300264,7,1,0.12278,0.0005,0.12278,0,877,0
-0.0301662,7,1,0.12292,0.0005,0.12292,0,878,0
-0.030306,7,1,0.12306,0.0005,0.12306,0,879,0
-0.0304461,7,1,0.1232,0.0005,0.1232,0,880,0
-0.0305863,7,1,0.12334,0.0005,0.12334,0,881,0
-0.0307262,7,1,0.12348,0.0005,0.12348,0,882,0
-0.0308663,7,1,0.12362,0.0005,0.12362,0,883,0
-0.0310064,7,1,0.12376,0.0005,0.12376,0,884,0
-0.0311464,7,1,0.1239,0.0005,0.1239,0,885,0
-0.0312861,7,1,0.12404,0.0005,0.12404,0,886,0
-0.0314264,7,1,0.12418,0.0005,0.12418,0,887,0
-0.0315665,7,1,0.12432,0.0005,0.12432,0,888,0
-0.0317062,7,1,0.12446,0.0005,0.12446,0,889,0
-0.0318462,7,1,0.1246,0.0005,0.1246,0,890,0
-0.0319863,7,1,0.12474,0.0005,0.12474,0,891,0
-0.0321264,7,1,0.12488,0.0005,0.12488,0,892,0
-0.0322663,7,1,0.12502,0.0005,0.12502,0,893,0
-0.0324063,7,1,0.12516,0.0005,0.12516,0,894,0
-0.0325466,7,1,0.1253,0.0005,0.1253,0,895,0
-0.0326862,7,1,0.12544,0.0005,0.12544,0,896,0
-0.0328259,7,1,0.12558,0.0005,0.12558,0,897,0
-0.0329661,7,1,0.12572,0.0005,0.12572,0,898,0
-0.033106,7,1,0.12586,0.0005,0.12586,0,899,0
-0.033246,7,1,0.126,0.0005,0.126,0,900,0
-0.0333862,7,1,0.12614,0.0005,0.12614,0,901,0
-0.0335262,7,1,0.12628,0.0005,0.12628,0,902,0
-0.0336663,7,1,0.12642,0.0005,0.12642,0,903,0
-0.0338067,7,1,0.12656,0.0005,0.12656,0,904,0
-0.0339465,7,1,0.1267,0.0005,0.1267,0,905,0
-0.0340862,7,1,0.12684,0.0005,0.12684,0,906,0
-0.0342264,7,1,0.12698,0.0005,0.12698,0,907,0
-0.0343664,7,1,0.12712,0.0005,0.12712,0,908,0
-0.0345061,7,1,0.12726,0.0005,0.12726,0,909,0
-0.0346458,7,1,0.1274,0.0005,0.1274,0,910,0
-0.0347857,7,1,0.12754,0.0005,0.12754,0,911,0
-0.0349261,7,1,0.12768,0.0005,0.12768,0,912,0
-0.0350662,7,1,0.12782,0.0005,0.12782,0,913,0
-0.0352062,7,1,0.12796,0.0005,0.12796,0,914,0
-0.0353462,7,1,0.1281,0.0005,0.1281,0,915,0
-0.0354863,7,1,0.12824,0.0005,0.12824,0,916,0
-0.0356264,7,1,0.12838,0.0005,0.12838,0,917,0
-0.0357662,7,1,0.12852,0.0005,0.12852,0,918,0
-0.0359063,7,1,0.12866,0.0005,0.12866,0,919,0
-0.0360465,7,1,0.1288,0.0005,0.1288,0,920,0
-0.0361863,7,1,0.12894,0.0005,0.12894,0,921,0
-0.036326,7,1,0.12908,0.0005,0.12908,0,922,0
-0.0364659,7,1,0.12922,0.0005,0.12922,0,923,0
-0.036606,7,1,0.12936,0.0005,0.12936,0,924,0
-0.036746,7,1,0.1295,0.0005,0.1295,0,925,0
-0.036886,7,1,0.12964,0.0005,0.12964,0,926,0
-0.037026,7,1,0.12978,0.0005,0.12978,0,927,0
-0.0371662,7,1,0.12992,0.0005,0.12992,0,928,0
-0.0373062,7,1,0.13006,0.0005,0.13006,0,929,0
-0.0374461,7,1,0.1302,0.0005,0.1302,0,930,0
-0.0375861,7,1,0.13034,0.0005,0.13034,0,931,0
-0.0377258,7,1,0.13048,0.0005,0.13048,0,932,0
-0.0378662,7,1,0.13062,0.0005,0.13062,0,933,0
-0.0380061,7,1,0.13076,0.0005,0.13076,0,934,0
-0.038146,7,1,0.1309,0.0005,0.1309,0,935,0
-0.0382863,7,1,0.13104,0.0005,0.13104,0,936,0
-0.0384262,7,1,0.13118,0.0005,0.13118,0,937,0
-0.0385663,7,1,0.13132,0.0005,0.13132,0,938,0
-0.0387064,7,1,0.13146,0.0005,0.13146,0,939,0
-0.0388464,7,1,0.1316,0.0005,0.1316,0,940,0
-0.0389864,7,1,0.13174,0.0005,0.13174,0,941,0
-0.0391265,7,1,0.13188,0.0005,0.13188,0,942,0
-0.0392663,7,1,0.13202,0.0005,0.13202,0,943,0
-0.0394065,7,1,0.13216,0.0005,0.13216,0,944,0
-0.0395462,7,1,0.1323,0.0005,0.1323,0,945,0
-0.0396862,7,1,0.13244,0.0005,0.13244,0,946,0
-0.0398265,7,1,0.13258,0.0005,0.13258,0,947,0
-0.0399661,7,1,0.13272,0.0005,0.13272,0,948,0
-0.0401062,7,1,0.13286,0.0005,0.13286,0,949,0
-0.0402462,7,1,0.133,0.0005,0.133,0,950,0
-0.0403861,7,1,0.13314,0.0005,0.13314,0,951,0
-0.0405263,7,1,0.13328,0.0005,0.13328,0,952,0
-0.0406663,7,1,0.13342,0.0005,0.13342,0,953,0
-0.0408062,7,1,0.13356,0.0005,0.13356,0,954,0
-0.0409461,7,1,0.1337,0.0005,0.1337,0,955,0
-0.0410859,7,1,0.13384,0.0005,0.13384,0,956,0
-0.041226,7,1,0.13398,0.0005,0.13398,0,957,0
-0.0413663,7,1,0.13412,0.0005,0.13412,0,958,0
-0.0415064,7,1,0.13426,0.0005,0.13426,0,959,0
-0.0416462,7,1,0.1344,0.0005,0.1344,0,960,0
-0.0417862,7,1,0.13454,0.0005,0.13454,0,961,0
-0.0419262,7,1,0.13468,0.0005,0.13468,0,962,0
-0.0420663,7,1,0.13482,0.0005,0.13482,0,963,0
-0.0422065,7,1,0.13496,0.0005,0.13496,0,964,0
-0.0423466,7,1,0.1351,0.0005,0.1351,0,965,0
-0.0424864,7,1,0.13524,0.0005,0.13524,0,966,0
-0.0426261,7,1,0.13538,0.0005,0.13538,0,967,0
-0.0427658,7,1,0.13552,0.0005,0.13552,0,968,0
-0.042906,7,1,0.13566,0.0005,0.13566,0,969,0
-0.0430461,7,1,0.1358,0.0005,0.1358,0,970,0
-0.043186,7,1,0.13594,0.0005,0.13594,0,971,0
-0.0433262,7,1,0.13608,0.0005,0.13608,0,972,0
-0.0434663,7,1,0.13622,0.0005,0.13622,0,973,0
-0.0436064,7,1,0.13636,0.0005,0.13636,0,974,0
-0.0437461,7,1,0.1365,0.0005,0.1365,0,975,0
-0.0438862,7,1,0.13664,0.0005,0.13664,0,976,0
-0.0440263,7,1,0.13678,0.0005,0.13678,0,977,0
-0.0441663,7,1,0.13692,0.0005,0.13692,0,978,0
-0.0443062,7,1,0.13706,0.0005,0.13706,0,979,0
-0.0444462,7,1,0.1372,0.0005,0.1372,0,980,0
-0.0445861,7,1,0.13734,0.0005,0.13734,0,981,0
-0.044726,7,1,0.13748,0.0005,0.13748,0,982,0
-0.0448659,7,1,0.13762,0.0005,0.13762,0,983,0
-0.0450059,7,1,0.13776,0.0005,0.13776,0,984,0
-0.0451463,7,1,0.1379,0.0005,0.1379,0,985,0
-0.0452864,7,1,0.13804,0.0005,0.13804,0,986,0
-0.0454263,7,1,0.13818,0.0005,0.13818,0,987,0
-0.0455662,7,1,0.13832,0.0005,0.13832,0,988,0
-0.0457064,7,1,0.13846,0.0005,0.13846,0,989,0
-0.0458465,7,1,0.1386,0.0005,0.1386,0,990,0
-0.0459864,7,1,0.13874,0.0005,0.13874,0,991,0
-0.0461261,7,1,0.13888,0.0005,0.13888,0,992,0
-0.0462658,7,1,0.13902,0.0005,0.13902,0,993,0
-0.0464061,7,1,0.13916,0.0005,0.13916,0,994,0
-0.0465464,7,1,0.1393,0.0005,0.1393,0,995,0
-0.0466865,7,1,0.13944,0.0005,0.13944,0,996,0
-0.0468264,7,1,0.13958,0.0005,0.13958,0,997,0
-0.0469664,7,1,0.13972,0.0005,0.13972,0,998,0
-0.0471063,7,1,0.13986,0.0005,0.13986,0,999,0
-0.0472461,7,1,0.14,0.0005,0.14,0,1000,0
